split,n_valid_pixels,n_loss_valid_pixels,pred_inc_surface_mean,pred_inc_surface_std,pred_inc_surface_min,pred_inc_surface_p50,pred_inc_surface_p99,pred_inc_surface_max,true_inc_surface_mean,true_inc_surface_std,true_inc_surface_p50,true_inc_surface_p99,pred_inc_rootzone_mean,pred_inc_rootzone_std,true_inc_rootzone_mean,true_inc_rootzone_std,pred_true_std_ratio_surface,pred_true_std_ratio_rootzone,pred_true_abs_ratio_surface,pred_true_abs_ratio_rootzone,loss_mask_std_ratio_surface,skill_surface,skill_rootzone,forecast_rmse_surface,forecast_rmse_rootzone,pred_rmse_surface,pred_rmse_rootzone,pred_inc_exploded,pred_near_constant
source_train,344250,344250,-0.056201356821654926,0.07116774284953162,-0.3985676169395447,-0.039429664611816406,0.033475288152694814,0.13397744297981262,-0.0005351739610986988,0.010436767318495462,0.0,0.0338028481602669,-0.012163721685221361,0.05603687508028513,-6.811553738150981e-06,0.0010747343567136685,6.818945050486282,52.140210025140675,14.925660326607806,75.63944310611701,6.818945050486282,-7.641353157732079,-52.35737775006531,0.010450479571180137,0.001074755941953833,0.09030628464223206,0.057346158783957935,False,False
source_val,344250,344250,-0.07266530219959494,0.06705342921427966,-0.391959011554718,-0.057547250762581825,0.009649325013160764,0.12030375748872757,0.00036980379732648965,0.004864931821471789,0.0,0.016734554171562235,-0.010920263522966734,0.05450695107720289,3.9183646132094146e-05,0.0004487573530147473,13.78301519423842,121.46196761128425,75.02296681888797,273.92347771133933,13.78301519423842,-19.274524332779198,-122.39877614624217,0.004878966744685367,0.0004504647822072306,0.09891872998394399,0.05558680282135578,True,False
target_query,44850,44850,-0.042361166550214074,0.028021227146538784,-0.2679421007633209,-0.042891811579465866,0.04625009432435036,0.10916376858949661,0.001005456373760001,0.005713405472076242,0.0,0.029863315969705678,0.010679522042952834,0.006583000652375011,0.00019786351469398342,0.0010814216153931704,4.904470246946418,6.087358120710063,29.573944231950005,46.56141246175141,4.904470246946418,-7.746373705022014,-10.257155572552197,0.0058012019968180185,0.0010993737675088623,0.05073948060249032,0.012375821533230092,False,False
