target_region_id,source_domain,target_domain
US-R1,0.0008902323913066602,
US-R2,,0.000656085634084874
US-R3,0.0009505017261219759,
US-R4,0.0007909343717643707,
US-R5,0.0009563551891721067,
US-R6,0.0008705948383889819,
