{
  "US-R1": {
    "region_name": "Southwest Desert / Four Corners",
    "regime": "dryland_sparse_vegetation",
    "pixel_count": 4485,
    "fraction_of_grid": 0.027374,
    "lat_min": 31.500932693481445,
    "lat_max": 36.945281982421875,
    "lon_min": -115.44087219238281,
    "lon_max": -109.09232330322266,
    "bbox_spec": {
      "lat_min": 31.5,
      "lat_max": 37.0,
      "lon_min": -115.5,
      "lon_max": -109.0
    },
    "quality_flag": "ok"
  },
  "US-R2": {
    "region_name": "Southern Great Plains",
    "regime": "semi_arid_transition",
    "pixel_count": 6075,
    "fraction_of_grid": 0.037079,
    "lat_min": 32.080291748046875,
    "lat_max": 38.454864501953125,
    "lon_min": -103.49066925048828,
    "lon_max": -96.02178955078125,
    "bbox_spec": {
      "lat_min": 32.0,
      "lat_max": 38.5,
      "lon_min": -103.5,
      "lon_max": -96.0
    },
    "quality_flag": "ok"
  },
  "US-R3": {
    "region_name": "California Central Valley",
    "regime": "irrigated_managed_agriculture",
    "pixel_count": 2666,
    "fraction_of_grid": 0.016272,
    "lat_min": 35.03415298461914,
    "lat_max": 40.45602035522461,
    "lon_min": -122.44294738769531,
    "lon_max": -118.52178955078125,
    "bbox_spec": {
      "lat_min": 35.0,
      "lat_max": 40.5,
      "lon_min": -122.5,
      "lon_max": -118.5
    },
    "quality_flag": "ok"
  },
  "US-R4": {
    "region_name": "Corn Belt",
    "regime": "rainfed_agriculture",
    "pixel_count": 8064,
    "fraction_of_grid": 0.049219,
    "lat_min": 39.08550262451172,
    "lat_max": 44.945247650146484,
    "lon_min": -95.92842864990234,
    "lon_max": -84.07157897949219,
    "bbox_spec": {
      "lat_min": 39.0,
      "lat_max": 45.0,
      "lon_min": -96.0,
      "lon_max": -84.0
    },
    "quality_flag": "ok"
  },
  "US-R5": {
    "region_name": "Southeast US",
    "regime": "humid_high_vegetation",
    "pixel_count": 11620,
    "fraction_of_grid": 0.070923,
    "lat_min": 29.54039764404297,
    "lat_max": 36.41951370239258,
    "lon_min": -90.98029327392578,
    "lon_max": -78.00311279296875,
    "bbox_spec": {
      "lat_min": 29.5,
      "lat_max": 36.5,
      "lon_min": -91.0,
      "lon_max": -78.0
    },
    "quality_flag": "ok"
  },
  "US-R6": {
    "region_name": "Central Rockies",
    "regime": "mountain_cold_terrain_stress",
    "pixel_count": 6000,
    "fraction_of_grid": 0.036621,
    "lat_min": 38.00770950317383,
    "lat_max": 44.945247650146484,
    "lon_min": -112.45332336425781,
    "lon_max": -105.07780456542969,
    "bbox_spec": {
      "lat_min": 38.0,
      "lat_max": 45.0,
      "lon_min": -112.5,
      "lon_max": -105.0
    },
    "quality_flag": "ok"
  }
}