experiment_id,run_id,method,query_date,query_time_index,month,season,support_dates_hash,split_file,mask_file,country_id,target_region_id,sample_region_id,active_region_ids,split_role,K,seed,variable,metric,value,n_valid_pixels,n_time_steps,mask_fraction,protocol_freeze_id
forecast_only_latw_audit_US-R1,forecast_only_latw_audit_US-R1_forecast_only_9762,forecast_only,2022-01-17,9762,1,DJF,,artifacts/splits/US_loro_kdate_splits.json,artifacts/regions/US_region_masks.nc,US,US-R1,US-R5,US-R1,target_context,12,0,surface,analysis_rmse,0.0053937865824880485,4485,1,0.027374267578125,hyperda_v4_final_2015_2025_context2022_query2023_2025_k0_4_12
forecast_only_latw_audit_US-R1,forecast_only_latw_audit_US-R1_forecast_only_9762,forecast_only,2022-01-17,9762,1,DJF,,artifacts/splits/US_loro_kdate_splits.json,artifacts/regions/US_region_masks.nc,US,US-R1,US-R5,US-R1,target_context,12,0,surface,analysis_mae,0.0034112401277557798,4485,1,0.027374267578125,hyperda_v4_final_2015_2025_context2022_query2023_2025_k0_4_12
forecast_only_latw_audit_US-R1,forecast_only_latw_audit_US-R1_forecast_only_9762,forecast_only,2022-01-17,9762,1,DJF,,artifacts/splits/US_loro_kdate_splits.json,artifacts/regions/US_region_masks.nc,US,US-R1,US-R5,US-R1,target_context,12,0,surface,analysis_skill_vs_forecast,0.0,4485,1,0.027374267578125,hyperda_v4_final_2015_2025_context2022_query2023_2025_k0_4_12
forecast_only_latw_audit_US-R1,forecast_only_latw_audit_US-R1_forecast_only_9762,forecast_only,2022-01-17,9762,1,DJF,,artifacts/splits/US_loro_kdate_splits.json,artifacts/regions/US_region_masks.nc,US,US-R1,US-R5,US-R1,target_context,12,0,surface,increment_rmse,0.0053937865824880485,4485,1,0.027374267578125,hyperda_v4_final_2015_2025_context2022_query2023_2025_k0_4_12
forecast_only_latw_audit_US-R1,forecast_only_latw_audit_US-R1_forecast_only_9762,forecast_only,2022-01-17,9762,1,DJF,,artifacts/splits/US_loro_kdate_splits.json,artifacts/regions/US_region_masks.nc,US,US-R1,US-R5,US-R1,target_context,12,0,surface,increment_mae,0.0034112401277557798,4485,1,0.027374267578125,hyperda_v4_final_2015_2025_context2022_query2023_2025_k0_4_12
forecast_only_latw_audit_US-R1,forecast_only_latw_audit_US-R1_forecast_only_9762,forecast_only,2022-01-17,9762,1,DJF,,artifacts/splits/US_loro_kdate_splits.json,artifacts/regions/US_region_masks.nc,US,US-R1,US-R5,US-R1,target_context,12,0,surface,increment_bias,0.00198613993424835,4485,1,0.027374267578125,hyperda_v4_final_2015_2025_context2022_query2023_2025_k0_4_12
forecast_only_latw_audit_US-R1,forecast_only_latw_audit_US-R1_forecast_only_9762,forecast_only,2022-01-17,9762,1,DJF,,artifacts/splits/US_loro_kdate_splits.json,artifacts/regions/US_region_masks.nc,US,US-R1,US-R5,US-R1,target_context,12,0,surface,increment_corr,,4485,1,0.027374267578125,hyperda_v4_final_2015_2025_context2022_query2023_2025_k0_4_12
forecast_only_latw_audit_US-R1,forecast_only_latw_audit_US-R1_forecast_only_9762,forecast_only,2022-01-17,9762,1,DJF,,artifacts/splits/US_loro_kdate_splits.json,artifacts/regions/US_region_masks.nc,US,US-R1,US-R5,US-R1,target_context,12,0,surface,sign_accuracy_deadzone,0.0,4485,1,0.027374267578125,hyperda_v4_final_2015_2025_context2022_query2023_2025_k0_4_12
forecast_only_latw_audit_US-R1,forecast_only_latw_audit_US-R1_forecast_only_9762,forecast_only,2022-01-17,9762,1,DJF,,artifacts/splits/US_loro_kdate_splits.json,artifacts/regions/US_region_masks.nc,US,US-R1,US-R5,US-R1,target_context,12,0,surface,high_update_increment_skill,0.0,4485,1,0.027374267578125,hyperda_v4_final_2015_2025_context2022_query2023_2025_k0_4_12
forecast_only_latw_audit_US-R1,forecast_only_latw_audit_US-R1_forecast_only_9762,forecast_only,2022-01-17,9762,1,DJF,,artifacts/splits/US_loro_kdate_splits.json,artifacts/regions/US_region_masks.nc,US,US-R1,US-R5,US-R1,target_context,12,0,surface,analysis_mse_latw,2.9253817238182345e-05,4485,1,0.027374267578125,hyperda_v4_final_2015_2025_context2022_query2023_2025_k0_4_12
forecast_only_latw_audit_US-R1,forecast_only_latw_audit_US-R1_forecast_only_9762,forecast_only,2022-01-17,9762,1,DJF,,artifacts/splits/US_loro_kdate_splits.json,artifacts/regions/US_region_masks.nc,US,US-R1,US-R5,US-R1,target_context,12,0,surface,analysis_rmse_latw,0.005408679805477705,4485,1,0.027374267578125,hyperda_v4_final_2015_2025_context2022_query2023_2025_k0_4_12
forecast_only_latw_audit_US-R1,forecast_only_latw_audit_US-R1_forecast_only_9762,forecast_only,2022-01-17,9762,1,DJF,,artifacts/splits/US_loro_kdate_splits.json,artifacts/regions/US_region_masks.nc,US,US-R1,US-R5,US-R1,target_context,12,0,surface,analysis_rmse_sqrt_before_time_avg_latw,0.005408679805477705,4485,1,0.027374267578125,hyperda_v4_final_2015_2025_context2022_query2023_2025_k0_4_12
forecast_only_latw_audit_US-R1,forecast_only_latw_audit_US-R1_forecast_only_9762,forecast_only,2022-01-17,9762,1,DJF,,artifacts/splits/US_loro_kdate_splits.json,artifacts/regions/US_region_masks.nc,US,US-R1,US-R5,US-R1,target_context,12,0,surface,analysis_skill_vs_forecast_latw,0.0,4485,1,0.027374267578125,hyperda_v4_final_2015_2025_context2022_query2023_2025_k0_4_12
forecast_only_latw_audit_US-R1,forecast_only_latw_audit_US-R1_forecast_only_9762,forecast_only,2022-01-17,9762,1,DJF,,artifacts/splits/US_loro_kdate_splits.json,artifacts/regions/US_region_masks.nc,US,US-R1,US-R5,US-R1,target_context,12,0,surface,increment_mse_latw,2.9253817238182345e-05,4485,1,0.027374267578125,hyperda_v4_final_2015_2025_context2022_query2023_2025_k0_4_12
forecast_only_latw_audit_US-R1,forecast_only_latw_audit_US-R1_forecast_only_9762,forecast_only,2022-01-17,9762,1,DJF,,artifacts/splits/US_loro_kdate_splits.json,artifacts/regions/US_region_masks.nc,US,US-R1,US-R5,US-R1,target_context,12,0,surface,increment_rmse_latw,0.005408679805477705,4485,1,0.027374267578125,hyperda_v4_final_2015_2025_context2022_query2023_2025_k0_4_12
forecast_only_latw_audit_US-R1,forecast_only_latw_audit_US-R1_forecast_only_9762,forecast_only,2022-01-17,9762,1,DJF,,artifacts/splits/US_loro_kdate_splits.json,artifacts/regions/US_region_masks.nc,US,US-R1,US-R5,US-R1,target_context,12,0,surface,increment_rmse_sqrt_before_time_avg_latw,0.005408679805477705,4485,1,0.027374267578125,hyperda_v4_final_2015_2025_context2022_query2023_2025_k0_4_12
forecast_only_latw_audit_US-R1,forecast_only_latw_audit_US-R1_forecast_only_9762,forecast_only,2022-01-17,9762,1,DJF,,artifacts/splits/US_loro_kdate_splits.json,artifacts/regions/US_region_masks.nc,US,US-R1,US-R5,US-R1,target_context,12,0,surface,increment_mae_latw,0.0034270306580091265,4485,1,0.027374267578125,hyperda_v4_final_2015_2025_context2022_query2023_2025_k0_4_12
forecast_only_latw_audit_US-R1,forecast_only_latw_audit_US-R1_forecast_only_9762,forecast_only,2022-01-17,9762,1,DJF,,artifacts/splits/US_loro_kdate_splits.json,artifacts/regions/US_region_masks.nc,US,US-R1,US-R5,US-R1,target_context,12,0,surface,increment_bias_latw,0.0020174956497271256,4485,1,0.027374267578125,hyperda_v4_final_2015_2025_context2022_query2023_2025_k0_4_12
forecast_only_latw_audit_US-R1,forecast_only_latw_audit_US-R1_forecast_only_9762,forecast_only,2022-01-17,9762,1,DJF,,artifacts/splits/US_loro_kdate_splits.json,artifacts/regions/US_region_masks.nc,US,US-R1,US-R5,US-R1,target_context,12,0,surface,increment_corr_latw,,4485,1,0.027374267578125,hyperda_v4_final_2015_2025_context2022_query2023_2025_k0_4_12
forecast_only_latw_audit_US-R1,forecast_only_latw_audit_US-R1_forecast_only_9762,forecast_only,2022-01-17,9762,1,DJF,,artifacts/splits/US_loro_kdate_splits.json,artifacts/regions/US_region_masks.nc,US,US-R1,US-R5,US-R1,target_context,12,0,rootzone,analysis_rmse,0.0002979639844826149,4485,1,0.027374267578125,hyperda_v4_final_2015_2025_context2022_query2023_2025_k0_4_12
forecast_only_latw_audit_US-R1,forecast_only_latw_audit_US-R1_forecast_only_9762,forecast_only,2022-01-17,9762,1,DJF,,artifacts/splits/US_loro_kdate_splits.json,artifacts/regions/US_region_masks.nc,US,US-R1,US-R5,US-R1,target_context,12,0,rootzone,analysis_mae,0.00018223243741652905,4485,1,0.027374267578125,hyperda_v4_final_2015_2025_context2022_query2023_2025_k0_4_12
forecast_only_latw_audit_US-R1,forecast_only_latw_audit_US-R1_forecast_only_9762,forecast_only,2022-01-17,9762,1,DJF,,artifacts/splits/US_loro_kdate_splits.json,artifacts/regions/US_region_masks.nc,US,US-R1,US-R5,US-R1,target_context,12,0,rootzone,analysis_skill_vs_forecast,0.0,4485,1,0.027374267578125,hyperda_v4_final_2015_2025_context2022_query2023_2025_k0_4_12
forecast_only_latw_audit_US-R1,forecast_only_latw_audit_US-R1_forecast_only_9762,forecast_only,2022-01-17,9762,1,DJF,,artifacts/splits/US_loro_kdate_splits.json,artifacts/regions/US_region_masks.nc,US,US-R1,US-R5,US-R1,target_context,12,0,rootzone,increment_rmse,0.0002979639844826149,4485,1,0.027374267578125,hyperda_v4_final_2015_2025_context2022_query2023_2025_k0_4_12
forecast_only_latw_audit_US-R1,forecast_only_latw_audit_US-R1_forecast_only_9762,forecast_only,2022-01-17,9762,1,DJF,,artifacts/splits/US_loro_kdate_splits.json,artifacts/regions/US_region_masks.nc,US,US-R1,US-R5,US-R1,target_context,12,0,rootzone,increment_mae,0.00018223243741652905,4485,1,0.027374267578125,hyperda_v4_final_2015_2025_context2022_query2023_2025_k0_4_12
forecast_only_latw_audit_US-R1,forecast_only_latw_audit_US-R1_forecast_only_9762,forecast_only,2022-01-17,9762,1,DJF,,artifacts/splits/US_loro_kdate_splits.json,artifacts/regions/US_region_masks.nc,US,US-R1,US-R5,US-R1,target_context,12,0,rootzone,increment_bias,9.556257310287077e-05,4485,1,0.027374267578125,hyperda_v4_final_2015_2025_context2022_query2023_2025_k0_4_12
forecast_only_latw_audit_US-R1,forecast_only_latw_audit_US-R1_forecast_only_9762,forecast_only,2022-01-17,9762,1,DJF,,artifacts/splits/US_loro_kdate_splits.json,artifacts/regions/US_region_masks.nc,US,US-R1,US-R5,US-R1,target_context,12,0,rootzone,increment_corr,,4485,1,0.027374267578125,hyperda_v4_final_2015_2025_context2022_query2023_2025_k0_4_12
forecast_only_latw_audit_US-R1,forecast_only_latw_audit_US-R1_forecast_only_9762,forecast_only,2022-01-17,9762,1,DJF,,artifacts/splits/US_loro_kdate_splits.json,artifacts/regions/US_region_masks.nc,US,US-R1,US-R5,US-R1,target_context,12,0,rootzone,sign_accuracy_deadzone,,4485,1,0.027374267578125,hyperda_v4_final_2015_2025_context2022_query2023_2025_k0_4_12
forecast_only_latw_audit_US-R1,forecast_only_latw_audit_US-R1_forecast_only_9762,forecast_only,2022-01-17,9762,1,DJF,,artifacts/splits/US_loro_kdate_splits.json,artifacts/regions/US_region_masks.nc,US,US-R1,US-R5,US-R1,target_context,12,0,rootzone,high_update_increment_skill,0.0,4485,1,0.027374267578125,hyperda_v4_final_2015_2025_context2022_query2023_2025_k0_4_12
forecast_only_latw_audit_US-R1,forecast_only_latw_audit_US-R1_forecast_only_9762,forecast_only,2022-01-17,9762,1,DJF,,artifacts/splits/US_loro_kdate_splits.json,artifacts/regions/US_region_masks.nc,US,US-R1,US-R5,US-R1,target_context,12,0,rootzone,analysis_mse_latw,8.909471564092911e-08,4485,1,0.027374267578125,hyperda_v4_final_2015_2025_context2022_query2023_2025_k0_4_12
forecast_only_latw_audit_US-R1,forecast_only_latw_audit_US-R1_forecast_only_9762,forecast_only,2022-01-17,9762,1,DJF,,artifacts/splits/US_loro_kdate_splits.json,artifacts/regions/US_region_masks.nc,US,US-R1,US-R5,US-R1,target_context,12,0,rootzone,analysis_rmse_latw,0.0002984873793662457,4485,1,0.027374267578125,hyperda_v4_final_2015_2025_context2022_query2023_2025_k0_4_12
forecast_only_latw_audit_US-R1,forecast_only_latw_audit_US-R1_forecast_only_9762,forecast_only,2022-01-17,9762,1,DJF,,artifacts/splits/US_loro_kdate_splits.json,artifacts/regions/US_region_masks.nc,US,US-R1,US-R5,US-R1,target_context,12,0,rootzone,analysis_rmse_sqrt_before_time_avg_latw,0.0002984873793662457,4485,1,0.027374267578125,hyperda_v4_final_2015_2025_context2022_query2023_2025_k0_4_12
forecast_only_latw_audit_US-R1,forecast_only_latw_audit_US-R1_forecast_only_9762,forecast_only,2022-01-17,9762,1,DJF,,artifacts/splits/US_loro_kdate_splits.json,artifacts/regions/US_region_masks.nc,US,US-R1,US-R5,US-R1,target_context,12,0,rootzone,analysis_skill_vs_forecast_latw,0.0,4485,1,0.027374267578125,hyperda_v4_final_2015_2025_context2022_query2023_2025_k0_4_12
forecast_only_latw_audit_US-R1,forecast_only_latw_audit_US-R1_forecast_only_9762,forecast_only,2022-01-17,9762,1,DJF,,artifacts/splits/US_loro_kdate_splits.json,artifacts/regions/US_region_masks.nc,US,US-R1,US-R5,US-R1,target_context,12,0,rootzone,increment_mse_latw,8.909471564092911e-08,4485,1,0.027374267578125,hyperda_v4_final_2015_2025_context2022_query2023_2025_k0_4_12
forecast_only_latw_audit_US-R1,forecast_only_latw_audit_US-R1_forecast_only_9762,forecast_only,2022-01-17,9762,1,DJF,,artifacts/splits/US_loro_kdate_splits.json,artifacts/regions/US_region_masks.nc,US,US-R1,US-R5,US-R1,target_context,12,0,rootzone,increment_rmse_latw,0.0002984873793662457,4485,1,0.027374267578125,hyperda_v4_final_2015_2025_context2022_query2023_2025_k0_4_12
forecast_only_latw_audit_US-R1,forecast_only_latw_audit_US-R1_forecast_only_9762,forecast_only,2022-01-17,9762,1,DJF,,artifacts/splits/US_loro_kdate_splits.json,artifacts/regions/US_region_masks.nc,US,US-R1,US-R5,US-R1,target_context,12,0,rootzone,increment_rmse_sqrt_before_time_avg_latw,0.0002984873793662457,4485,1,0.027374267578125,hyperda_v4_final_2015_2025_context2022_query2023_2025_k0_4_12
forecast_only_latw_audit_US-R1,forecast_only_latw_audit_US-R1_forecast_only_9762,forecast_only,2022-01-17,9762,1,DJF,,artifacts/splits/US_loro_kdate_splits.json,artifacts/regions/US_region_masks.nc,US,US-R1,US-R5,US-R1,target_context,12,0,rootzone,increment_mae_latw,0.00018295850854560848,4485,1,0.027374267578125,hyperda_v4_final_2015_2025_context2022_query2023_2025_k0_4_12
forecast_only_latw_audit_US-R1,forecast_only_latw_audit_US-R1_forecast_only_9762,forecast_only,2022-01-17,9762,1,DJF,,artifacts/splits/US_loro_kdate_splits.json,artifacts/regions/US_region_masks.nc,US,US-R1,US-R5,US-R1,target_context,12,0,rootzone,increment_bias_latw,9.72685628946506e-05,4485,1,0.027374267578125,hyperda_v4_final_2015_2025_context2022_query2023_2025_k0_4_12
forecast_only_latw_audit_US-R1,forecast_only_latw_audit_US-R1_forecast_only_9762,forecast_only,2022-01-17,9762,1,DJF,,artifacts/splits/US_loro_kdate_splits.json,artifacts/regions/US_region_masks.nc,US,US-R1,US-R5,US-R1,target_context,12,0,rootzone,increment_corr_latw,,4485,1,0.027374267578125,hyperda_v4_final_2015_2025_context2022_query2023_2025_k0_4_12
forecast_only_latw_audit_US-R1,forecast_only_latw_audit_US-R1_forecast_only_9819,forecast_only,2022-02-02,9819,2,DJF,,artifacts/splits/US_loro_kdate_splits.json,artifacts/regions/US_region_masks.nc,US,US-R1,US-R5,US-R1,target_context,12,0,surface,analysis_rmse,0.009032498304928027,4485,1,0.027374267578125,hyperda_v4_final_2015_2025_context2022_query2023_2025_k0_4_12
forecast_only_latw_audit_US-R1,forecast_only_latw_audit_US-R1_forecast_only_9819,forecast_only,2022-02-02,9819,2,DJF,,artifacts/splits/US_loro_kdate_splits.json,artifacts/regions/US_region_masks.nc,US,US-R1,US-R5,US-R1,target_context,12,0,surface,analysis_mae,0.005596984021672968,4485,1,0.027374267578125,hyperda_v4_final_2015_2025_context2022_query2023_2025_k0_4_12
forecast_only_latw_audit_US-R1,forecast_only_latw_audit_US-R1_forecast_only_9819,forecast_only,2022-02-02,9819,2,DJF,,artifacts/splits/US_loro_kdate_splits.json,artifacts/regions/US_region_masks.nc,US,US-R1,US-R5,US-R1,target_context,12,0,surface,analysis_skill_vs_forecast,0.0,4485,1,0.027374267578125,hyperda_v4_final_2015_2025_context2022_query2023_2025_k0_4_12
forecast_only_latw_audit_US-R1,forecast_only_latw_audit_US-R1_forecast_only_9819,forecast_only,2022-02-02,9819,2,DJF,,artifacts/splits/US_loro_kdate_splits.json,artifacts/regions/US_region_masks.nc,US,US-R1,US-R5,US-R1,target_context,12,0,surface,increment_rmse,0.009032498304928027,4485,1,0.027374267578125,hyperda_v4_final_2015_2025_context2022_query2023_2025_k0_4_12
forecast_only_latw_audit_US-R1,forecast_only_latw_audit_US-R1_forecast_only_9819,forecast_only,2022-02-02,9819,2,DJF,,artifacts/splits/US_loro_kdate_splits.json,artifacts/regions/US_region_masks.nc,US,US-R1,US-R5,US-R1,target_context,12,0,surface,increment_mae,0.005596984021672968,4485,1,0.027374267578125,hyperda_v4_final_2015_2025_context2022_query2023_2025_k0_4_12
forecast_only_latw_audit_US-R1,forecast_only_latw_audit_US-R1_forecast_only_9819,forecast_only,2022-02-02,9819,2,DJF,,artifacts/splits/US_loro_kdate_splits.json,artifacts/regions/US_region_masks.nc,US,US-R1,US-R5,US-R1,target_context,12,0,surface,increment_bias,0.005217230120630169,4485,1,0.027374267578125,hyperda_v4_final_2015_2025_context2022_query2023_2025_k0_4_12
forecast_only_latw_audit_US-R1,forecast_only_latw_audit_US-R1_forecast_only_9819,forecast_only,2022-02-02,9819,2,DJF,,artifacts/splits/US_loro_kdate_splits.json,artifacts/regions/US_region_masks.nc,US,US-R1,US-R5,US-R1,target_context,12,0,surface,increment_corr,,4485,1,0.027374267578125,hyperda_v4_final_2015_2025_context2022_query2023_2025_k0_4_12
forecast_only_latw_audit_US-R1,forecast_only_latw_audit_US-R1_forecast_only_9819,forecast_only,2022-02-02,9819,2,DJF,,artifacts/splits/US_loro_kdate_splits.json,artifacts/regions/US_region_masks.nc,US,US-R1,US-R5,US-R1,target_context,12,0,surface,sign_accuracy_deadzone,0.0,4485,1,0.027374267578125,hyperda_v4_final_2015_2025_context2022_query2023_2025_k0_4_12
forecast_only_latw_audit_US-R1,forecast_only_latw_audit_US-R1_forecast_only_9819,forecast_only,2022-02-02,9819,2,DJF,,artifacts/splits/US_loro_kdate_splits.json,artifacts/regions/US_region_masks.nc,US,US-R1,US-R5,US-R1,target_context,12,0,surface,high_update_increment_skill,0.0,4485,1,0.027374267578125,hyperda_v4_final_2015_2025_context2022_query2023_2025_k0_4_12
forecast_only_latw_audit_US-R1,forecast_only_latw_audit_US-R1_forecast_only_9819,forecast_only,2022-02-02,9819,2,DJF,,artifacts/splits/US_loro_kdate_splits.json,artifacts/regions/US_region_masks.nc,US,US-R1,US-R5,US-R1,target_context,12,0,surface,analysis_mse_latw,8.14816630737788e-05,4485,1,0.027374267578125,hyperda_v4_final_2015_2025_context2022_query2023_2025_k0_4_12
forecast_only_latw_audit_US-R1,forecast_only_latw_audit_US-R1_forecast_only_9819,forecast_only,2022-02-02,9819,2,DJF,,artifacts/splits/US_loro_kdate_splits.json,artifacts/regions/US_region_masks.nc,US,US-R1,US-R5,US-R1,target_context,12,0,surface,analysis_rmse_latw,0.00902671939708878,4485,1,0.027374267578125,hyperda_v4_final_2015_2025_context2022_query2023_2025_k0_4_12
forecast_only_latw_audit_US-R1,forecast_only_latw_audit_US-R1_forecast_only_9819,forecast_only,2022-02-02,9819,2,DJF,,artifacts/splits/US_loro_kdate_splits.json,artifacts/regions/US_region_masks.nc,US,US-R1,US-R5,US-R1,target_context,12,0,surface,analysis_rmse_sqrt_before_time_avg_latw,0.00902671939708878,4485,1,0.027374267578125,hyperda_v4_final_2015_2025_context2022_query2023_2025_k0_4_12
forecast_only_latw_audit_US-R1,forecast_only_latw_audit_US-R1_forecast_only_9819,forecast_only,2022-02-02,9819,2,DJF,,artifacts/splits/US_loro_kdate_splits.json,artifacts/regions/US_region_masks.nc,US,US-R1,US-R5,US-R1,target_context,12,0,surface,analysis_skill_vs_forecast_latw,0.0,4485,1,0.027374267578125,hyperda_v4_final_2015_2025_context2022_query2023_2025_k0_4_12
forecast_only_latw_audit_US-R1,forecast_only_latw_audit_US-R1_forecast_only_9819,forecast_only,2022-02-02,9819,2,DJF,,artifacts/splits/US_loro_kdate_splits.json,artifacts/regions/US_region_masks.nc,US,US-R1,US-R5,US-R1,target_context,12,0,surface,increment_mse_latw,8.14816630737788e-05,4485,1,0.027374267578125,hyperda_v4_final_2015_2025_context2022_query2023_2025_k0_4_12
forecast_only_latw_audit_US-R1,forecast_only_latw_audit_US-R1_forecast_only_9819,forecast_only,2022-02-02,9819,2,DJF,,artifacts/splits/US_loro_kdate_splits.json,artifacts/regions/US_region_masks.nc,US,US-R1,US-R5,US-R1,target_context,12,0,surface,increment_rmse_latw,0.00902671939708878,4485,1,0.027374267578125,hyperda_v4_final_2015_2025_context2022_query2023_2025_k0_4_12
forecast_only_latw_audit_US-R1,forecast_only_latw_audit_US-R1_forecast_only_9819,forecast_only,2022-02-02,9819,2,DJF,,artifacts/splits/US_loro_kdate_splits.json,artifacts/regions/US_region_masks.nc,US,US-R1,US-R5,US-R1,target_context,12,0,surface,increment_rmse_sqrt_before_time_avg_latw,0.00902671939708878,4485,1,0.027374267578125,hyperda_v4_final_2015_2025_context2022_query2023_2025_k0_4_12
forecast_only_latw_audit_US-R1,forecast_only_latw_audit_US-R1_forecast_only_9819,forecast_only,2022-02-02,9819,2,DJF,,artifacts/splits/US_loro_kdate_splits.json,artifacts/regions/US_region_masks.nc,US,US-R1,US-R5,US-R1,target_context,12,0,surface,increment_mae_latw,0.005602078029055358,4485,1,0.027374267578125,hyperda_v4_final_2015_2025_context2022_query2023_2025_k0_4_12
forecast_only_latw_audit_US-R1,forecast_only_latw_audit_US-R1_forecast_only_9819,forecast_only,2022-02-02,9819,2,DJF,,artifacts/splits/US_loro_kdate_splits.json,artifacts/regions/US_region_masks.nc,US,US-R1,US-R5,US-R1,target_context,12,0,surface,increment_bias_latw,0.005219373494337963,4485,1,0.027374267578125,hyperda_v4_final_2015_2025_context2022_query2023_2025_k0_4_12
forecast_only_latw_audit_US-R1,forecast_only_latw_audit_US-R1_forecast_only_9819,forecast_only,2022-02-02,9819,2,DJF,,artifacts/splits/US_loro_kdate_splits.json,artifacts/regions/US_region_masks.nc,US,US-R1,US-R5,US-R1,target_context,12,0,surface,increment_corr_latw,,4485,1,0.027374267578125,hyperda_v4_final_2015_2025_context2022_query2023_2025_k0_4_12
forecast_only_latw_audit_US-R1,forecast_only_latw_audit_US-R1_forecast_only_9819,forecast_only,2022-02-02,9819,2,DJF,,artifacts/splits/US_loro_kdate_splits.json,artifacts/regions/US_region_masks.nc,US,US-R1,US-R5,US-R1,target_context,12,0,rootzone,analysis_rmse,0.0005157954301167995,4485,1,0.027374267578125,hyperda_v4_final_2015_2025_context2022_query2023_2025_k0_4_12
forecast_only_latw_audit_US-R1,forecast_only_latw_audit_US-R1_forecast_only_9819,forecast_only,2022-02-02,9819,2,DJF,,artifacts/splits/US_loro_kdate_splits.json,artifacts/regions/US_region_masks.nc,US,US-R1,US-R5,US-R1,target_context,12,0,rootzone,analysis_mae,0.00031008007671422385,4485,1,0.027374267578125,hyperda_v4_final_2015_2025_context2022_query2023_2025_k0_4_12
forecast_only_latw_audit_US-R1,forecast_only_latw_audit_US-R1_forecast_only_9819,forecast_only,2022-02-02,9819,2,DJF,,artifacts/splits/US_loro_kdate_splits.json,artifacts/regions/US_region_masks.nc,US,US-R1,US-R5,US-R1,target_context,12,0,rootzone,analysis_skill_vs_forecast,0.0,4485,1,0.027374267578125,hyperda_v4_final_2015_2025_context2022_query2023_2025_k0_4_12
forecast_only_latw_audit_US-R1,forecast_only_latw_audit_US-R1_forecast_only_9819,forecast_only,2022-02-02,9819,2,DJF,,artifacts/splits/US_loro_kdate_splits.json,artifacts/regions/US_region_masks.nc,US,US-R1,US-R5,US-R1,target_context,12,0,rootzone,increment_rmse,0.0005157954301167995,4485,1,0.027374267578125,hyperda_v4_final_2015_2025_context2022_query2023_2025_k0_4_12
forecast_only_latw_audit_US-R1,forecast_only_latw_audit_US-R1_forecast_only_9819,forecast_only,2022-02-02,9819,2,DJF,,artifacts/splits/US_loro_kdate_splits.json,artifacts/regions/US_region_masks.nc,US,US-R1,US-R5,US-R1,target_context,12,0,rootzone,increment_mae,0.00031008007671422385,4485,1,0.027374267578125,hyperda_v4_final_2015_2025_context2022_query2023_2025_k0_4_12
forecast_only_latw_audit_US-R1,forecast_only_latw_audit_US-R1_forecast_only_9819,forecast_only,2022-02-02,9819,2,DJF,,artifacts/splits/US_loro_kdate_splits.json,artifacts/regions/US_region_masks.nc,US,US-R1,US-R5,US-R1,target_context,12,0,rootzone,increment_bias,0.0002888821196247104,4485,1,0.027374267578125,hyperda_v4_final_2015_2025_context2022_query2023_2025_k0_4_12
forecast_only_latw_audit_US-R1,forecast_only_latw_audit_US-R1_forecast_only_9819,forecast_only,2022-02-02,9819,2,DJF,,artifacts/splits/US_loro_kdate_splits.json,artifacts/regions/US_region_masks.nc,US,US-R1,US-R5,US-R1,target_context,12,0,rootzone,increment_corr,,4485,1,0.027374267578125,hyperda_v4_final_2015_2025_context2022_query2023_2025_k0_4_12
forecast_only_latw_audit_US-R1,forecast_only_latw_audit_US-R1_forecast_only_9819,forecast_only,2022-02-02,9819,2,DJF,,artifacts/splits/US_loro_kdate_splits.json,artifacts/regions/US_region_masks.nc,US,US-R1,US-R5,US-R1,target_context,12,0,rootzone,sign_accuracy_deadzone,,4485,1,0.027374267578125,hyperda_v4_final_2015_2025_context2022_query2023_2025_k0_4_12
forecast_only_latw_audit_US-R1,forecast_only_latw_audit_US-R1_forecast_only_9819,forecast_only,2022-02-02,9819,2,DJF,,artifacts/splits/US_loro_kdate_splits.json,artifacts/regions/US_region_masks.nc,US,US-R1,US-R5,US-R1,target_context,12,0,rootzone,high_update_increment_skill,0.0,4485,1,0.027374267578125,hyperda_v4_final_2015_2025_context2022_query2023_2025_k0_4_12
forecast_only_latw_audit_US-R1,forecast_only_latw_audit_US-R1_forecast_only_9819,forecast_only,2022-02-02,9819,2,DJF,,artifacts/splits/US_loro_kdate_splits.json,artifacts/regions/US_region_masks.nc,US,US-R1,US-R5,US-R1,target_context,12,0,rootzone,analysis_mse_latw,2.6524733828160595e-07,4485,1,0.027374267578125,hyperda_v4_final_2015_2025_context2022_query2023_2025_k0_4_12
forecast_only_latw_audit_US-R1,forecast_only_latw_audit_US-R1_forecast_only_9819,forecast_only,2022-02-02,9819,2,DJF,,artifacts/splits/US_loro_kdate_splits.json,artifacts/regions/US_region_masks.nc,US,US-R1,US-R5,US-R1,target_context,12,0,rootzone,analysis_rmse_latw,0.0005150216871954092,4485,1,0.027374267578125,hyperda_v4_final_2015_2025_context2022_query2023_2025_k0_4_12
forecast_only_latw_audit_US-R1,forecast_only_latw_audit_US-R1_forecast_only_9819,forecast_only,2022-02-02,9819,2,DJF,,artifacts/splits/US_loro_kdate_splits.json,artifacts/regions/US_region_masks.nc,US,US-R1,US-R5,US-R1,target_context,12,0,rootzone,analysis_rmse_sqrt_before_time_avg_latw,0.0005150216871954092,4485,1,0.027374267578125,hyperda_v4_final_2015_2025_context2022_query2023_2025_k0_4_12
forecast_only_latw_audit_US-R1,forecast_only_latw_audit_US-R1_forecast_only_9819,forecast_only,2022-02-02,9819,2,DJF,,artifacts/splits/US_loro_kdate_splits.json,artifacts/regions/US_region_masks.nc,US,US-R1,US-R5,US-R1,target_context,12,0,rootzone,analysis_skill_vs_forecast_latw,0.0,4485,1,0.027374267578125,hyperda_v4_final_2015_2025_context2022_query2023_2025_k0_4_12
forecast_only_latw_audit_US-R1,forecast_only_latw_audit_US-R1_forecast_only_9819,forecast_only,2022-02-02,9819,2,DJF,,artifacts/splits/US_loro_kdate_splits.json,artifacts/regions/US_region_masks.nc,US,US-R1,US-R5,US-R1,target_context,12,0,rootzone,increment_mse_latw,2.6524733828160595e-07,4485,1,0.027374267578125,hyperda_v4_final_2015_2025_context2022_query2023_2025_k0_4_12
forecast_only_latw_audit_US-R1,forecast_only_latw_audit_US-R1_forecast_only_9819,forecast_only,2022-02-02,9819,2,DJF,,artifacts/splits/US_loro_kdate_splits.json,artifacts/regions/US_region_masks.nc,US,US-R1,US-R5,US-R1,target_context,12,0,rootzone,increment_rmse_latw,0.0005150216871954092,4485,1,0.027374267578125,hyperda_v4_final_2015_2025_context2022_query2023_2025_k0_4_12
forecast_only_latw_audit_US-R1,forecast_only_latw_audit_US-R1_forecast_only_9819,forecast_only,2022-02-02,9819,2,DJF,,artifacts/splits/US_loro_kdate_splits.json,artifacts/regions/US_region_masks.nc,US,US-R1,US-R5,US-R1,target_context,12,0,rootzone,increment_rmse_sqrt_before_time_avg_latw,0.0005150216871954092,4485,1,0.027374267578125,hyperda_v4_final_2015_2025_context2022_query2023_2025_k0_4_12
forecast_only_latw_audit_US-R1,forecast_only_latw_audit_US-R1_forecast_only_9819,forecast_only,2022-02-02,9819,2,DJF,,artifacts/splits/US_loro_kdate_splits.json,artifacts/regions/US_region_masks.nc,US,US-R1,US-R5,US-R1,target_context,12,0,rootzone,increment_mae_latw,0.00031007362784882063,4485,1,0.027374267578125,hyperda_v4_final_2015_2025_context2022_query2023_2025_k0_4_12
forecast_only_latw_audit_US-R1,forecast_only_latw_audit_US-R1_forecast_only_9819,forecast_only,2022-02-02,9819,2,DJF,,artifacts/splits/US_loro_kdate_splits.json,artifacts/regions/US_region_masks.nc,US,US-R1,US-R5,US-R1,target_context,12,0,rootzone,increment_bias_latw,0.00028875226906344305,4485,1,0.027374267578125,hyperda_v4_final_2015_2025_context2022_query2023_2025_k0_4_12
forecast_only_latw_audit_US-R1,forecast_only_latw_audit_US-R1_forecast_only_9819,forecast_only,2022-02-02,9819,2,DJF,,artifacts/splits/US_loro_kdate_splits.json,artifacts/regions/US_region_masks.nc,US,US-R1,US-R5,US-R1,target_context,12,0,rootzone,increment_corr_latw,,4485,1,0.027374267578125,hyperda_v4_final_2015_2025_context2022_query2023_2025_k0_4_12
forecast_only_latw_audit_US-R1,forecast_only_latw_audit_US-R1_forecast_only_9932,forecast_only,2022-03-05,9932,3,MAM,,artifacts/splits/US_loro_kdate_splits.json,artifacts/regions/US_region_masks.nc,US,US-R1,US-R5,US-R1,target_context,12,0,surface,analysis_rmse,0.007577711680346402,4485,1,0.027374267578125,hyperda_v4_final_2015_2025_context2022_query2023_2025_k0_4_12
forecast_only_latw_audit_US-R1,forecast_only_latw_audit_US-R1_forecast_only_9932,forecast_only,2022-03-05,9932,3,MAM,,artifacts/splits/US_loro_kdate_splits.json,artifacts/regions/US_region_masks.nc,US,US-R1,US-R5,US-R1,target_context,12,0,surface,analysis_mae,0.004667161321194807,4485,1,0.027374267578125,hyperda_v4_final_2015_2025_context2022_query2023_2025_k0_4_12
forecast_only_latw_audit_US-R1,forecast_only_latw_audit_US-R1_forecast_only_9932,forecast_only,2022-03-05,9932,3,MAM,,artifacts/splits/US_loro_kdate_splits.json,artifacts/regions/US_region_masks.nc,US,US-R1,US-R5,US-R1,target_context,12,0,surface,analysis_skill_vs_forecast,0.0,4485,1,0.027374267578125,hyperda_v4_final_2015_2025_context2022_query2023_2025_k0_4_12
forecast_only_latw_audit_US-R1,forecast_only_latw_audit_US-R1_forecast_only_9932,forecast_only,2022-03-05,9932,3,MAM,,artifacts/splits/US_loro_kdate_splits.json,artifacts/regions/US_region_masks.nc,US,US-R1,US-R5,US-R1,target_context,12,0,surface,increment_rmse,0.007577711680346402,4485,1,0.027374267578125,hyperda_v4_final_2015_2025_context2022_query2023_2025_k0_4_12
forecast_only_latw_audit_US-R1,forecast_only_latw_audit_US-R1_forecast_only_9932,forecast_only,2022-03-05,9932,3,MAM,,artifacts/splits/US_loro_kdate_splits.json,artifacts/regions/US_region_masks.nc,US,US-R1,US-R5,US-R1,target_context,12,0,surface,increment_mae,0.004667161321194807,4485,1,0.027374267578125,hyperda_v4_final_2015_2025_context2022_query2023_2025_k0_4_12
forecast_only_latw_audit_US-R1,forecast_only_latw_audit_US-R1_forecast_only_9932,forecast_only,2022-03-05,9932,3,MAM,,artifacts/splits/US_loro_kdate_splits.json,artifacts/regions/US_region_masks.nc,US,US-R1,US-R5,US-R1,target_context,12,0,surface,increment_bias,0.0015555609270946902,4485,1,0.027374267578125,hyperda_v4_final_2015_2025_context2022_query2023_2025_k0_4_12
forecast_only_latw_audit_US-R1,forecast_only_latw_audit_US-R1_forecast_only_9932,forecast_only,2022-03-05,9932,3,MAM,,artifacts/splits/US_loro_kdate_splits.json,artifacts/regions/US_region_masks.nc,US,US-R1,US-R5,US-R1,target_context,12,0,surface,increment_corr,,4485,1,0.027374267578125,hyperda_v4_final_2015_2025_context2022_query2023_2025_k0_4_12
forecast_only_latw_audit_US-R1,forecast_only_latw_audit_US-R1_forecast_only_9932,forecast_only,2022-03-05,9932,3,MAM,,artifacts/splits/US_loro_kdate_splits.json,artifacts/regions/US_region_masks.nc,US,US-R1,US-R5,US-R1,target_context,12,0,surface,sign_accuracy_deadzone,0.0,4485,1,0.027374267578125,hyperda_v4_final_2015_2025_context2022_query2023_2025_k0_4_12
forecast_only_latw_audit_US-R1,forecast_only_latw_audit_US-R1_forecast_only_9932,forecast_only,2022-03-05,9932,3,MAM,,artifacts/splits/US_loro_kdate_splits.json,artifacts/regions/US_region_masks.nc,US,US-R1,US-R5,US-R1,target_context,12,0,surface,high_update_increment_skill,0.0,4485,1,0.027374267578125,hyperda_v4_final_2015_2025_context2022_query2023_2025_k0_4_12
forecast_only_latw_audit_US-R1,forecast_only_latw_audit_US-R1_forecast_only_9932,forecast_only,2022-03-05,9932,3,MAM,,artifacts/splits/US_loro_kdate_splits.json,artifacts/regions/US_region_masks.nc,US,US-R1,US-R5,US-R1,target_context,12,0,surface,analysis_mse_latw,5.754557542673569e-05,4485,1,0.027374267578125,hyperda_v4_final_2015_2025_context2022_query2023_2025_k0_4_12
forecast_only_latw_audit_US-R1,forecast_only_latw_audit_US-R1_forecast_only_9932,forecast_only,2022-03-05,9932,3,MAM,,artifacts/splits/US_loro_kdate_splits.json,artifacts/regions/US_region_masks.nc,US,US-R1,US-R5,US-R1,target_context,12,0,surface,analysis_rmse_latw,0.007585880003449547,4485,1,0.027374267578125,hyperda_v4_final_2015_2025_context2022_query2023_2025_k0_4_12
forecast_only_latw_audit_US-R1,forecast_only_latw_audit_US-R1_forecast_only_9932,forecast_only,2022-03-05,9932,3,MAM,,artifacts/splits/US_loro_kdate_splits.json,artifacts/regions/US_region_masks.nc,US,US-R1,US-R5,US-R1,target_context,12,0,surface,analysis_rmse_sqrt_before_time_avg_latw,0.007585880003449547,4485,1,0.027374267578125,hyperda_v4_final_2015_2025_context2022_query2023_2025_k0_4_12
forecast_only_latw_audit_US-R1,forecast_only_latw_audit_US-R1_forecast_only_9932,forecast_only,2022-03-05,9932,3,MAM,,artifacts/splits/US_loro_kdate_splits.json,artifacts/regions/US_region_masks.nc,US,US-R1,US-R5,US-R1,target_context,12,0,surface,analysis_skill_vs_forecast_latw,0.0,4485,1,0.027374267578125,hyperda_v4_final_2015_2025_context2022_query2023_2025_k0_4_12
forecast_only_latw_audit_US-R1,forecast_only_latw_audit_US-R1_forecast_only_9932,forecast_only,2022-03-05,9932,3,MAM,,artifacts/splits/US_loro_kdate_splits.json,artifacts/regions/US_region_masks.nc,US,US-R1,US-R5,US-R1,target_context,12,0,surface,increment_mse_latw,5.754557542673569e-05,4485,1,0.027374267578125,hyperda_v4_final_2015_2025_context2022_query2023_2025_k0_4_12
forecast_only_latw_audit_US-R1,forecast_only_latw_audit_US-R1_forecast_only_9932,forecast_only,2022-03-05,9932,3,MAM,,artifacts/splits/US_loro_kdate_splits.json,artifacts/regions/US_region_masks.nc,US,US-R1,US-R5,US-R1,target_context,12,0,surface,increment_rmse_latw,0.007585880003449547,4485,1,0.027374267578125,hyperda_v4_final_2015_2025_context2022_query2023_2025_k0_4_12
forecast_only_latw_audit_US-R1,forecast_only_latw_audit_US-R1_forecast_only_9932,forecast_only,2022-03-05,9932,3,MAM,,artifacts/splits/US_loro_kdate_splits.json,artifacts/regions/US_region_masks.nc,US,US-R1,US-R5,US-R1,target_context,12,0,surface,increment_rmse_sqrt_before_time_avg_latw,0.007585880003449547,4485,1,0.027374267578125,hyperda_v4_final_2015_2025_context2022_query2023_2025_k0_4_12
forecast_only_latw_audit_US-R1,forecast_only_latw_audit_US-R1_forecast_only_9932,forecast_only,2022-03-05,9932,3,MAM,,artifacts/splits/US_loro_kdate_splits.json,artifacts/regions/US_region_masks.nc,US,US-R1,US-R5,US-R1,target_context,12,0,surface,increment_mae_latw,0.004671220015044977,4485,1,0.027374267578125,hyperda_v4_final_2015_2025_context2022_query2023_2025_k0_4_12
forecast_only_latw_audit_US-R1,forecast_only_latw_audit_US-R1_forecast_only_9932,forecast_only,2022-03-05,9932,3,MAM,,artifacts/splits/US_loro_kdate_splits.json,artifacts/regions/US_region_masks.nc,US,US-R1,US-R5,US-R1,target_context,12,0,surface,increment_bias_latw,0.00155561660514061,4485,1,0.027374267578125,hyperda_v4_final_2015_2025_context2022_query2023_2025_k0_4_12
forecast_only_latw_audit_US-R1,forecast_only_latw_audit_US-R1_forecast_only_9932,forecast_only,2022-03-05,9932,3,MAM,,artifacts/splits/US_loro_kdate_splits.json,artifacts/regions/US_region_masks.nc,US,US-R1,US-R5,US-R1,target_context,12,0,surface,increment_corr_latw,,4485,1,0.027374267578125,hyperda_v4_final_2015_2025_context2022_query2023_2025_k0_4_12
forecast_only_latw_audit_US-R1,forecast_only_latw_audit_US-R1_forecast_only_9932,forecast_only,2022-03-05,9932,3,MAM,,artifacts/splits/US_loro_kdate_splits.json,artifacts/regions/US_region_masks.nc,US,US-R1,US-R5,US-R1,target_context,12,0,rootzone,analysis_rmse,0.0004195861651595179,4485,1,0.027374267578125,hyperda_v4_final_2015_2025_context2022_query2023_2025_k0_4_12
forecast_only_latw_audit_US-R1,forecast_only_latw_audit_US-R1_forecast_only_9932,forecast_only,2022-03-05,9932,3,MAM,,artifacts/splits/US_loro_kdate_splits.json,artifacts/regions/US_region_masks.nc,US,US-R1,US-R5,US-R1,target_context,12,0,rootzone,analysis_mae,0.00026119755313149266,4485,1,0.027374267578125,hyperda_v4_final_2015_2025_context2022_query2023_2025_k0_4_12
forecast_only_latw_audit_US-R1,forecast_only_latw_audit_US-R1_forecast_only_9932,forecast_only,2022-03-05,9932,3,MAM,,artifacts/splits/US_loro_kdate_splits.json,artifacts/regions/US_region_masks.nc,US,US-R1,US-R5,US-R1,target_context,12,0,rootzone,analysis_skill_vs_forecast,0.0,4485,1,0.027374267578125,hyperda_v4_final_2015_2025_context2022_query2023_2025_k0_4_12
forecast_only_latw_audit_US-R1,forecast_only_latw_audit_US-R1_forecast_only_9932,forecast_only,2022-03-05,9932,3,MAM,,artifacts/splits/US_loro_kdate_splits.json,artifacts/regions/US_region_masks.nc,US,US-R1,US-R5,US-R1,target_context,12,0,rootzone,increment_rmse,0.0004195861651595179,4485,1,0.027374267578125,hyperda_v4_final_2015_2025_context2022_query2023_2025_k0_4_12
forecast_only_latw_audit_US-R1,forecast_only_latw_audit_US-R1_forecast_only_9932,forecast_only,2022-03-05,9932,3,MAM,,artifacts/splits/US_loro_kdate_splits.json,artifacts/regions/US_region_masks.nc,US,US-R1,US-R5,US-R1,target_context,12,0,rootzone,increment_mae,0.00026119755313149266,4485,1,0.027374267578125,hyperda_v4_final_2015_2025_context2022_query2023_2025_k0_4_12
forecast_only_latw_audit_US-R1,forecast_only_latw_audit_US-R1_forecast_only_9932,forecast_only,2022-03-05,9932,3,MAM,,artifacts/splits/US_loro_kdate_splits.json,artifacts/regions/US_region_masks.nc,US,US-R1,US-R5,US-R1,target_context,12,0,rootzone,increment_bias,8.73121965589332e-05,4485,1,0.027374267578125,hyperda_v4_final_2015_2025_context2022_query2023_2025_k0_4_12
forecast_only_latw_audit_US-R1,forecast_only_latw_audit_US-R1_forecast_only_9932,forecast_only,2022-03-05,9932,3,MAM,,artifacts/splits/US_loro_kdate_splits.json,artifacts/regions/US_region_masks.nc,US,US-R1,US-R5,US-R1,target_context,12,0,rootzone,increment_corr,,4485,1,0.027374267578125,hyperda_v4_final_2015_2025_context2022_query2023_2025_k0_4_12
forecast_only_latw_audit_US-R1,forecast_only_latw_audit_US-R1_forecast_only_9932,forecast_only,2022-03-05,9932,3,MAM,,artifacts/splits/US_loro_kdate_splits.json,artifacts/regions/US_region_masks.nc,US,US-R1,US-R5,US-R1,target_context,12,0,rootzone,sign_accuracy_deadzone,,4485,1,0.027374267578125,hyperda_v4_final_2015_2025_context2022_query2023_2025_k0_4_12
forecast_only_latw_audit_US-R1,forecast_only_latw_audit_US-R1_forecast_only_9932,forecast_only,2022-03-05,9932,3,MAM,,artifacts/splits/US_loro_kdate_splits.json,artifacts/regions/US_region_masks.nc,US,US-R1,US-R5,US-R1,target_context,12,0,rootzone,high_update_increment_skill,0.0,4485,1,0.027374267578125,hyperda_v4_final_2015_2025_context2022_query2023_2025_k0_4_12
forecast_only_latw_audit_US-R1,forecast_only_latw_audit_US-R1_forecast_only_9932,forecast_only,2022-03-05,9932,3,MAM,,artifacts/splits/US_loro_kdate_splits.json,artifacts/regions/US_region_masks.nc,US,US-R1,US-R5,US-R1,target_context,12,0,rootzone,analysis_mse_latw,1.763640381961868e-07,4485,1,0.027374267578125,hyperda_v4_final_2015_2025_context2022_query2023_2025_k0_4_12
forecast_only_latw_audit_US-R1,forecast_only_latw_audit_US-R1_forecast_only_9932,forecast_only,2022-03-05,9932,3,MAM,,artifacts/splits/US_loro_kdate_splits.json,artifacts/regions/US_region_masks.nc,US,US-R1,US-R5,US-R1,target_context,12,0,rootzone,analysis_rmse_latw,0.0004199571861466199,4485,1,0.027374267578125,hyperda_v4_final_2015_2025_context2022_query2023_2025_k0_4_12
forecast_only_latw_audit_US-R1,forecast_only_latw_audit_US-R1_forecast_only_9932,forecast_only,2022-03-05,9932,3,MAM,,artifacts/splits/US_loro_kdate_splits.json,artifacts/regions/US_region_masks.nc,US,US-R1,US-R5,US-R1,target_context,12,0,rootzone,analysis_rmse_sqrt_before_time_avg_latw,0.0004199571861466199,4485,1,0.027374267578125,hyperda_v4_final_2015_2025_context2022_query2023_2025_k0_4_12
forecast_only_latw_audit_US-R1,forecast_only_latw_audit_US-R1_forecast_only_9932,forecast_only,2022-03-05,9932,3,MAM,,artifacts/splits/US_loro_kdate_splits.json,artifacts/regions/US_region_masks.nc,US,US-R1,US-R5,US-R1,target_context,12,0,rootzone,analysis_skill_vs_forecast_latw,0.0,4485,1,0.027374267578125,hyperda_v4_final_2015_2025_context2022_query2023_2025_k0_4_12
forecast_only_latw_audit_US-R1,forecast_only_latw_audit_US-R1_forecast_only_9932,forecast_only,2022-03-05,9932,3,MAM,,artifacts/splits/US_loro_kdate_splits.json,artifacts/regions/US_region_masks.nc,US,US-R1,US-R5,US-R1,target_context,12,0,rootzone,increment_mse_latw,1.763640381961868e-07,4485,1,0.027374267578125,hyperda_v4_final_2015_2025_context2022_query2023_2025_k0_4_12
forecast_only_latw_audit_US-R1,forecast_only_latw_audit_US-R1_forecast_only_9932,forecast_only,2022-03-05,9932,3,MAM,,artifacts/splits/US_loro_kdate_splits.json,artifacts/regions/US_region_masks.nc,US,US-R1,US-R5,US-R1,target_context,12,0,rootzone,increment_rmse_latw,0.0004199571861466199,4485,1,0.027374267578125,hyperda_v4_final_2015_2025_context2022_query2023_2025_k0_4_12
forecast_only_latw_audit_US-R1,forecast_only_latw_audit_US-R1_forecast_only_9932,forecast_only,2022-03-05,9932,3,MAM,,artifacts/splits/US_loro_kdate_splits.json,artifacts/regions/US_region_masks.nc,US,US-R1,US-R5,US-R1,target_context,12,0,rootzone,increment_rmse_sqrt_before_time_avg_latw,0.0004199571861466199,4485,1,0.027374267578125,hyperda_v4_final_2015_2025_context2022_query2023_2025_k0_4_12
forecast_only_latw_audit_US-R1,forecast_only_latw_audit_US-R1_forecast_only_9932,forecast_only,2022-03-05,9932,3,MAM,,artifacts/splits/US_loro_kdate_splits.json,artifacts/regions/US_region_masks.nc,US,US-R1,US-R5,US-R1,target_context,12,0,rootzone,increment_mae_latw,0.0002613169920757226,4485,1,0.027374267578125,hyperda_v4_final_2015_2025_context2022_query2023_2025_k0_4_12
forecast_only_latw_audit_US-R1,forecast_only_latw_audit_US-R1_forecast_only_9932,forecast_only,2022-03-05,9932,3,MAM,,artifacts/splits/US_loro_kdate_splits.json,artifacts/regions/US_region_masks.nc,US,US-R1,US-R5,US-R1,target_context,12,0,rootzone,increment_bias_latw,8.72383147300459e-05,4485,1,0.027374267578125,hyperda_v4_final_2015_2025_context2022_query2023_2025_k0_4_12
forecast_only_latw_audit_US-R1,forecast_only_latw_audit_US-R1_forecast_only_9932,forecast_only,2022-03-05,9932,3,MAM,,artifacts/splits/US_loro_kdate_splits.json,artifacts/regions/US_region_masks.nc,US,US-R1,US-R5,US-R1,target_context,12,0,rootzone,increment_corr_latw,,4485,1,0.027374267578125,hyperda_v4_final_2015_2025_context2022_query2023_2025_k0_4_12
forecast_only_latw_audit_US-R1,forecast_only_latw_audit_US-R1_forecast_only_10050,forecast_only,2022-04-05,10050,4,MAM,,artifacts/splits/US_loro_kdate_splits.json,artifacts/regions/US_region_masks.nc,US,US-R1,US-R5,US-R1,target_context,12,0,surface,analysis_rmse,0.007348883083347384,4485,1,0.027374267578125,hyperda_v4_final_2015_2025_context2022_query2023_2025_k0_4_12
forecast_only_latw_audit_US-R1,forecast_only_latw_audit_US-R1_forecast_only_10050,forecast_only,2022-04-05,10050,4,MAM,,artifacts/splits/US_loro_kdate_splits.json,artifacts/regions/US_region_masks.nc,US,US-R1,US-R5,US-R1,target_context,12,0,surface,analysis_mae,0.005308010394673549,4485,1,0.027374267578125,hyperda_v4_final_2015_2025_context2022_query2023_2025_k0_4_12
forecast_only_latw_audit_US-R1,forecast_only_latw_audit_US-R1_forecast_only_10050,forecast_only,2022-04-05,10050,4,MAM,,artifacts/splits/US_loro_kdate_splits.json,artifacts/regions/US_region_masks.nc,US,US-R1,US-R5,US-R1,target_context,12,0,surface,analysis_skill_vs_forecast,0.0,4485,1,0.027374267578125,hyperda_v4_final_2015_2025_context2022_query2023_2025_k0_4_12
forecast_only_latw_audit_US-R1,forecast_only_latw_audit_US-R1_forecast_only_10050,forecast_only,2022-04-05,10050,4,MAM,,artifacts/splits/US_loro_kdate_splits.json,artifacts/regions/US_region_masks.nc,US,US-R1,US-R5,US-R1,target_context,12,0,surface,increment_rmse,0.007348883083347384,4485,1,0.027374267578125,hyperda_v4_final_2015_2025_context2022_query2023_2025_k0_4_12
forecast_only_latw_audit_US-R1,forecast_only_latw_audit_US-R1_forecast_only_10050,forecast_only,2022-04-05,10050,4,MAM,,artifacts/splits/US_loro_kdate_splits.json,artifacts/regions/US_region_masks.nc,US,US-R1,US-R5,US-R1,target_context,12,0,surface,increment_mae,0.005308010394673549,4485,1,0.027374267578125,hyperda_v4_final_2015_2025_context2022_query2023_2025_k0_4_12
forecast_only_latw_audit_US-R1,forecast_only_latw_audit_US-R1_forecast_only_10050,forecast_only,2022-04-05,10050,4,MAM,,artifacts/splits/US_loro_kdate_splits.json,artifacts/regions/US_region_masks.nc,US,US-R1,US-R5,US-R1,target_context,12,0,surface,increment_bias,0.0022092025851625265,4485,1,0.027374267578125,hyperda_v4_final_2015_2025_context2022_query2023_2025_k0_4_12
forecast_only_latw_audit_US-R1,forecast_only_latw_audit_US-R1_forecast_only_10050,forecast_only,2022-04-05,10050,4,MAM,,artifacts/splits/US_loro_kdate_splits.json,artifacts/regions/US_region_masks.nc,US,US-R1,US-R5,US-R1,target_context,12,0,surface,increment_corr,,4485,1,0.027374267578125,hyperda_v4_final_2015_2025_context2022_query2023_2025_k0_4_12
forecast_only_latw_audit_US-R1,forecast_only_latw_audit_US-R1_forecast_only_10050,forecast_only,2022-04-05,10050,4,MAM,,artifacts/splits/US_loro_kdate_splits.json,artifacts/regions/US_region_masks.nc,US,US-R1,US-R5,US-R1,target_context,12,0,surface,sign_accuracy_deadzone,0.0,4485,1,0.027374267578125,hyperda_v4_final_2015_2025_context2022_query2023_2025_k0_4_12
forecast_only_latw_audit_US-R1,forecast_only_latw_audit_US-R1_forecast_only_10050,forecast_only,2022-04-05,10050,4,MAM,,artifacts/splits/US_loro_kdate_splits.json,artifacts/regions/US_region_masks.nc,US,US-R1,US-R5,US-R1,target_context,12,0,surface,high_update_increment_skill,0.0,4485,1,0.027374267578125,hyperda_v4_final_2015_2025_context2022_query2023_2025_k0_4_12
forecast_only_latw_audit_US-R1,forecast_only_latw_audit_US-R1_forecast_only_10050,forecast_only,2022-04-05,10050,4,MAM,,artifacts/splits/US_loro_kdate_splits.json,artifacts/regions/US_region_masks.nc,US,US-R1,US-R5,US-R1,target_context,12,0,surface,analysis_mse_latw,5.363056677478737e-05,4485,1,0.027374267578125,hyperda_v4_final_2015_2025_context2022_query2023_2025_k0_4_12
forecast_only_latw_audit_US-R1,forecast_only_latw_audit_US-R1_forecast_only_10050,forecast_only,2022-04-05,10050,4,MAM,,artifacts/splits/US_loro_kdate_splits.json,artifacts/regions/US_region_masks.nc,US,US-R1,US-R5,US-R1,target_context,12,0,surface,analysis_rmse_latw,0.007323289341190021,4485,1,0.027374267578125,hyperda_v4_final_2015_2025_context2022_query2023_2025_k0_4_12
forecast_only_latw_audit_US-R1,forecast_only_latw_audit_US-R1_forecast_only_10050,forecast_only,2022-04-05,10050,4,MAM,,artifacts/splits/US_loro_kdate_splits.json,artifacts/regions/US_region_masks.nc,US,US-R1,US-R5,US-R1,target_context,12,0,surface,analysis_rmse_sqrt_before_time_avg_latw,0.007323289341190021,4485,1,0.027374267578125,hyperda_v4_final_2015_2025_context2022_query2023_2025_k0_4_12
forecast_only_latw_audit_US-R1,forecast_only_latw_audit_US-R1_forecast_only_10050,forecast_only,2022-04-05,10050,4,MAM,,artifacts/splits/US_loro_kdate_splits.json,artifacts/regions/US_region_masks.nc,US,US-R1,US-R5,US-R1,target_context,12,0,surface,analysis_skill_vs_forecast_latw,0.0,4485,1,0.027374267578125,hyperda_v4_final_2015_2025_context2022_query2023_2025_k0_4_12
forecast_only_latw_audit_US-R1,forecast_only_latw_audit_US-R1_forecast_only_10050,forecast_only,2022-04-05,10050,4,MAM,,artifacts/splits/US_loro_kdate_splits.json,artifacts/regions/US_region_masks.nc,US,US-R1,US-R5,US-R1,target_context,12,0,surface,increment_mse_latw,5.363056677478737e-05,4485,1,0.027374267578125,hyperda_v4_final_2015_2025_context2022_query2023_2025_k0_4_12
forecast_only_latw_audit_US-R1,forecast_only_latw_audit_US-R1_forecast_only_10050,forecast_only,2022-04-05,10050,4,MAM,,artifacts/splits/US_loro_kdate_splits.json,artifacts/regions/US_region_masks.nc,US,US-R1,US-R5,US-R1,target_context,12,0,surface,increment_rmse_latw,0.007323289341190021,4485,1,0.027374267578125,hyperda_v4_final_2015_2025_context2022_query2023_2025_k0_4_12
forecast_only_latw_audit_US-R1,forecast_only_latw_audit_US-R1_forecast_only_10050,forecast_only,2022-04-05,10050,4,MAM,,artifacts/splits/US_loro_kdate_splits.json,artifacts/regions/US_region_masks.nc,US,US-R1,US-R5,US-R1,target_context,12,0,surface,increment_rmse_sqrt_before_time_avg_latw,0.007323289341190021,4485,1,0.027374267578125,hyperda_v4_final_2015_2025_context2022_query2023_2025_k0_4_12
forecast_only_latw_audit_US-R1,forecast_only_latw_audit_US-R1_forecast_only_10050,forecast_only,2022-04-05,10050,4,MAM,,artifacts/splits/US_loro_kdate_splits.json,artifacts/regions/US_region_masks.nc,US,US-R1,US-R5,US-R1,target_context,12,0,surface,increment_mae_latw,0.00528973871090996,4485,1,0.027374267578125,hyperda_v4_final_2015_2025_context2022_query2023_2025_k0_4_12
forecast_only_latw_audit_US-R1,forecast_only_latw_audit_US-R1_forecast_only_10050,forecast_only,2022-04-05,10050,4,MAM,,artifacts/splits/US_loro_kdate_splits.json,artifacts/regions/US_region_masks.nc,US,US-R1,US-R5,US-R1,target_context,12,0,surface,increment_bias_latw,0.0021939710786664456,4485,1,0.027374267578125,hyperda_v4_final_2015_2025_context2022_query2023_2025_k0_4_12
forecast_only_latw_audit_US-R1,forecast_only_latw_audit_US-R1_forecast_only_10050,forecast_only,2022-04-05,10050,4,MAM,,artifacts/splits/US_loro_kdate_splits.json,artifacts/regions/US_region_masks.nc,US,US-R1,US-R5,US-R1,target_context,12,0,surface,increment_corr_latw,,4485,1,0.027374267578125,hyperda_v4_final_2015_2025_context2022_query2023_2025_k0_4_12
forecast_only_latw_audit_US-R1,forecast_only_latw_audit_US-R1_forecast_only_10050,forecast_only,2022-04-05,10050,4,MAM,,artifacts/splits/US_loro_kdate_splits.json,artifacts/regions/US_region_masks.nc,US,US-R1,US-R5,US-R1,target_context,12,0,rootzone,analysis_rmse,0.00039941724068529656,4485,1,0.027374267578125,hyperda_v4_final_2015_2025_context2022_query2023_2025_k0_4_12
forecast_only_latw_audit_US-R1,forecast_only_latw_audit_US-R1_forecast_only_10050,forecast_only,2022-04-05,10050,4,MAM,,artifacts/splits/US_loro_kdate_splits.json,artifacts/regions/US_region_masks.nc,US,US-R1,US-R5,US-R1,target_context,12,0,rootzone,analysis_mae,0.0002833956445555889,4485,1,0.027374267578125,hyperda_v4_final_2015_2025_context2022_query2023_2025_k0_4_12
forecast_only_latw_audit_US-R1,forecast_only_latw_audit_US-R1_forecast_only_10050,forecast_only,2022-04-05,10050,4,MAM,,artifacts/splits/US_loro_kdate_splits.json,artifacts/regions/US_region_masks.nc,US,US-R1,US-R5,US-R1,target_context,12,0,rootzone,analysis_skill_vs_forecast,0.0,4485,1,0.027374267578125,hyperda_v4_final_2015_2025_context2022_query2023_2025_k0_4_12
forecast_only_latw_audit_US-R1,forecast_only_latw_audit_US-R1_forecast_only_10050,forecast_only,2022-04-05,10050,4,MAM,,artifacts/splits/US_loro_kdate_splits.json,artifacts/regions/US_region_masks.nc,US,US-R1,US-R5,US-R1,target_context,12,0,rootzone,increment_rmse,0.00039941724068529656,4485,1,0.027374267578125,hyperda_v4_final_2015_2025_context2022_query2023_2025_k0_4_12
forecast_only_latw_audit_US-R1,forecast_only_latw_audit_US-R1_forecast_only_10050,forecast_only,2022-04-05,10050,4,MAM,,artifacts/splits/US_loro_kdate_splits.json,artifacts/regions/US_region_masks.nc,US,US-R1,US-R5,US-R1,target_context,12,0,rootzone,increment_mae,0.0002833956445555889,4485,1,0.027374267578125,hyperda_v4_final_2015_2025_context2022_query2023_2025_k0_4_12
forecast_only_latw_audit_US-R1,forecast_only_latw_audit_US-R1_forecast_only_10050,forecast_only,2022-04-05,10050,4,MAM,,artifacts/splits/US_loro_kdate_splits.json,artifacts/regions/US_region_masks.nc,US,US-R1,US-R5,US-R1,target_context,12,0,rootzone,increment_bias,9.860698457645334e-05,4485,1,0.027374267578125,hyperda_v4_final_2015_2025_context2022_query2023_2025_k0_4_12
forecast_only_latw_audit_US-R1,forecast_only_latw_audit_US-R1_forecast_only_10050,forecast_only,2022-04-05,10050,4,MAM,,artifacts/splits/US_loro_kdate_splits.json,artifacts/regions/US_region_masks.nc,US,US-R1,US-R5,US-R1,target_context,12,0,rootzone,increment_corr,,4485,1,0.027374267578125,hyperda_v4_final_2015_2025_context2022_query2023_2025_k0_4_12
forecast_only_latw_audit_US-R1,forecast_only_latw_audit_US-R1_forecast_only_10050,forecast_only,2022-04-05,10050,4,MAM,,artifacts/splits/US_loro_kdate_splits.json,artifacts/regions/US_region_masks.nc,US,US-R1,US-R5,US-R1,target_context,12,0,rootzone,sign_accuracy_deadzone,,4485,1,0.027374267578125,hyperda_v4_final_2015_2025_context2022_query2023_2025_k0_4_12
forecast_only_latw_audit_US-R1,forecast_only_latw_audit_US-R1_forecast_only_10050,forecast_only,2022-04-05,10050,4,MAM,,artifacts/splits/US_loro_kdate_splits.json,artifacts/regions/US_region_masks.nc,US,US-R1,US-R5,US-R1,target_context,12,0,rootzone,high_update_increment_skill,0.0,4485,1,0.027374267578125,hyperda_v4_final_2015_2025_context2022_query2023_2025_k0_4_12
forecast_only_latw_audit_US-R1,forecast_only_latw_audit_US-R1_forecast_only_10050,forecast_only,2022-04-05,10050,4,MAM,,artifacts/splits/US_loro_kdate_splits.json,artifacts/regions/US_region_masks.nc,US,US-R1,US-R5,US-R1,target_context,12,0,rootzone,analysis_mse_latw,1.584374329367994e-07,4485,1,0.027374267578125,hyperda_v4_final_2015_2025_context2022_query2023_2025_k0_4_12
forecast_only_latw_audit_US-R1,forecast_only_latw_audit_US-R1_forecast_only_10050,forecast_only,2022-04-05,10050,4,MAM,,artifacts/splits/US_loro_kdate_splits.json,artifacts/regions/US_region_masks.nc,US,US-R1,US-R5,US-R1,target_context,12,0,rootzone,analysis_rmse_latw,0.0003980419989609129,4485,1,0.027374267578125,hyperda_v4_final_2015_2025_context2022_query2023_2025_k0_4_12
forecast_only_latw_audit_US-R1,forecast_only_latw_audit_US-R1_forecast_only_10050,forecast_only,2022-04-05,10050,4,MAM,,artifacts/splits/US_loro_kdate_splits.json,artifacts/regions/US_region_masks.nc,US,US-R1,US-R5,US-R1,target_context,12,0,rootzone,analysis_rmse_sqrt_before_time_avg_latw,0.0003980419989609129,4485,1,0.027374267578125,hyperda_v4_final_2015_2025_context2022_query2023_2025_k0_4_12
forecast_only_latw_audit_US-R1,forecast_only_latw_audit_US-R1_forecast_only_10050,forecast_only,2022-04-05,10050,4,MAM,,artifacts/splits/US_loro_kdate_splits.json,artifacts/regions/US_region_masks.nc,US,US-R1,US-R5,US-R1,target_context,12,0,rootzone,analysis_skill_vs_forecast_latw,0.0,4485,1,0.027374267578125,hyperda_v4_final_2015_2025_context2022_query2023_2025_k0_4_12
forecast_only_latw_audit_US-R1,forecast_only_latw_audit_US-R1_forecast_only_10050,forecast_only,2022-04-05,10050,4,MAM,,artifacts/splits/US_loro_kdate_splits.json,artifacts/regions/US_region_masks.nc,US,US-R1,US-R5,US-R1,target_context,12,0,rootzone,increment_mse_latw,1.584374329367994e-07,4485,1,0.027374267578125,hyperda_v4_final_2015_2025_context2022_query2023_2025_k0_4_12
forecast_only_latw_audit_US-R1,forecast_only_latw_audit_US-R1_forecast_only_10050,forecast_only,2022-04-05,10050,4,MAM,,artifacts/splits/US_loro_kdate_splits.json,artifacts/regions/US_region_masks.nc,US,US-R1,US-R5,US-R1,target_context,12,0,rootzone,increment_rmse_latw,0.0003980419989609129,4485,1,0.027374267578125,hyperda_v4_final_2015_2025_context2022_query2023_2025_k0_4_12
forecast_only_latw_audit_US-R1,forecast_only_latw_audit_US-R1_forecast_only_10050,forecast_only,2022-04-05,10050,4,MAM,,artifacts/splits/US_loro_kdate_splits.json,artifacts/regions/US_region_masks.nc,US,US-R1,US-R5,US-R1,target_context,12,0,rootzone,increment_rmse_sqrt_before_time_avg_latw,0.0003980419989609129,4485,1,0.027374267578125,hyperda_v4_final_2015_2025_context2022_query2023_2025_k0_4_12
forecast_only_latw_audit_US-R1,forecast_only_latw_audit_US-R1_forecast_only_10050,forecast_only,2022-04-05,10050,4,MAM,,artifacts/splits/US_loro_kdate_splits.json,artifacts/regions/US_region_masks.nc,US,US-R1,US-R5,US-R1,target_context,12,0,rootzone,increment_mae_latw,0.0002823858622670298,4485,1,0.027374267578125,hyperda_v4_final_2015_2025_context2022_query2023_2025_k0_4_12
forecast_only_latw_audit_US-R1,forecast_only_latw_audit_US-R1_forecast_only_10050,forecast_only,2022-04-05,10050,4,MAM,,artifacts/splits/US_loro_kdate_splits.json,artifacts/regions/US_region_masks.nc,US,US-R1,US-R5,US-R1,target_context,12,0,rootzone,increment_bias_latw,9.784820893134597e-05,4485,1,0.027374267578125,hyperda_v4_final_2015_2025_context2022_query2023_2025_k0_4_12
forecast_only_latw_audit_US-R1,forecast_only_latw_audit_US-R1_forecast_only_10050,forecast_only,2022-04-05,10050,4,MAM,,artifacts/splits/US_loro_kdate_splits.json,artifacts/regions/US_region_masks.nc,US,US-R1,US-R5,US-R1,target_context,12,0,rootzone,increment_corr_latw,,4485,1,0.027374267578125,hyperda_v4_final_2015_2025_context2022_query2023_2025_k0_4_12
forecast_only_latw_audit_US-R1,forecast_only_latw_audit_US-R1_forecast_only_10194,forecast_only,2022-05-10,10194,5,MAM,,artifacts/splits/US_loro_kdate_splits.json,artifacts/regions/US_region_masks.nc,US,US-R1,US-R5,US-R1,target_context,12,0,surface,analysis_rmse,0.007796551103491701,4485,1,0.027374267578125,hyperda_v4_final_2015_2025_context2022_query2023_2025_k0_4_12
forecast_only_latw_audit_US-R1,forecast_only_latw_audit_US-R1_forecast_only_10194,forecast_only,2022-05-10,10194,5,MAM,,artifacts/splits/US_loro_kdate_splits.json,artifacts/regions/US_region_masks.nc,US,US-R1,US-R5,US-R1,target_context,12,0,surface,analysis_mae,0.005748802577140206,4485,1,0.027374267578125,hyperda_v4_final_2015_2025_context2022_query2023_2025_k0_4_12
forecast_only_latw_audit_US-R1,forecast_only_latw_audit_US-R1_forecast_only_10194,forecast_only,2022-05-10,10194,5,MAM,,artifacts/splits/US_loro_kdate_splits.json,artifacts/regions/US_region_masks.nc,US,US-R1,US-R5,US-R1,target_context,12,0,surface,analysis_skill_vs_forecast,0.0,4485,1,0.027374267578125,hyperda_v4_final_2015_2025_context2022_query2023_2025_k0_4_12
forecast_only_latw_audit_US-R1,forecast_only_latw_audit_US-R1_forecast_only_10194,forecast_only,2022-05-10,10194,5,MAM,,artifacts/splits/US_loro_kdate_splits.json,artifacts/regions/US_region_masks.nc,US,US-R1,US-R5,US-R1,target_context,12,0,surface,increment_rmse,0.0077965511020726234,4485,1,0.027374267578125,hyperda_v4_final_2015_2025_context2022_query2023_2025_k0_4_12
forecast_only_latw_audit_US-R1,forecast_only_latw_audit_US-R1_forecast_only_10194,forecast_only,2022-05-10,10194,5,MAM,,artifacts/splits/US_loro_kdate_splits.json,artifacts/regions/US_region_masks.nc,US,US-R1,US-R5,US-R1,target_context,12,0,surface,increment_mae,0.005748802576517248,4485,1,0.027374267578125,hyperda_v4_final_2015_2025_context2022_query2023_2025_k0_4_12
forecast_only_latw_audit_US-R1,forecast_only_latw_audit_US-R1_forecast_only_10194,forecast_only,2022-05-10,10194,5,MAM,,artifacts/splits/US_loro_kdate_splits.json,artifacts/regions/US_region_masks.nc,US,US-R1,US-R5,US-R1,target_context,12,0,surface,increment_bias,0.005241124250758917,4485,1,0.027374267578125,hyperda_v4_final_2015_2025_context2022_query2023_2025_k0_4_12
forecast_only_latw_audit_US-R1,forecast_only_latw_audit_US-R1_forecast_only_10194,forecast_only,2022-05-10,10194,5,MAM,,artifacts/splits/US_loro_kdate_splits.json,artifacts/regions/US_region_masks.nc,US,US-R1,US-R5,US-R1,target_context,12,0,surface,increment_corr,,4485,1,0.027374267578125,hyperda_v4_final_2015_2025_context2022_query2023_2025_k0_4_12
forecast_only_latw_audit_US-R1,forecast_only_latw_audit_US-R1_forecast_only_10194,forecast_only,2022-05-10,10194,5,MAM,,artifacts/splits/US_loro_kdate_splits.json,artifacts/regions/US_region_masks.nc,US,US-R1,US-R5,US-R1,target_context,12,0,surface,sign_accuracy_deadzone,0.0,4485,1,0.027374267578125,hyperda_v4_final_2015_2025_context2022_query2023_2025_k0_4_12
forecast_only_latw_audit_US-R1,forecast_only_latw_audit_US-R1_forecast_only_10194,forecast_only,2022-05-10,10194,5,MAM,,artifacts/splits/US_loro_kdate_splits.json,artifacts/regions/US_region_masks.nc,US,US-R1,US-R5,US-R1,target_context,12,0,surface,high_update_increment_skill,0.0,4485,1,0.027374267578125,hyperda_v4_final_2015_2025_context2022_query2023_2025_k0_4_12
forecast_only_latw_audit_US-R1,forecast_only_latw_audit_US-R1_forecast_only_10194,forecast_only,2022-05-10,10194,5,MAM,,artifacts/splits/US_loro_kdate_splits.json,artifacts/regions/US_region_masks.nc,US,US-R1,US-R5,US-R1,target_context,12,0,surface,analysis_mse_latw,6.0525969162839114e-05,4485,1,0.027374267578125,hyperda_v4_final_2015_2025_context2022_query2023_2025_k0_4_12
forecast_only_latw_audit_US-R1,forecast_only_latw_audit_US-R1_forecast_only_10194,forecast_only,2022-05-10,10194,5,MAM,,artifacts/splits/US_loro_kdate_splits.json,artifacts/regions/US_region_masks.nc,US,US-R1,US-R5,US-R1,target_context,12,0,surface,analysis_rmse_latw,0.007779843774963551,4485,1,0.027374267578125,hyperda_v4_final_2015_2025_context2022_query2023_2025_k0_4_12
forecast_only_latw_audit_US-R1,forecast_only_latw_audit_US-R1_forecast_only_10194,forecast_only,2022-05-10,10194,5,MAM,,artifacts/splits/US_loro_kdate_splits.json,artifacts/regions/US_region_masks.nc,US,US-R1,US-R5,US-R1,target_context,12,0,surface,analysis_rmse_sqrt_before_time_avg_latw,0.007779843774963551,4485,1,0.027374267578125,hyperda_v4_final_2015_2025_context2022_query2023_2025_k0_4_12
forecast_only_latw_audit_US-R1,forecast_only_latw_audit_US-R1_forecast_only_10194,forecast_only,2022-05-10,10194,5,MAM,,artifacts/splits/US_loro_kdate_splits.json,artifacts/regions/US_region_masks.nc,US,US-R1,US-R5,US-R1,target_context,12,0,surface,analysis_skill_vs_forecast_latw,0.0,4485,1,0.027374267578125,hyperda_v4_final_2015_2025_context2022_query2023_2025_k0_4_12
forecast_only_latw_audit_US-R1,forecast_only_latw_audit_US-R1_forecast_only_10194,forecast_only,2022-05-10,10194,5,MAM,,artifacts/splits/US_loro_kdate_splits.json,artifacts/regions/US_region_masks.nc,US,US-R1,US-R5,US-R1,target_context,12,0,surface,increment_mse_latw,6.0525969140152685e-05,4485,1,0.027374267578125,hyperda_v4_final_2015_2025_context2022_query2023_2025_k0_4_12
forecast_only_latw_audit_US-R1,forecast_only_latw_audit_US-R1_forecast_only_10194,forecast_only,2022-05-10,10194,5,MAM,,artifacts/splits/US_loro_kdate_splits.json,artifacts/regions/US_region_masks.nc,US,US-R1,US-R5,US-R1,target_context,12,0,surface,increment_rmse_latw,0.007779843773505525,4485,1,0.027374267578125,hyperda_v4_final_2015_2025_context2022_query2023_2025_k0_4_12
forecast_only_latw_audit_US-R1,forecast_only_latw_audit_US-R1_forecast_only_10194,forecast_only,2022-05-10,10194,5,MAM,,artifacts/splits/US_loro_kdate_splits.json,artifacts/regions/US_region_masks.nc,US,US-R1,US-R5,US-R1,target_context,12,0,surface,increment_rmse_sqrt_before_time_avg_latw,0.007779843773505525,4485,1,0.027374267578125,hyperda_v4_final_2015_2025_context2022_query2023_2025_k0_4_12
forecast_only_latw_audit_US-R1,forecast_only_latw_audit_US-R1_forecast_only_10194,forecast_only,2022-05-10,10194,5,MAM,,artifacts/splits/US_loro_kdate_splits.json,artifacts/regions/US_region_masks.nc,US,US-R1,US-R5,US-R1,target_context,12,0,surface,increment_mae_latw,0.005731822169078048,4485,1,0.027374267578125,hyperda_v4_final_2015_2025_context2022_query2023_2025_k0_4_12
forecast_only_latw_audit_US-R1,forecast_only_latw_audit_US-R1_forecast_only_10194,forecast_only,2022-05-10,10194,5,MAM,,artifacts/splits/US_loro_kdate_splits.json,artifacts/regions/US_region_masks.nc,US,US-R1,US-R5,US-R1,target_context,12,0,surface,increment_bias_latw,0.005215977751518318,4485,1,0.027374267578125,hyperda_v4_final_2015_2025_context2022_query2023_2025_k0_4_12
forecast_only_latw_audit_US-R1,forecast_only_latw_audit_US-R1_forecast_only_10194,forecast_only,2022-05-10,10194,5,MAM,,artifacts/splits/US_loro_kdate_splits.json,artifacts/regions/US_region_masks.nc,US,US-R1,US-R5,US-R1,target_context,12,0,surface,increment_corr_latw,,4485,1,0.027374267578125,hyperda_v4_final_2015_2025_context2022_query2023_2025_k0_4_12
forecast_only_latw_audit_US-R1,forecast_only_latw_audit_US-R1_forecast_only_10194,forecast_only,2022-05-10,10194,5,MAM,,artifacts/splits/US_loro_kdate_splits.json,artifacts/regions/US_region_masks.nc,US,US-R1,US-R5,US-R1,target_context,12,0,rootzone,analysis_rmse,0.0004119623427474876,4485,1,0.027374267578125,hyperda_v4_final_2015_2025_context2022_query2023_2025_k0_4_12
forecast_only_latw_audit_US-R1,forecast_only_latw_audit_US-R1_forecast_only_10194,forecast_only,2022-05-10,10194,5,MAM,,artifacts/splits/US_loro_kdate_splits.json,artifacts/regions/US_region_masks.nc,US,US-R1,US-R5,US-R1,target_context,12,0,rootzone,analysis_mae,0.0002951608720539738,4485,1,0.027374267578125,hyperda_v4_final_2015_2025_context2022_query2023_2025_k0_4_12
forecast_only_latw_audit_US-R1,forecast_only_latw_audit_US-R1_forecast_only_10194,forecast_only,2022-05-10,10194,5,MAM,,artifacts/splits/US_loro_kdate_splits.json,artifacts/regions/US_region_masks.nc,US,US-R1,US-R5,US-R1,target_context,12,0,rootzone,analysis_skill_vs_forecast,0.0,4485,1,0.027374267578125,hyperda_v4_final_2015_2025_context2022_query2023_2025_k0_4_12
forecast_only_latw_audit_US-R1,forecast_only_latw_audit_US-R1_forecast_only_10194,forecast_only,2022-05-10,10194,5,MAM,,artifacts/splits/US_loro_kdate_splits.json,artifacts/regions/US_region_masks.nc,US,US-R1,US-R5,US-R1,target_context,12,0,rootzone,increment_rmse,0.0004119623427474876,4485,1,0.027374267578125,hyperda_v4_final_2015_2025_context2022_query2023_2025_k0_4_12
forecast_only_latw_audit_US-R1,forecast_only_latw_audit_US-R1_forecast_only_10194,forecast_only,2022-05-10,10194,5,MAM,,artifacts/splits/US_loro_kdate_splits.json,artifacts/regions/US_region_masks.nc,US,US-R1,US-R5,US-R1,target_context,12,0,rootzone,increment_mae,0.0002951608720539738,4485,1,0.027374267578125,hyperda_v4_final_2015_2025_context2022_query2023_2025_k0_4_12
forecast_only_latw_audit_US-R1,forecast_only_latw_audit_US-R1_forecast_only_10194,forecast_only,2022-05-10,10194,5,MAM,,artifacts/splits/US_loro_kdate_splits.json,artifacts/regions/US_region_masks.nc,US,US-R1,US-R5,US-R1,target_context,12,0,rootzone,increment_bias,0.0002579099920224253,4485,1,0.027374267578125,hyperda_v4_final_2015_2025_context2022_query2023_2025_k0_4_12
forecast_only_latw_audit_US-R1,forecast_only_latw_audit_US-R1_forecast_only_10194,forecast_only,2022-05-10,10194,5,MAM,,artifacts/splits/US_loro_kdate_splits.json,artifacts/regions/US_region_masks.nc,US,US-R1,US-R5,US-R1,target_context,12,0,rootzone,increment_corr,,4485,1,0.027374267578125,hyperda_v4_final_2015_2025_context2022_query2023_2025_k0_4_12
forecast_only_latw_audit_US-R1,forecast_only_latw_audit_US-R1_forecast_only_10194,forecast_only,2022-05-10,10194,5,MAM,,artifacts/splits/US_loro_kdate_splits.json,artifacts/regions/US_region_masks.nc,US,US-R1,US-R5,US-R1,target_context,12,0,rootzone,sign_accuracy_deadzone,,4485,1,0.027374267578125,hyperda_v4_final_2015_2025_context2022_query2023_2025_k0_4_12
forecast_only_latw_audit_US-R1,forecast_only_latw_audit_US-R1_forecast_only_10194,forecast_only,2022-05-10,10194,5,MAM,,artifacts/splits/US_loro_kdate_splits.json,artifacts/regions/US_region_masks.nc,US,US-R1,US-R5,US-R1,target_context,12,0,rootzone,high_update_increment_skill,0.0,4485,1,0.027374267578125,hyperda_v4_final_2015_2025_context2022_query2023_2025_k0_4_12
forecast_only_latw_audit_US-R1,forecast_only_latw_audit_US-R1_forecast_only_10194,forecast_only,2022-05-10,10194,5,MAM,,artifacts/splits/US_loro_kdate_splits.json,artifacts/regions/US_region_masks.nc,US,US-R1,US-R5,US-R1,target_context,12,0,rootzone,analysis_mse_latw,1.688319335453499e-07,4485,1,0.027374267578125,hyperda_v4_final_2015_2025_context2022_query2023_2025_k0_4_12
forecast_only_latw_audit_US-R1,forecast_only_latw_audit_US-R1_forecast_only_10194,forecast_only,2022-05-10,10194,5,MAM,,artifacts/splits/US_loro_kdate_splits.json,artifacts/regions/US_region_masks.nc,US,US-R1,US-R5,US-R1,target_context,12,0,rootzone,analysis_rmse_latw,0.00041089163236229315,4485,1,0.027374267578125,hyperda_v4_final_2015_2025_context2022_query2023_2025_k0_4_12
forecast_only_latw_audit_US-R1,forecast_only_latw_audit_US-R1_forecast_only_10194,forecast_only,2022-05-10,10194,5,MAM,,artifacts/splits/US_loro_kdate_splits.json,artifacts/regions/US_region_masks.nc,US,US-R1,US-R5,US-R1,target_context,12,0,rootzone,analysis_rmse_sqrt_before_time_avg_latw,0.00041089163236229315,4485,1,0.027374267578125,hyperda_v4_final_2015_2025_context2022_query2023_2025_k0_4_12
forecast_only_latw_audit_US-R1,forecast_only_latw_audit_US-R1_forecast_only_10194,forecast_only,2022-05-10,10194,5,MAM,,artifacts/splits/US_loro_kdate_splits.json,artifacts/regions/US_region_masks.nc,US,US-R1,US-R5,US-R1,target_context,12,0,rootzone,analysis_skill_vs_forecast_latw,0.0,4485,1,0.027374267578125,hyperda_v4_final_2015_2025_context2022_query2023_2025_k0_4_12
forecast_only_latw_audit_US-R1,forecast_only_latw_audit_US-R1_forecast_only_10194,forecast_only,2022-05-10,10194,5,MAM,,artifacts/splits/US_loro_kdate_splits.json,artifacts/regions/US_region_masks.nc,US,US-R1,US-R5,US-R1,target_context,12,0,rootzone,increment_mse_latw,1.688319335453499e-07,4485,1,0.027374267578125,hyperda_v4_final_2015_2025_context2022_query2023_2025_k0_4_12
forecast_only_latw_audit_US-R1,forecast_only_latw_audit_US-R1_forecast_only_10194,forecast_only,2022-05-10,10194,5,MAM,,artifacts/splits/US_loro_kdate_splits.json,artifacts/regions/US_region_masks.nc,US,US-R1,US-R5,US-R1,target_context,12,0,rootzone,increment_rmse_latw,0.00041089163236229315,4485,1,0.027374267578125,hyperda_v4_final_2015_2025_context2022_query2023_2025_k0_4_12
forecast_only_latw_audit_US-R1,forecast_only_latw_audit_US-R1_forecast_only_10194,forecast_only,2022-05-10,10194,5,MAM,,artifacts/splits/US_loro_kdate_splits.json,artifacts/regions/US_region_masks.nc,US,US-R1,US-R5,US-R1,target_context,12,0,rootzone,increment_rmse_sqrt_before_time_avg_latw,0.00041089163236229315,4485,1,0.027374267578125,hyperda_v4_final_2015_2025_context2022_query2023_2025_k0_4_12
forecast_only_latw_audit_US-R1,forecast_only_latw_audit_US-R1_forecast_only_10194,forecast_only,2022-05-10,10194,5,MAM,,artifacts/splits/US_loro_kdate_splits.json,artifacts/regions/US_region_masks.nc,US,US-R1,US-R5,US-R1,target_context,12,0,rootzone,increment_mae_latw,0.0002941722542757667,4485,1,0.027374267578125,hyperda_v4_final_2015_2025_context2022_query2023_2025_k0_4_12
forecast_only_latw_audit_US-R1,forecast_only_latw_audit_US-R1_forecast_only_10194,forecast_only,2022-05-10,10194,5,MAM,,artifacts/splits/US_loro_kdate_splits.json,artifacts/regions/US_region_masks.nc,US,US-R1,US-R5,US-R1,target_context,12,0,rootzone,increment_bias_latw,0.000256682731571616,4485,1,0.027374267578125,hyperda_v4_final_2015_2025_context2022_query2023_2025_k0_4_12
forecast_only_latw_audit_US-R1,forecast_only_latw_audit_US-R1_forecast_only_10194,forecast_only,2022-05-10,10194,5,MAM,,artifacts/splits/US_loro_kdate_splits.json,artifacts/regions/US_region_masks.nc,US,US-R1,US-R5,US-R1,target_context,12,0,rootzone,increment_corr_latw,,4485,1,0.027374267578125,hyperda_v4_final_2015_2025_context2022_query2023_2025_k0_4_12
forecast_only_latw_audit_US-R1,forecast_only_latw_audit_US-R1_forecast_only_10329,forecast_only,2022-06-11,10329,6,JJA,,artifacts/splits/US_loro_kdate_splits.json,artifacts/regions/US_region_masks.nc,US,US-R1,US-R5,US-R1,target_context,12,0,surface,analysis_rmse,0.005556262500906981,4485,1,0.027374267578125,hyperda_v4_final_2015_2025_context2022_query2023_2025_k0_4_12
forecast_only_latw_audit_US-R1,forecast_only_latw_audit_US-R1_forecast_only_10329,forecast_only,2022-06-11,10329,6,JJA,,artifacts/splits/US_loro_kdate_splits.json,artifacts/regions/US_region_masks.nc,US,US-R1,US-R5,US-R1,target_context,12,0,surface,analysis_mae,0.004074456949729717,4485,1,0.027374267578125,hyperda_v4_final_2015_2025_context2022_query2023_2025_k0_4_12
forecast_only_latw_audit_US-R1,forecast_only_latw_audit_US-R1_forecast_only_10329,forecast_only,2022-06-11,10329,6,JJA,,artifacts/splits/US_loro_kdate_splits.json,artifacts/regions/US_region_masks.nc,US,US-R1,US-R5,US-R1,target_context,12,0,surface,analysis_skill_vs_forecast,0.0,4485,1,0.027374267578125,hyperda_v4_final_2015_2025_context2022_query2023_2025_k0_4_12
forecast_only_latw_audit_US-R1,forecast_only_latw_audit_US-R1_forecast_only_10329,forecast_only,2022-06-11,10329,6,JJA,,artifacts/splits/US_loro_kdate_splits.json,artifacts/regions/US_region_masks.nc,US,US-R1,US-R5,US-R1,target_context,12,0,surface,increment_rmse,0.005556262500906981,4485,1,0.027374267578125,hyperda_v4_final_2015_2025_context2022_query2023_2025_k0_4_12
forecast_only_latw_audit_US-R1,forecast_only_latw_audit_US-R1_forecast_only_10329,forecast_only,2022-06-11,10329,6,JJA,,artifacts/splits/US_loro_kdate_splits.json,artifacts/regions/US_region_masks.nc,US,US-R1,US-R5,US-R1,target_context,12,0,surface,increment_mae,0.004074456949729717,4485,1,0.027374267578125,hyperda_v4_final_2015_2025_context2022_query2023_2025_k0_4_12
forecast_only_latw_audit_US-R1,forecast_only_latw_audit_US-R1_forecast_only_10329,forecast_only,2022-06-11,10329,6,JJA,,artifacts/splits/US_loro_kdate_splits.json,artifacts/regions/US_region_masks.nc,US,US-R1,US-R5,US-R1,target_context,12,0,surface,increment_bias,-0.0020594272874669486,4485,1,0.027374267578125,hyperda_v4_final_2015_2025_context2022_query2023_2025_k0_4_12
forecast_only_latw_audit_US-R1,forecast_only_latw_audit_US-R1_forecast_only_10329,forecast_only,2022-06-11,10329,6,JJA,,artifacts/splits/US_loro_kdate_splits.json,artifacts/regions/US_region_masks.nc,US,US-R1,US-R5,US-R1,target_context,12,0,surface,increment_corr,,4485,1,0.027374267578125,hyperda_v4_final_2015_2025_context2022_query2023_2025_k0_4_12
forecast_only_latw_audit_US-R1,forecast_only_latw_audit_US-R1_forecast_only_10329,forecast_only,2022-06-11,10329,6,JJA,,artifacts/splits/US_loro_kdate_splits.json,artifacts/regions/US_region_masks.nc,US,US-R1,US-R5,US-R1,target_context,12,0,surface,sign_accuracy_deadzone,0.0,4485,1,0.027374267578125,hyperda_v4_final_2015_2025_context2022_query2023_2025_k0_4_12
forecast_only_latw_audit_US-R1,forecast_only_latw_audit_US-R1_forecast_only_10329,forecast_only,2022-06-11,10329,6,JJA,,artifacts/splits/US_loro_kdate_splits.json,artifacts/regions/US_region_masks.nc,US,US-R1,US-R5,US-R1,target_context,12,0,surface,high_update_increment_skill,0.0,4485,1,0.027374267578125,hyperda_v4_final_2015_2025_context2022_query2023_2025_k0_4_12
forecast_only_latw_audit_US-R1,forecast_only_latw_audit_US-R1_forecast_only_10329,forecast_only,2022-06-11,10329,6,JJA,,artifacts/splits/US_loro_kdate_splits.json,artifacts/regions/US_region_masks.nc,US,US-R1,US-R5,US-R1,target_context,12,0,surface,analysis_mse_latw,3.10170852897991e-05,4485,1,0.027374267578125,hyperda_v4_final_2015_2025_context2022_query2023_2025_k0_4_12
forecast_only_latw_audit_US-R1,forecast_only_latw_audit_US-R1_forecast_only_10329,forecast_only,2022-06-11,10329,6,JJA,,artifacts/splits/US_loro_kdate_splits.json,artifacts/regions/US_region_masks.nc,US,US-R1,US-R5,US-R1,target_context,12,0,surface,analysis_rmse_latw,0.00556929845580205,4485,1,0.027374267578125,hyperda_v4_final_2015_2025_context2022_query2023_2025_k0_4_12
forecast_only_latw_audit_US-R1,forecast_only_latw_audit_US-R1_forecast_only_10329,forecast_only,2022-06-11,10329,6,JJA,,artifacts/splits/US_loro_kdate_splits.json,artifacts/regions/US_region_masks.nc,US,US-R1,US-R5,US-R1,target_context,12,0,surface,analysis_rmse_sqrt_before_time_avg_latw,0.00556929845580205,4485,1,0.027374267578125,hyperda_v4_final_2015_2025_context2022_query2023_2025_k0_4_12
forecast_only_latw_audit_US-R1,forecast_only_latw_audit_US-R1_forecast_only_10329,forecast_only,2022-06-11,10329,6,JJA,,artifacts/splits/US_loro_kdate_splits.json,artifacts/regions/US_region_masks.nc,US,US-R1,US-R5,US-R1,target_context,12,0,surface,analysis_skill_vs_forecast_latw,0.0,4485,1,0.027374267578125,hyperda_v4_final_2015_2025_context2022_query2023_2025_k0_4_12
forecast_only_latw_audit_US-R1,forecast_only_latw_audit_US-R1_forecast_only_10329,forecast_only,2022-06-11,10329,6,JJA,,artifacts/splits/US_loro_kdate_splits.json,artifacts/regions/US_region_masks.nc,US,US-R1,US-R5,US-R1,target_context,12,0,surface,increment_mse_latw,3.10170852897991e-05,4485,1,0.027374267578125,hyperda_v4_final_2015_2025_context2022_query2023_2025_k0_4_12
forecast_only_latw_audit_US-R1,forecast_only_latw_audit_US-R1_forecast_only_10329,forecast_only,2022-06-11,10329,6,JJA,,artifacts/splits/US_loro_kdate_splits.json,artifacts/regions/US_region_masks.nc,US,US-R1,US-R5,US-R1,target_context,12,0,surface,increment_rmse_latw,0.00556929845580205,4485,1,0.027374267578125,hyperda_v4_final_2015_2025_context2022_query2023_2025_k0_4_12
forecast_only_latw_audit_US-R1,forecast_only_latw_audit_US-R1_forecast_only_10329,forecast_only,2022-06-11,10329,6,JJA,,artifacts/splits/US_loro_kdate_splits.json,artifacts/regions/US_region_masks.nc,US,US-R1,US-R5,US-R1,target_context,12,0,surface,increment_rmse_sqrt_before_time_avg_latw,0.00556929845580205,4485,1,0.027374267578125,hyperda_v4_final_2015_2025_context2022_query2023_2025_k0_4_12
forecast_only_latw_audit_US-R1,forecast_only_latw_audit_US-R1_forecast_only_10329,forecast_only,2022-06-11,10329,6,JJA,,artifacts/splits/US_loro_kdate_splits.json,artifacts/regions/US_region_masks.nc,US,US-R1,US-R5,US-R1,target_context,12,0,surface,increment_mae_latw,0.004083487105631839,4485,1,0.027374267578125,hyperda_v4_final_2015_2025_context2022_query2023_2025_k0_4_12
forecast_only_latw_audit_US-R1,forecast_only_latw_audit_US-R1_forecast_only_10329,forecast_only,2022-06-11,10329,6,JJA,,artifacts/splits/US_loro_kdate_splits.json,artifacts/regions/US_region_masks.nc,US,US-R1,US-R5,US-R1,target_context,12,0,surface,increment_bias_latw,-0.0020618808331606233,4485,1,0.027374267578125,hyperda_v4_final_2015_2025_context2022_query2023_2025_k0_4_12
forecast_only_latw_audit_US-R1,forecast_only_latw_audit_US-R1_forecast_only_10329,forecast_only,2022-06-11,10329,6,JJA,,artifacts/splits/US_loro_kdate_splits.json,artifacts/regions/US_region_masks.nc,US,US-R1,US-R5,US-R1,target_context,12,0,surface,increment_corr_latw,,4485,1,0.027374267578125,hyperda_v4_final_2015_2025_context2022_query2023_2025_k0_4_12
forecast_only_latw_audit_US-R1,forecast_only_latw_audit_US-R1_forecast_only_10329,forecast_only,2022-06-11,10329,6,JJA,,artifacts/splits/US_loro_kdate_splits.json,artifacts/regions/US_region_masks.nc,US,US-R1,US-R5,US-R1,target_context,12,0,rootzone,analysis_rmse,0.00029064765508929645,4485,1,0.027374267578125,hyperda_v4_final_2015_2025_context2022_query2023_2025_k0_4_12
forecast_only_latw_audit_US-R1,forecast_only_latw_audit_US-R1_forecast_only_10329,forecast_only,2022-06-11,10329,6,JJA,,artifacts/splits/US_loro_kdate_splits.json,artifacts/regions/US_region_masks.nc,US,US-R1,US-R5,US-R1,target_context,12,0,rootzone,analysis_mae,0.00021308530391990274,4485,1,0.027374267578125,hyperda_v4_final_2015_2025_context2022_query2023_2025_k0_4_12
forecast_only_latw_audit_US-R1,forecast_only_latw_audit_US-R1_forecast_only_10329,forecast_only,2022-06-11,10329,6,JJA,,artifacts/splits/US_loro_kdate_splits.json,artifacts/regions/US_region_masks.nc,US,US-R1,US-R5,US-R1,target_context,12,0,rootzone,analysis_skill_vs_forecast,0.0,4485,1,0.027374267578125,hyperda_v4_final_2015_2025_context2022_query2023_2025_k0_4_12
forecast_only_latw_audit_US-R1,forecast_only_latw_audit_US-R1_forecast_only_10329,forecast_only,2022-06-11,10329,6,JJA,,artifacts/splits/US_loro_kdate_splits.json,artifacts/regions/US_region_masks.nc,US,US-R1,US-R5,US-R1,target_context,12,0,rootzone,increment_rmse,0.00029064765508929645,4485,1,0.027374267578125,hyperda_v4_final_2015_2025_context2022_query2023_2025_k0_4_12
forecast_only_latw_audit_US-R1,forecast_only_latw_audit_US-R1_forecast_only_10329,forecast_only,2022-06-11,10329,6,JJA,,artifacts/splits/US_loro_kdate_splits.json,artifacts/regions/US_region_masks.nc,US,US-R1,US-R5,US-R1,target_context,12,0,rootzone,increment_mae,0.00021308530391990274,4485,1,0.027374267578125,hyperda_v4_final_2015_2025_context2022_query2023_2025_k0_4_12
forecast_only_latw_audit_US-R1,forecast_only_latw_audit_US-R1_forecast_only_10329,forecast_only,2022-06-11,10329,6,JJA,,artifacts/splits/US_loro_kdate_splits.json,artifacts/regions/US_region_masks.nc,US,US-R1,US-R5,US-R1,target_context,12,0,rootzone,increment_bias,-0.00011802030106385548,4485,1,0.027374267578125,hyperda_v4_final_2015_2025_context2022_query2023_2025_k0_4_12
forecast_only_latw_audit_US-R1,forecast_only_latw_audit_US-R1_forecast_only_10329,forecast_only,2022-06-11,10329,6,JJA,,artifacts/splits/US_loro_kdate_splits.json,artifacts/regions/US_region_masks.nc,US,US-R1,US-R5,US-R1,target_context,12,0,rootzone,increment_corr,,4485,1,0.027374267578125,hyperda_v4_final_2015_2025_context2022_query2023_2025_k0_4_12
forecast_only_latw_audit_US-R1,forecast_only_latw_audit_US-R1_forecast_only_10329,forecast_only,2022-06-11,10329,6,JJA,,artifacts/splits/US_loro_kdate_splits.json,artifacts/regions/US_region_masks.nc,US,US-R1,US-R5,US-R1,target_context,12,0,rootzone,sign_accuracy_deadzone,,4485,1,0.027374267578125,hyperda_v4_final_2015_2025_context2022_query2023_2025_k0_4_12
forecast_only_latw_audit_US-R1,forecast_only_latw_audit_US-R1_forecast_only_10329,forecast_only,2022-06-11,10329,6,JJA,,artifacts/splits/US_loro_kdate_splits.json,artifacts/regions/US_region_masks.nc,US,US-R1,US-R5,US-R1,target_context,12,0,rootzone,high_update_increment_skill,0.0,4485,1,0.027374267578125,hyperda_v4_final_2015_2025_context2022_query2023_2025_k0_4_12
forecast_only_latw_audit_US-R1,forecast_only_latw_audit_US-R1_forecast_only_10329,forecast_only,2022-06-11,10329,6,JJA,,artifacts/splits/US_loro_kdate_splits.json,artifacts/regions/US_region_masks.nc,US,US-R1,US-R5,US-R1,target_context,12,0,rootzone,analysis_mse_latw,8.486746765018673e-08,4485,1,0.027374267578125,hyperda_v4_final_2015_2025_context2022_query2023_2025_k0_4_12
forecast_only_latw_audit_US-R1,forecast_only_latw_audit_US-R1_forecast_only_10329,forecast_only,2022-06-11,10329,6,JJA,,artifacts/splits/US_loro_kdate_splits.json,artifacts/regions/US_region_masks.nc,US,US-R1,US-R5,US-R1,target_context,12,0,rootzone,analysis_rmse_latw,0.0002913202149700338,4485,1,0.027374267578125,hyperda_v4_final_2015_2025_context2022_query2023_2025_k0_4_12
forecast_only_latw_audit_US-R1,forecast_only_latw_audit_US-R1_forecast_only_10329,forecast_only,2022-06-11,10329,6,JJA,,artifacts/splits/US_loro_kdate_splits.json,artifacts/regions/US_region_masks.nc,US,US-R1,US-R5,US-R1,target_context,12,0,rootzone,analysis_rmse_sqrt_before_time_avg_latw,0.0002913202149700338,4485,1,0.027374267578125,hyperda_v4_final_2015_2025_context2022_query2023_2025_k0_4_12
forecast_only_latw_audit_US-R1,forecast_only_latw_audit_US-R1_forecast_only_10329,forecast_only,2022-06-11,10329,6,JJA,,artifacts/splits/US_loro_kdate_splits.json,artifacts/regions/US_region_masks.nc,US,US-R1,US-R5,US-R1,target_context,12,0,rootzone,analysis_skill_vs_forecast_latw,0.0,4485,1,0.027374267578125,hyperda_v4_final_2015_2025_context2022_query2023_2025_k0_4_12
forecast_only_latw_audit_US-R1,forecast_only_latw_audit_US-R1_forecast_only_10329,forecast_only,2022-06-11,10329,6,JJA,,artifacts/splits/US_loro_kdate_splits.json,artifacts/regions/US_region_masks.nc,US,US-R1,US-R5,US-R1,target_context,12,0,rootzone,increment_mse_latw,8.486746765018673e-08,4485,1,0.027374267578125,hyperda_v4_final_2015_2025_context2022_query2023_2025_k0_4_12
forecast_only_latw_audit_US-R1,forecast_only_latw_audit_US-R1_forecast_only_10329,forecast_only,2022-06-11,10329,6,JJA,,artifacts/splits/US_loro_kdate_splits.json,artifacts/regions/US_region_masks.nc,US,US-R1,US-R5,US-R1,target_context,12,0,rootzone,increment_rmse_latw,0.0002913202149700338,4485,1,0.027374267578125,hyperda_v4_final_2015_2025_context2022_query2023_2025_k0_4_12
forecast_only_latw_audit_US-R1,forecast_only_latw_audit_US-R1_forecast_only_10329,forecast_only,2022-06-11,10329,6,JJA,,artifacts/splits/US_loro_kdate_splits.json,artifacts/regions/US_region_masks.nc,US,US-R1,US-R5,US-R1,target_context,12,0,rootzone,increment_rmse_sqrt_before_time_avg_latw,0.0002913202149700338,4485,1,0.027374267578125,hyperda_v4_final_2015_2025_context2022_query2023_2025_k0_4_12
forecast_only_latw_audit_US-R1,forecast_only_latw_audit_US-R1_forecast_only_10329,forecast_only,2022-06-11,10329,6,JJA,,artifacts/splits/US_loro_kdate_splits.json,artifacts/regions/US_region_masks.nc,US,US-R1,US-R5,US-R1,target_context,12,0,rootzone,increment_mae_latw,0.0002135440747970814,4485,1,0.027374267578125,hyperda_v4_final_2015_2025_context2022_query2023_2025_k0_4_12
forecast_only_latw_audit_US-R1,forecast_only_latw_audit_US-R1_forecast_only_10329,forecast_only,2022-06-11,10329,6,JJA,,artifacts/splits/US_loro_kdate_splits.json,artifacts/regions/US_region_masks.nc,US,US-R1,US-R5,US-R1,target_context,12,0,rootzone,increment_bias_latw,-0.00011810478172811527,4485,1,0.027374267578125,hyperda_v4_final_2015_2025_context2022_query2023_2025_k0_4_12
forecast_only_latw_audit_US-R1,forecast_only_latw_audit_US-R1_forecast_only_10329,forecast_only,2022-06-11,10329,6,JJA,,artifacts/splits/US_loro_kdate_splits.json,artifacts/regions/US_region_masks.nc,US,US-R1,US-R5,US-R1,target_context,12,0,rootzone,increment_corr_latw,,4485,1,0.027374267578125,hyperda_v4_final_2015_2025_context2022_query2023_2025_k0_4_12
forecast_only_latw_audit_US-R1,forecast_only_latw_audit_US-R1_forecast_only_10500,forecast_only,2022-07-22,10500,7,JJA,,artifacts/splits/US_loro_kdate_splits.json,artifacts/regions/US_region_masks.nc,US,US-R1,US-R5,US-R1,target_context,12,0,surface,analysis_rmse,0.007967242782195783,4485,1,0.027374267578125,hyperda_v4_final_2015_2025_context2022_query2023_2025_k0_4_12
forecast_only_latw_audit_US-R1,forecast_only_latw_audit_US-R1_forecast_only_10500,forecast_only,2022-07-22,10500,7,JJA,,artifacts/splits/US_loro_kdate_splits.json,artifacts/regions/US_region_masks.nc,US,US-R1,US-R5,US-R1,target_context,12,0,surface,analysis_mae,0.005264576639535701,4485,1,0.027374267578125,hyperda_v4_final_2015_2025_context2022_query2023_2025_k0_4_12
forecast_only_latw_audit_US-R1,forecast_only_latw_audit_US-R1_forecast_only_10500,forecast_only,2022-07-22,10500,7,JJA,,artifacts/splits/US_loro_kdate_splits.json,artifacts/regions/US_region_masks.nc,US,US-R1,US-R5,US-R1,target_context,12,0,surface,analysis_skill_vs_forecast,0.0,4485,1,0.027374267578125,hyperda_v4_final_2015_2025_context2022_query2023_2025_k0_4_12
forecast_only_latw_audit_US-R1,forecast_only_latw_audit_US-R1_forecast_only_10500,forecast_only,2022-07-22,10500,7,JJA,,artifacts/splits/US_loro_kdate_splits.json,artifacts/regions/US_region_masks.nc,US,US-R1,US-R5,US-R1,target_context,12,0,surface,increment_rmse,0.007967242782195783,4485,1,0.027374267578125,hyperda_v4_final_2015_2025_context2022_query2023_2025_k0_4_12
forecast_only_latw_audit_US-R1,forecast_only_latw_audit_US-R1_forecast_only_10500,forecast_only,2022-07-22,10500,7,JJA,,artifacts/splits/US_loro_kdate_splits.json,artifacts/regions/US_region_masks.nc,US,US-R1,US-R5,US-R1,target_context,12,0,surface,increment_mae,0.005264576639535701,4485,1,0.027374267578125,hyperda_v4_final_2015_2025_context2022_query2023_2025_k0_4_12
forecast_only_latw_audit_US-R1,forecast_only_latw_audit_US-R1_forecast_only_10500,forecast_only,2022-07-22,10500,7,JJA,,artifacts/splits/US_loro_kdate_splits.json,artifacts/regions/US_region_masks.nc,US,US-R1,US-R5,US-R1,target_context,12,0,surface,increment_bias,0.001037388711486639,4485,1,0.027374267578125,hyperda_v4_final_2015_2025_context2022_query2023_2025_k0_4_12
forecast_only_latw_audit_US-R1,forecast_only_latw_audit_US-R1_forecast_only_10500,forecast_only,2022-07-22,10500,7,JJA,,artifacts/splits/US_loro_kdate_splits.json,artifacts/regions/US_region_masks.nc,US,US-R1,US-R5,US-R1,target_context,12,0,surface,increment_corr,,4485,1,0.027374267578125,hyperda_v4_final_2015_2025_context2022_query2023_2025_k0_4_12
forecast_only_latw_audit_US-R1,forecast_only_latw_audit_US-R1_forecast_only_10500,forecast_only,2022-07-22,10500,7,JJA,,artifacts/splits/US_loro_kdate_splits.json,artifacts/regions/US_region_masks.nc,US,US-R1,US-R5,US-R1,target_context,12,0,surface,sign_accuracy_deadzone,0.0,4485,1,0.027374267578125,hyperda_v4_final_2015_2025_context2022_query2023_2025_k0_4_12
forecast_only_latw_audit_US-R1,forecast_only_latw_audit_US-R1_forecast_only_10500,forecast_only,2022-07-22,10500,7,JJA,,artifacts/splits/US_loro_kdate_splits.json,artifacts/regions/US_region_masks.nc,US,US-R1,US-R5,US-R1,target_context,12,0,surface,high_update_increment_skill,0.0,4485,1,0.027374267578125,hyperda_v4_final_2015_2025_context2022_query2023_2025_k0_4_12
forecast_only_latw_audit_US-R1,forecast_only_latw_audit_US-R1_forecast_only_10500,forecast_only,2022-07-22,10500,7,JJA,,artifacts/splits/US_loro_kdate_splits.json,artifacts/regions/US_region_masks.nc,US,US-R1,US-R5,US-R1,target_context,12,0,surface,analysis_mse_latw,6.410564864335028e-05,4485,1,0.027374267578125,hyperda_v4_final_2015_2025_context2022_query2023_2025_k0_4_12
forecast_only_latw_audit_US-R1,forecast_only_latw_audit_US-R1_forecast_only_10500,forecast_only,2022-07-22,10500,7,JJA,,artifacts/splits/US_loro_kdate_splits.json,artifacts/regions/US_region_masks.nc,US,US-R1,US-R5,US-R1,target_context,12,0,surface,analysis_rmse_latw,0.008006600317447491,4485,1,0.027374267578125,hyperda_v4_final_2015_2025_context2022_query2023_2025_k0_4_12
forecast_only_latw_audit_US-R1,forecast_only_latw_audit_US-R1_forecast_only_10500,forecast_only,2022-07-22,10500,7,JJA,,artifacts/splits/US_loro_kdate_splits.json,artifacts/regions/US_region_masks.nc,US,US-R1,US-R5,US-R1,target_context,12,0,surface,analysis_rmse_sqrt_before_time_avg_latw,0.008006600317447491,4485,1,0.027374267578125,hyperda_v4_final_2015_2025_context2022_query2023_2025_k0_4_12
forecast_only_latw_audit_US-R1,forecast_only_latw_audit_US-R1_forecast_only_10500,forecast_only,2022-07-22,10500,7,JJA,,artifacts/splits/US_loro_kdate_splits.json,artifacts/regions/US_region_masks.nc,US,US-R1,US-R5,US-R1,target_context,12,0,surface,analysis_skill_vs_forecast_latw,0.0,4485,1,0.027374267578125,hyperda_v4_final_2015_2025_context2022_query2023_2025_k0_4_12
forecast_only_latw_audit_US-R1,forecast_only_latw_audit_US-R1_forecast_only_10500,forecast_only,2022-07-22,10500,7,JJA,,artifacts/splits/US_loro_kdate_splits.json,artifacts/regions/US_region_masks.nc,US,US-R1,US-R5,US-R1,target_context,12,0,surface,increment_mse_latw,6.410564864335028e-05,4485,1,0.027374267578125,hyperda_v4_final_2015_2025_context2022_query2023_2025_k0_4_12
forecast_only_latw_audit_US-R1,forecast_only_latw_audit_US-R1_forecast_only_10500,forecast_only,2022-07-22,10500,7,JJA,,artifacts/splits/US_loro_kdate_splits.json,artifacts/regions/US_region_masks.nc,US,US-R1,US-R5,US-R1,target_context,12,0,surface,increment_rmse_latw,0.008006600317447491,4485,1,0.027374267578125,hyperda_v4_final_2015_2025_context2022_query2023_2025_k0_4_12
forecast_only_latw_audit_US-R1,forecast_only_latw_audit_US-R1_forecast_only_10500,forecast_only,2022-07-22,10500,7,JJA,,artifacts/splits/US_loro_kdate_splits.json,artifacts/regions/US_region_masks.nc,US,US-R1,US-R5,US-R1,target_context,12,0,surface,increment_rmse_sqrt_before_time_avg_latw,0.008006600317447491,4485,1,0.027374267578125,hyperda_v4_final_2015_2025_context2022_query2023_2025_k0_4_12
forecast_only_latw_audit_US-R1,forecast_only_latw_audit_US-R1_forecast_only_10500,forecast_only,2022-07-22,10500,7,JJA,,artifacts/splits/US_loro_kdate_splits.json,artifacts/regions/US_region_masks.nc,US,US-R1,US-R5,US-R1,target_context,12,0,surface,increment_mae_latw,0.005290729565090832,4485,1,0.027374267578125,hyperda_v4_final_2015_2025_context2022_query2023_2025_k0_4_12
forecast_only_latw_audit_US-R1,forecast_only_latw_audit_US-R1_forecast_only_10500,forecast_only,2022-07-22,10500,7,JJA,,artifacts/splits/US_loro_kdate_splits.json,artifacts/regions/US_region_masks.nc,US,US-R1,US-R5,US-R1,target_context,12,0,surface,increment_bias_latw,0.0010431624878669042,4485,1,0.027374267578125,hyperda_v4_final_2015_2025_context2022_query2023_2025_k0_4_12
forecast_only_latw_audit_US-R1,forecast_only_latw_audit_US-R1_forecast_only_10500,forecast_only,2022-07-22,10500,7,JJA,,artifacts/splits/US_loro_kdate_splits.json,artifacts/regions/US_region_masks.nc,US,US-R1,US-R5,US-R1,target_context,12,0,surface,increment_corr_latw,,4485,1,0.027374267578125,hyperda_v4_final_2015_2025_context2022_query2023_2025_k0_4_12
forecast_only_latw_audit_US-R1,forecast_only_latw_audit_US-R1_forecast_only_10500,forecast_only,2022-07-22,10500,7,JJA,,artifacts/splits/US_loro_kdate_splits.json,artifacts/regions/US_region_masks.nc,US,US-R1,US-R5,US-R1,target_context,12,0,rootzone,analysis_rmse,0.00048462091678168286,4485,1,0.027374267578125,hyperda_v4_final_2015_2025_context2022_query2023_2025_k0_4_12
forecast_only_latw_audit_US-R1,forecast_only_latw_audit_US-R1_forecast_only_10500,forecast_only,2022-07-22,10500,7,JJA,,artifacts/splits/US_loro_kdate_splits.json,artifacts/regions/US_region_masks.nc,US,US-R1,US-R5,US-R1,target_context,12,0,rootzone,analysis_mae,0.0003033215391845209,4485,1,0.027374267578125,hyperda_v4_final_2015_2025_context2022_query2023_2025_k0_4_12
forecast_only_latw_audit_US-R1,forecast_only_latw_audit_US-R1_forecast_only_10500,forecast_only,2022-07-22,10500,7,JJA,,artifacts/splits/US_loro_kdate_splits.json,artifacts/regions/US_region_masks.nc,US,US-R1,US-R5,US-R1,target_context,12,0,rootzone,analysis_skill_vs_forecast,0.0,4485,1,0.027374267578125,hyperda_v4_final_2015_2025_context2022_query2023_2025_k0_4_12
forecast_only_latw_audit_US-R1,forecast_only_latw_audit_US-R1_forecast_only_10500,forecast_only,2022-07-22,10500,7,JJA,,artifacts/splits/US_loro_kdate_splits.json,artifacts/regions/US_region_masks.nc,US,US-R1,US-R5,US-R1,target_context,12,0,rootzone,increment_rmse,0.00048462091678168286,4485,1,0.027374267578125,hyperda_v4_final_2015_2025_context2022_query2023_2025_k0_4_12
forecast_only_latw_audit_US-R1,forecast_only_latw_audit_US-R1_forecast_only_10500,forecast_only,2022-07-22,10500,7,JJA,,artifacts/splits/US_loro_kdate_splits.json,artifacts/regions/US_region_masks.nc,US,US-R1,US-R5,US-R1,target_context,12,0,rootzone,increment_mae,0.0003033215391845209,4485,1,0.027374267578125,hyperda_v4_final_2015_2025_context2022_query2023_2025_k0_4_12
forecast_only_latw_audit_US-R1,forecast_only_latw_audit_US-R1_forecast_only_10500,forecast_only,2022-07-22,10500,7,JJA,,artifacts/splits/US_loro_kdate_splits.json,artifacts/regions/US_region_masks.nc,US,US-R1,US-R5,US-R1,target_context,12,0,rootzone,increment_bias,5.618786416457781e-05,4485,1,0.027374267578125,hyperda_v4_final_2015_2025_context2022_query2023_2025_k0_4_12
forecast_only_latw_audit_US-R1,forecast_only_latw_audit_US-R1_forecast_only_10500,forecast_only,2022-07-22,10500,7,JJA,,artifacts/splits/US_loro_kdate_splits.json,artifacts/regions/US_region_masks.nc,US,US-R1,US-R5,US-R1,target_context,12,0,rootzone,increment_corr,,4485,1,0.027374267578125,hyperda_v4_final_2015_2025_context2022_query2023_2025_k0_4_12
forecast_only_latw_audit_US-R1,forecast_only_latw_audit_US-R1_forecast_only_10500,forecast_only,2022-07-22,10500,7,JJA,,artifacts/splits/US_loro_kdate_splits.json,artifacts/regions/US_region_masks.nc,US,US-R1,US-R5,US-R1,target_context,12,0,rootzone,sign_accuracy_deadzone,,4485,1,0.027374267578125,hyperda_v4_final_2015_2025_context2022_query2023_2025_k0_4_12
forecast_only_latw_audit_US-R1,forecast_only_latw_audit_US-R1_forecast_only_10500,forecast_only,2022-07-22,10500,7,JJA,,artifacts/splits/US_loro_kdate_splits.json,artifacts/regions/US_region_masks.nc,US,US-R1,US-R5,US-R1,target_context,12,0,rootzone,high_update_increment_skill,0.0,4485,1,0.027374267578125,hyperda_v4_final_2015_2025_context2022_query2023_2025_k0_4_12
forecast_only_latw_audit_US-R1,forecast_only_latw_audit_US-R1_forecast_only_10500,forecast_only,2022-07-22,10500,7,JJA,,artifacts/splits/US_loro_kdate_splits.json,artifacts/regions/US_region_masks.nc,US,US-R1,US-R5,US-R1,target_context,12,0,rootzone,analysis_mse_latw,2.375390886548174e-07,4485,1,0.027374267578125,hyperda_v4_final_2015_2025_context2022_query2023_2025_k0_4_12
forecast_only_latw_audit_US-R1,forecast_only_latw_audit_US-R1_forecast_only_10500,forecast_only,2022-07-22,10500,7,JJA,,artifacts/splits/US_loro_kdate_splits.json,artifacts/regions/US_region_masks.nc,US,US-R1,US-R5,US-R1,target_context,12,0,rootzone,analysis_rmse_latw,0.0004873798197041168,4485,1,0.027374267578125,hyperda_v4_final_2015_2025_context2022_query2023_2025_k0_4_12
forecast_only_latw_audit_US-R1,forecast_only_latw_audit_US-R1_forecast_only_10500,forecast_only,2022-07-22,10500,7,JJA,,artifacts/splits/US_loro_kdate_splits.json,artifacts/regions/US_region_masks.nc,US,US-R1,US-R5,US-R1,target_context,12,0,rootzone,analysis_rmse_sqrt_before_time_avg_latw,0.0004873798197041168,4485,1,0.027374267578125,hyperda_v4_final_2015_2025_context2022_query2023_2025_k0_4_12
forecast_only_latw_audit_US-R1,forecast_only_latw_audit_US-R1_forecast_only_10500,forecast_only,2022-07-22,10500,7,JJA,,artifacts/splits/US_loro_kdate_splits.json,artifacts/regions/US_region_masks.nc,US,US-R1,US-R5,US-R1,target_context,12,0,rootzone,analysis_skill_vs_forecast_latw,0.0,4485,1,0.027374267578125,hyperda_v4_final_2015_2025_context2022_query2023_2025_k0_4_12
forecast_only_latw_audit_US-R1,forecast_only_latw_audit_US-R1_forecast_only_10500,forecast_only,2022-07-22,10500,7,JJA,,artifacts/splits/US_loro_kdate_splits.json,artifacts/regions/US_region_masks.nc,US,US-R1,US-R5,US-R1,target_context,12,0,rootzone,increment_mse_latw,2.375390886548174e-07,4485,1,0.027374267578125,hyperda_v4_final_2015_2025_context2022_query2023_2025_k0_4_12
forecast_only_latw_audit_US-R1,forecast_only_latw_audit_US-R1_forecast_only_10500,forecast_only,2022-07-22,10500,7,JJA,,artifacts/splits/US_loro_kdate_splits.json,artifacts/regions/US_region_masks.nc,US,US-R1,US-R5,US-R1,target_context,12,0,rootzone,increment_rmse_latw,0.0004873798197041168,4485,1,0.027374267578125,hyperda_v4_final_2015_2025_context2022_query2023_2025_k0_4_12
forecast_only_latw_audit_US-R1,forecast_only_latw_audit_US-R1_forecast_only_10500,forecast_only,2022-07-22,10500,7,JJA,,artifacts/splits/US_loro_kdate_splits.json,artifacts/regions/US_region_masks.nc,US,US-R1,US-R5,US-R1,target_context,12,0,rootzone,increment_rmse_sqrt_before_time_avg_latw,0.0004873798197041168,4485,1,0.027374267578125,hyperda_v4_final_2015_2025_context2022_query2023_2025_k0_4_12
forecast_only_latw_audit_US-R1,forecast_only_latw_audit_US-R1_forecast_only_10500,forecast_only,2022-07-22,10500,7,JJA,,artifacts/splits/US_loro_kdate_splits.json,artifacts/regions/US_region_masks.nc,US,US-R1,US-R5,US-R1,target_context,12,0,rootzone,increment_mae_latw,0.0003051731344098258,4485,1,0.027374267578125,hyperda_v4_final_2015_2025_context2022_query2023_2025_k0_4_12
forecast_only_latw_audit_US-R1,forecast_only_latw_audit_US-R1_forecast_only_10500,forecast_only,2022-07-22,10500,7,JJA,,artifacts/splits/US_loro_kdate_splits.json,artifacts/regions/US_region_masks.nc,US,US-R1,US-R5,US-R1,target_context,12,0,rootzone,increment_bias_latw,5.6849798190327924e-05,4485,1,0.027374267578125,hyperda_v4_final_2015_2025_context2022_query2023_2025_k0_4_12
forecast_only_latw_audit_US-R1,forecast_only_latw_audit_US-R1_forecast_only_10500,forecast_only,2022-07-22,10500,7,JJA,,artifacts/splits/US_loro_kdate_splits.json,artifacts/regions/US_region_masks.nc,US,US-R1,US-R5,US-R1,target_context,12,0,rootzone,increment_corr_latw,,4485,1,0.027374267578125,hyperda_v4_final_2015_2025_context2022_query2023_2025_k0_4_12
forecast_only_latw_audit_US-R1,forecast_only_latw_audit_US-R1_forecast_only_10553,forecast_only,2022-08-03,10553,8,JJA,,artifacts/splits/US_loro_kdate_splits.json,artifacts/regions/US_region_masks.nc,US,US-R1,US-R5,US-R1,target_context,12,0,surface,analysis_rmse,0.01785801853300787,4485,1,0.027374267578125,hyperda_v4_final_2015_2025_context2022_query2023_2025_k0_4_12
forecast_only_latw_audit_US-R1,forecast_only_latw_audit_US-R1_forecast_only_10553,forecast_only,2022-08-03,10553,8,JJA,,artifacts/splits/US_loro_kdate_splits.json,artifacts/regions/US_region_masks.nc,US,US-R1,US-R5,US-R1,target_context,12,0,surface,analysis_mae,0.012883200720907786,4485,1,0.027374267578125,hyperda_v4_final_2015_2025_context2022_query2023_2025_k0_4_12
forecast_only_latw_audit_US-R1,forecast_only_latw_audit_US-R1_forecast_only_10553,forecast_only,2022-08-03,10553,8,JJA,,artifacts/splits/US_loro_kdate_splits.json,artifacts/regions/US_region_masks.nc,US,US-R1,US-R5,US-R1,target_context,12,0,surface,analysis_skill_vs_forecast,0.0,4485,1,0.027374267578125,hyperda_v4_final_2015_2025_context2022_query2023_2025_k0_4_12
forecast_only_latw_audit_US-R1,forecast_only_latw_audit_US-R1_forecast_only_10553,forecast_only,2022-08-03,10553,8,JJA,,artifacts/splits/US_loro_kdate_splits.json,artifacts/regions/US_region_masks.nc,US,US-R1,US-R5,US-R1,target_context,12,0,surface,increment_rmse,0.017858018532734943,4485,1,0.027374267578125,hyperda_v4_final_2015_2025_context2022_query2023_2025_k0_4_12
forecast_only_latw_audit_US-R1,forecast_only_latw_audit_US-R1_forecast_only_10553,forecast_only,2022-08-03,10553,8,JJA,,artifacts/splits/US_loro_kdate_splits.json,artifacts/regions/US_region_masks.nc,US,US-R1,US-R5,US-R1,target_context,12,0,surface,increment_mae,0.012883200720700132,4485,1,0.027374267578125,hyperda_v4_final_2015_2025_context2022_query2023_2025_k0_4_12
forecast_only_latw_audit_US-R1,forecast_only_latw_audit_US-R1_forecast_only_10553,forecast_only,2022-08-03,10553,8,JJA,,artifacts/splits/US_loro_kdate_splits.json,artifacts/regions/US_region_masks.nc,US,US-R1,US-R5,US-R1,target_context,12,0,surface,increment_bias,0.0019192942051650954,4485,1,0.027374267578125,hyperda_v4_final_2015_2025_context2022_query2023_2025_k0_4_12
forecast_only_latw_audit_US-R1,forecast_only_latw_audit_US-R1_forecast_only_10553,forecast_only,2022-08-03,10553,8,JJA,,artifacts/splits/US_loro_kdate_splits.json,artifacts/regions/US_region_masks.nc,US,US-R1,US-R5,US-R1,target_context,12,0,surface,increment_corr,,4485,1,0.027374267578125,hyperda_v4_final_2015_2025_context2022_query2023_2025_k0_4_12
forecast_only_latw_audit_US-R1,forecast_only_latw_audit_US-R1_forecast_only_10553,forecast_only,2022-08-03,10553,8,JJA,,artifacts/splits/US_loro_kdate_splits.json,artifacts/regions/US_region_masks.nc,US,US-R1,US-R5,US-R1,target_context,12,0,surface,sign_accuracy_deadzone,0.0,4485,1,0.027374267578125,hyperda_v4_final_2015_2025_context2022_query2023_2025_k0_4_12
forecast_only_latw_audit_US-R1,forecast_only_latw_audit_US-R1_forecast_only_10553,forecast_only,2022-08-03,10553,8,JJA,,artifacts/splits/US_loro_kdate_splits.json,artifacts/regions/US_region_masks.nc,US,US-R1,US-R5,US-R1,target_context,12,0,surface,high_update_increment_skill,0.0,4485,1,0.027374267578125,hyperda_v4_final_2015_2025_context2022_query2023_2025_k0_4_12
forecast_only_latw_audit_US-R1,forecast_only_latw_audit_US-R1_forecast_only_10553,forecast_only,2022-08-03,10553,8,JJA,,artifacts/splits/US_loro_kdate_splits.json,artifacts/regions/US_region_masks.nc,US,US-R1,US-R5,US-R1,target_context,12,0,surface,analysis_mse_latw,0.00032057975902330215,4485,1,0.027374267578125,hyperda_v4_final_2015_2025_context2022_query2023_2025_k0_4_12
forecast_only_latw_audit_US-R1,forecast_only_latw_audit_US-R1_forecast_only_10553,forecast_only,2022-08-03,10553,8,JJA,,artifacts/splits/US_loro_kdate_splits.json,artifacts/regions/US_region_masks.nc,US,US-R1,US-R5,US-R1,target_context,12,0,surface,analysis_rmse_latw,0.017904741244243162,4485,1,0.027374267578125,hyperda_v4_final_2015_2025_context2022_query2023_2025_k0_4_12
forecast_only_latw_audit_US-R1,forecast_only_latw_audit_US-R1_forecast_only_10553,forecast_only,2022-08-03,10553,8,JJA,,artifacts/splits/US_loro_kdate_splits.json,artifacts/regions/US_region_masks.nc,US,US-R1,US-R5,US-R1,target_context,12,0,surface,analysis_rmse_sqrt_before_time_avg_latw,0.017904741244243162,4485,1,0.027374267578125,hyperda_v4_final_2015_2025_context2022_query2023_2025_k0_4_12
forecast_only_latw_audit_US-R1,forecast_only_latw_audit_US-R1_forecast_only_10553,forecast_only,2022-08-03,10553,8,JJA,,artifacts/splits/US_loro_kdate_splits.json,artifacts/regions/US_region_masks.nc,US,US-R1,US-R5,US-R1,target_context,12,0,surface,analysis_skill_vs_forecast_latw,0.0,4485,1,0.027374267578125,hyperda_v4_final_2015_2025_context2022_query2023_2025_k0_4_12
forecast_only_latw_audit_US-R1,forecast_only_latw_audit_US-R1_forecast_only_10553,forecast_only,2022-08-03,10553,8,JJA,,artifacts/splits/US_loro_kdate_splits.json,artifacts/regions/US_region_masks.nc,US,US-R1,US-R5,US-R1,target_context,12,0,surface,increment_mse_latw,0.00032057975901326764,4485,1,0.027374267578125,hyperda_v4_final_2015_2025_context2022_query2023_2025_k0_4_12
forecast_only_latw_audit_US-R1,forecast_only_latw_audit_US-R1_forecast_only_10553,forecast_only,2022-08-03,10553,8,JJA,,artifacts/splits/US_loro_kdate_splits.json,artifacts/regions/US_region_masks.nc,US,US-R1,US-R5,US-R1,target_context,12,0,surface,increment_rmse_latw,0.017904741243962942,4485,1,0.027374267578125,hyperda_v4_final_2015_2025_context2022_query2023_2025_k0_4_12
forecast_only_latw_audit_US-R1,forecast_only_latw_audit_US-R1_forecast_only_10553,forecast_only,2022-08-03,10553,8,JJA,,artifacts/splits/US_loro_kdate_splits.json,artifacts/regions/US_region_masks.nc,US,US-R1,US-R5,US-R1,target_context,12,0,surface,increment_rmse_sqrt_before_time_avg_latw,0.017904741243962942,4485,1,0.027374267578125,hyperda_v4_final_2015_2025_context2022_query2023_2025_k0_4_12
forecast_only_latw_audit_US-R1,forecast_only_latw_audit_US-R1_forecast_only_10553,forecast_only,2022-08-03,10553,8,JJA,,artifacts/splits/US_loro_kdate_splits.json,artifacts/regions/US_region_masks.nc,US,US-R1,US-R5,US-R1,target_context,12,0,surface,increment_mae_latw,0.01291106469959269,4485,1,0.027374267578125,hyperda_v4_final_2015_2025_context2022_query2023_2025_k0_4_12
forecast_only_latw_audit_US-R1,forecast_only_latw_audit_US-R1_forecast_only_10553,forecast_only,2022-08-03,10553,8,JJA,,artifacts/splits/US_loro_kdate_splits.json,artifacts/regions/US_region_masks.nc,US,US-R1,US-R5,US-R1,target_context,12,0,surface,increment_bias_latw,0.001947130800542553,4485,1,0.027374267578125,hyperda_v4_final_2015_2025_context2022_query2023_2025_k0_4_12
forecast_only_latw_audit_US-R1,forecast_only_latw_audit_US-R1_forecast_only_10553,forecast_only,2022-08-03,10553,8,JJA,,artifacts/splits/US_loro_kdate_splits.json,artifacts/regions/US_region_masks.nc,US,US-R1,US-R5,US-R1,target_context,12,0,surface,increment_corr_latw,,4485,1,0.027374267578125,hyperda_v4_final_2015_2025_context2022_query2023_2025_k0_4_12
forecast_only_latw_audit_US-R1,forecast_only_latw_audit_US-R1_forecast_only_10553,forecast_only,2022-08-03,10553,8,JJA,,artifacts/splits/US_loro_kdate_splits.json,artifacts/regions/US_region_masks.nc,US,US-R1,US-R5,US-R1,target_context,12,0,rootzone,analysis_rmse,0.0010537694364360815,4485,1,0.027374267578125,hyperda_v4_final_2015_2025_context2022_query2023_2025_k0_4_12
forecast_only_latw_audit_US-R1,forecast_only_latw_audit_US-R1_forecast_only_10553,forecast_only,2022-08-03,10553,8,JJA,,artifacts/splits/US_loro_kdate_splits.json,artifacts/regions/US_region_masks.nc,US,US-R1,US-R5,US-R1,target_context,12,0,rootzone,analysis_mae,0.0007471816154319374,4485,1,0.027374267578125,hyperda_v4_final_2015_2025_context2022_query2023_2025_k0_4_12
forecast_only_latw_audit_US-R1,forecast_only_latw_audit_US-R1_forecast_only_10553,forecast_only,2022-08-03,10553,8,JJA,,artifacts/splits/US_loro_kdate_splits.json,artifacts/regions/US_region_masks.nc,US,US-R1,US-R5,US-R1,target_context,12,0,rootzone,analysis_skill_vs_forecast,0.0,4485,1,0.027374267578125,hyperda_v4_final_2015_2025_context2022_query2023_2025_k0_4_12
forecast_only_latw_audit_US-R1,forecast_only_latw_audit_US-R1_forecast_only_10553,forecast_only,2022-08-03,10553,8,JJA,,artifacts/splits/US_loro_kdate_splits.json,artifacts/regions/US_region_masks.nc,US,US-R1,US-R5,US-R1,target_context,12,0,rootzone,increment_rmse,0.0010537694364360815,4485,1,0.027374267578125,hyperda_v4_final_2015_2025_context2022_query2023_2025_k0_4_12
forecast_only_latw_audit_US-R1,forecast_only_latw_audit_US-R1_forecast_only_10553,forecast_only,2022-08-03,10553,8,JJA,,artifacts/splits/US_loro_kdate_splits.json,artifacts/regions/US_region_masks.nc,US,US-R1,US-R5,US-R1,target_context,12,0,rootzone,increment_mae,0.0007471816154319374,4485,1,0.027374267578125,hyperda_v4_final_2015_2025_context2022_query2023_2025_k0_4_12
forecast_only_latw_audit_US-R1,forecast_only_latw_audit_US-R1_forecast_only_10553,forecast_only,2022-08-03,10553,8,JJA,,artifacts/splits/US_loro_kdate_splits.json,artifacts/regions/US_region_masks.nc,US,US-R1,US-R5,US-R1,target_context,12,0,rootzone,increment_bias,0.00012275758588742652,4485,1,0.027374267578125,hyperda_v4_final_2015_2025_context2022_query2023_2025_k0_4_12
forecast_only_latw_audit_US-R1,forecast_only_latw_audit_US-R1_forecast_only_10553,forecast_only,2022-08-03,10553,8,JJA,,artifacts/splits/US_loro_kdate_splits.json,artifacts/regions/US_region_masks.nc,US,US-R1,US-R5,US-R1,target_context,12,0,rootzone,increment_corr,,4485,1,0.027374267578125,hyperda_v4_final_2015_2025_context2022_query2023_2025_k0_4_12
forecast_only_latw_audit_US-R1,forecast_only_latw_audit_US-R1_forecast_only_10553,forecast_only,2022-08-03,10553,8,JJA,,artifacts/splits/US_loro_kdate_splits.json,artifacts/regions/US_region_masks.nc,US,US-R1,US-R5,US-R1,target_context,12,0,rootzone,sign_accuracy_deadzone,0.0,4485,1,0.027374267578125,hyperda_v4_final_2015_2025_context2022_query2023_2025_k0_4_12
forecast_only_latw_audit_US-R1,forecast_only_latw_audit_US-R1_forecast_only_10553,forecast_only,2022-08-03,10553,8,JJA,,artifacts/splits/US_loro_kdate_splits.json,artifacts/regions/US_region_masks.nc,US,US-R1,US-R5,US-R1,target_context,12,0,rootzone,high_update_increment_skill,0.0,4485,1,0.027374267578125,hyperda_v4_final_2015_2025_context2022_query2023_2025_k0_4_12
forecast_only_latw_audit_US-R1,forecast_only_latw_audit_US-R1_forecast_only_10553,forecast_only,2022-08-03,10553,8,JJA,,artifacts/splits/US_loro_kdate_splits.json,artifacts/regions/US_region_masks.nc,US,US-R1,US-R5,US-R1,target_context,12,0,rootzone,analysis_mse_latw,1.1152262322737894e-06,4485,1,0.027374267578125,hyperda_v4_final_2015_2025_context2022_query2023_2025_k0_4_12
forecast_only_latw_audit_US-R1,forecast_only_latw_audit_US-R1_forecast_only_10553,forecast_only,2022-08-03,10553,8,JJA,,artifacts/splits/US_loro_kdate_splits.json,artifacts/regions/US_region_masks.nc,US,US-R1,US-R5,US-R1,target_context,12,0,rootzone,analysis_rmse_latw,0.0010560427227502634,4485,1,0.027374267578125,hyperda_v4_final_2015_2025_context2022_query2023_2025_k0_4_12
forecast_only_latw_audit_US-R1,forecast_only_latw_audit_US-R1_forecast_only_10553,forecast_only,2022-08-03,10553,8,JJA,,artifacts/splits/US_loro_kdate_splits.json,artifacts/regions/US_region_masks.nc,US,US-R1,US-R5,US-R1,target_context,12,0,rootzone,analysis_rmse_sqrt_before_time_avg_latw,0.0010560427227502634,4485,1,0.027374267578125,hyperda_v4_final_2015_2025_context2022_query2023_2025_k0_4_12
forecast_only_latw_audit_US-R1,forecast_only_latw_audit_US-R1_forecast_only_10553,forecast_only,2022-08-03,10553,8,JJA,,artifacts/splits/US_loro_kdate_splits.json,artifacts/regions/US_region_masks.nc,US,US-R1,US-R5,US-R1,target_context,12,0,rootzone,analysis_skill_vs_forecast_latw,0.0,4485,1,0.027374267578125,hyperda_v4_final_2015_2025_context2022_query2023_2025_k0_4_12
forecast_only_latw_audit_US-R1,forecast_only_latw_audit_US-R1_forecast_only_10553,forecast_only,2022-08-03,10553,8,JJA,,artifacts/splits/US_loro_kdate_splits.json,artifacts/regions/US_region_masks.nc,US,US-R1,US-R5,US-R1,target_context,12,0,rootzone,increment_mse_latw,1.1152262322737894e-06,4485,1,0.027374267578125,hyperda_v4_final_2015_2025_context2022_query2023_2025_k0_4_12
forecast_only_latw_audit_US-R1,forecast_only_latw_audit_US-R1_forecast_only_10553,forecast_only,2022-08-03,10553,8,JJA,,artifacts/splits/US_loro_kdate_splits.json,artifacts/regions/US_region_masks.nc,US,US-R1,US-R5,US-R1,target_context,12,0,rootzone,increment_rmse_latw,0.0010560427227502634,4485,1,0.027374267578125,hyperda_v4_final_2015_2025_context2022_query2023_2025_k0_4_12
forecast_only_latw_audit_US-R1,forecast_only_latw_audit_US-R1_forecast_only_10553,forecast_only,2022-08-03,10553,8,JJA,,artifacts/splits/US_loro_kdate_splits.json,artifacts/regions/US_region_masks.nc,US,US-R1,US-R5,US-R1,target_context,12,0,rootzone,increment_rmse_sqrt_before_time_avg_latw,0.0010560427227502634,4485,1,0.027374267578125,hyperda_v4_final_2015_2025_context2022_query2023_2025_k0_4_12
forecast_only_latw_audit_US-R1,forecast_only_latw_audit_US-R1_forecast_only_10553,forecast_only,2022-08-03,10553,8,JJA,,artifacts/splits/US_loro_kdate_splits.json,artifacts/regions/US_region_masks.nc,US,US-R1,US-R5,US-R1,target_context,12,0,rootzone,increment_mae_latw,0.0007486699672748444,4485,1,0.027374267578125,hyperda_v4_final_2015_2025_context2022_query2023_2025_k0_4_12
forecast_only_latw_audit_US-R1,forecast_only_latw_audit_US-R1_forecast_only_10553,forecast_only,2022-08-03,10553,8,JJA,,artifacts/splits/US_loro_kdate_splits.json,artifacts/regions/US_region_masks.nc,US,US-R1,US-R5,US-R1,target_context,12,0,rootzone,increment_bias_latw,0.000123688705166853,4485,1,0.027374267578125,hyperda_v4_final_2015_2025_context2022_query2023_2025_k0_4_12
forecast_only_latw_audit_US-R1,forecast_only_latw_audit_US-R1_forecast_only_10553,forecast_only,2022-08-03,10553,8,JJA,,artifacts/splits/US_loro_kdate_splits.json,artifacts/regions/US_region_masks.nc,US,US-R1,US-R5,US-R1,target_context,12,0,rootzone,increment_corr_latw,,4485,1,0.027374267578125,hyperda_v4_final_2015_2025_context2022_query2023_2025_k0_4_12
forecast_only_latw_audit_US-R1,forecast_only_latw_audit_US-R1_forecast_only_10578,forecast_only,2022-09-24,10578,9,SON,,artifacts/splits/US_loro_kdate_splits.json,artifacts/regions/US_region_masks.nc,US,US-R1,US-R5,US-R1,target_context,12,0,surface,analysis_rmse,0.0124985262193613,4485,1,0.027374267578125,hyperda_v4_final_2015_2025_context2022_query2023_2025_k0_4_12
forecast_only_latw_audit_US-R1,forecast_only_latw_audit_US-R1_forecast_only_10578,forecast_only,2022-09-24,10578,9,SON,,artifacts/splits/US_loro_kdate_splits.json,artifacts/regions/US_region_masks.nc,US,US-R1,US-R5,US-R1,target_context,12,0,surface,analysis_mae,0.008263179803539146,4485,1,0.027374267578125,hyperda_v4_final_2015_2025_context2022_query2023_2025_k0_4_12
forecast_only_latw_audit_US-R1,forecast_only_latw_audit_US-R1_forecast_only_10578,forecast_only,2022-09-24,10578,9,SON,,artifacts/splits/US_loro_kdate_splits.json,artifacts/regions/US_region_masks.nc,US,US-R1,US-R5,US-R1,target_context,12,0,surface,analysis_skill_vs_forecast,0.0,4485,1,0.027374267578125,hyperda_v4_final_2015_2025_context2022_query2023_2025_k0_4_12
forecast_only_latw_audit_US-R1,forecast_only_latw_audit_US-R1_forecast_only_10578,forecast_only,2022-09-24,10578,9,SON,,artifacts/splits/US_loro_kdate_splits.json,artifacts/regions/US_region_masks.nc,US,US-R1,US-R5,US-R1,target_context,12,0,surface,increment_rmse,0.0124985262193613,4485,1,0.027374267578125,hyperda_v4_final_2015_2025_context2022_query2023_2025_k0_4_12
forecast_only_latw_audit_US-R1,forecast_only_latw_audit_US-R1_forecast_only_10578,forecast_only,2022-09-24,10578,9,SON,,artifacts/splits/US_loro_kdate_splits.json,artifacts/regions/US_region_masks.nc,US,US-R1,US-R5,US-R1,target_context,12,0,surface,increment_mae,0.008263179803539146,4485,1,0.027374267578125,hyperda_v4_final_2015_2025_context2022_query2023_2025_k0_4_12
forecast_only_latw_audit_US-R1,forecast_only_latw_audit_US-R1_forecast_only_10578,forecast_only,2022-09-24,10578,9,SON,,artifacts/splits/US_loro_kdate_splits.json,artifacts/regions/US_region_masks.nc,US,US-R1,US-R5,US-R1,target_context,12,0,surface,increment_bias,-0.003082518277060627,4485,1,0.027374267578125,hyperda_v4_final_2015_2025_context2022_query2023_2025_k0_4_12
forecast_only_latw_audit_US-R1,forecast_only_latw_audit_US-R1_forecast_only_10578,forecast_only,2022-09-24,10578,9,SON,,artifacts/splits/US_loro_kdate_splits.json,artifacts/regions/US_region_masks.nc,US,US-R1,US-R5,US-R1,target_context,12,0,surface,increment_corr,,4485,1,0.027374267578125,hyperda_v4_final_2015_2025_context2022_query2023_2025_k0_4_12
forecast_only_latw_audit_US-R1,forecast_only_latw_audit_US-R1_forecast_only_10578,forecast_only,2022-09-24,10578,9,SON,,artifacts/splits/US_loro_kdate_splits.json,artifacts/regions/US_region_masks.nc,US,US-R1,US-R5,US-R1,target_context,12,0,surface,sign_accuracy_deadzone,0.0,4485,1,0.027374267578125,hyperda_v4_final_2015_2025_context2022_query2023_2025_k0_4_12
forecast_only_latw_audit_US-R1,forecast_only_latw_audit_US-R1_forecast_only_10578,forecast_only,2022-09-24,10578,9,SON,,artifacts/splits/US_loro_kdate_splits.json,artifacts/regions/US_region_masks.nc,US,US-R1,US-R5,US-R1,target_context,12,0,surface,high_update_increment_skill,0.0,4485,1,0.027374267578125,hyperda_v4_final_2015_2025_context2022_query2023_2025_k0_4_12
forecast_only_latw_audit_US-R1,forecast_only_latw_audit_US-R1_forecast_only_10578,forecast_only,2022-09-24,10578,9,SON,,artifacts/splits/US_loro_kdate_splits.json,artifacts/regions/US_region_masks.nc,US,US-R1,US-R5,US-R1,target_context,12,0,surface,analysis_mse_latw,0.0001567524520396335,4485,1,0.027374267578125,hyperda_v4_final_2015_2025_context2022_query2023_2025_k0_4_12
forecast_only_latw_audit_US-R1,forecast_only_latw_audit_US-R1_forecast_only_10578,forecast_only,2022-09-24,10578,9,SON,,artifacts/splits/US_loro_kdate_splits.json,artifacts/regions/US_region_masks.nc,US,US-R1,US-R5,US-R1,target_context,12,0,surface,analysis_rmse_latw,0.012520081950196393,4485,1,0.027374267578125,hyperda_v4_final_2015_2025_context2022_query2023_2025_k0_4_12
forecast_only_latw_audit_US-R1,forecast_only_latw_audit_US-R1_forecast_only_10578,forecast_only,2022-09-24,10578,9,SON,,artifacts/splits/US_loro_kdate_splits.json,artifacts/regions/US_region_masks.nc,US,US-R1,US-R5,US-R1,target_context,12,0,surface,analysis_rmse_sqrt_before_time_avg_latw,0.012520081950196393,4485,1,0.027374267578125,hyperda_v4_final_2015_2025_context2022_query2023_2025_k0_4_12
forecast_only_latw_audit_US-R1,forecast_only_latw_audit_US-R1_forecast_only_10578,forecast_only,2022-09-24,10578,9,SON,,artifacts/splits/US_loro_kdate_splits.json,artifacts/regions/US_region_masks.nc,US,US-R1,US-R5,US-R1,target_context,12,0,surface,analysis_skill_vs_forecast_latw,0.0,4485,1,0.027374267578125,hyperda_v4_final_2015_2025_context2022_query2023_2025_k0_4_12
forecast_only_latw_audit_US-R1,forecast_only_latw_audit_US-R1_forecast_only_10578,forecast_only,2022-09-24,10578,9,SON,,artifacts/splits/US_loro_kdate_splits.json,artifacts/regions/US_region_masks.nc,US,US-R1,US-R5,US-R1,target_context,12,0,surface,increment_mse_latw,0.0001567524520396335,4485,1,0.027374267578125,hyperda_v4_final_2015_2025_context2022_query2023_2025_k0_4_12
forecast_only_latw_audit_US-R1,forecast_only_latw_audit_US-R1_forecast_only_10578,forecast_only,2022-09-24,10578,9,SON,,artifacts/splits/US_loro_kdate_splits.json,artifacts/regions/US_region_masks.nc,US,US-R1,US-R5,US-R1,target_context,12,0,surface,increment_rmse_latw,0.012520081950196393,4485,1,0.027374267578125,hyperda_v4_final_2015_2025_context2022_query2023_2025_k0_4_12
forecast_only_latw_audit_US-R1,forecast_only_latw_audit_US-R1_forecast_only_10578,forecast_only,2022-09-24,10578,9,SON,,artifacts/splits/US_loro_kdate_splits.json,artifacts/regions/US_region_masks.nc,US,US-R1,US-R5,US-R1,target_context,12,0,surface,increment_rmse_sqrt_before_time_avg_latw,0.012520081950196393,4485,1,0.027374267578125,hyperda_v4_final_2015_2025_context2022_query2023_2025_k0_4_12
forecast_only_latw_audit_US-R1,forecast_only_latw_audit_US-R1_forecast_only_10578,forecast_only,2022-09-24,10578,9,SON,,artifacts/splits/US_loro_kdate_splits.json,artifacts/regions/US_region_masks.nc,US,US-R1,US-R5,US-R1,target_context,12,0,surface,increment_mae_latw,0.008277912636900843,4485,1,0.027374267578125,hyperda_v4_final_2015_2025_context2022_query2023_2025_k0_4_12
forecast_only_latw_audit_US-R1,forecast_only_latw_audit_US-R1_forecast_only_10578,forecast_only,2022-09-24,10578,9,SON,,artifacts/splits/US_loro_kdate_splits.json,artifacts/regions/US_region_masks.nc,US,US-R1,US-R5,US-R1,target_context,12,0,surface,increment_bias_latw,-0.003112308418278138,4485,1,0.027374267578125,hyperda_v4_final_2015_2025_context2022_query2023_2025_k0_4_12
forecast_only_latw_audit_US-R1,forecast_only_latw_audit_US-R1_forecast_only_10578,forecast_only,2022-09-24,10578,9,SON,,artifacts/splits/US_loro_kdate_splits.json,artifacts/regions/US_region_masks.nc,US,US-R1,US-R5,US-R1,target_context,12,0,surface,increment_corr_latw,,4485,1,0.027374267578125,hyperda_v4_final_2015_2025_context2022_query2023_2025_k0_4_12
forecast_only_latw_audit_US-R1,forecast_only_latw_audit_US-R1_forecast_only_10578,forecast_only,2022-09-24,10578,9,SON,,artifacts/splits/US_loro_kdate_splits.json,artifacts/regions/US_region_masks.nc,US,US-R1,US-R5,US-R1,target_context,12,0,rootzone,analysis_rmse,0.0010537684249664666,4485,1,0.027374267578125,hyperda_v4_final_2015_2025_context2022_query2023_2025_k0_4_12
forecast_only_latw_audit_US-R1,forecast_only_latw_audit_US-R1_forecast_only_10578,forecast_only,2022-09-24,10578,9,SON,,artifacts/splits/US_loro_kdate_splits.json,artifacts/regions/US_region_masks.nc,US,US-R1,US-R5,US-R1,target_context,12,0,rootzone,analysis_mae,0.0006626241974358176,4485,1,0.027374267578125,hyperda_v4_final_2015_2025_context2022_query2023_2025_k0_4_12
forecast_only_latw_audit_US-R1,forecast_only_latw_audit_US-R1_forecast_only_10578,forecast_only,2022-09-24,10578,9,SON,,artifacts/splits/US_loro_kdate_splits.json,artifacts/regions/US_region_masks.nc,US,US-R1,US-R5,US-R1,target_context,12,0,rootzone,analysis_skill_vs_forecast,0.0,4485,1,0.027374267578125,hyperda_v4_final_2015_2025_context2022_query2023_2025_k0_4_12
forecast_only_latw_audit_US-R1,forecast_only_latw_audit_US-R1_forecast_only_10578,forecast_only,2022-09-24,10578,9,SON,,artifacts/splits/US_loro_kdate_splits.json,artifacts/regions/US_region_masks.nc,US,US-R1,US-R5,US-R1,target_context,12,0,rootzone,increment_rmse,0.0010537684249664666,4485,1,0.027374267578125,hyperda_v4_final_2015_2025_context2022_query2023_2025_k0_4_12
forecast_only_latw_audit_US-R1,forecast_only_latw_audit_US-R1_forecast_only_10578,forecast_only,2022-09-24,10578,9,SON,,artifacts/splits/US_loro_kdate_splits.json,artifacts/regions/US_region_masks.nc,US,US-R1,US-R5,US-R1,target_context,12,0,rootzone,increment_mae,0.0006626241974358176,4485,1,0.027374267578125,hyperda_v4_final_2015_2025_context2022_query2023_2025_k0_4_12
forecast_only_latw_audit_US-R1,forecast_only_latw_audit_US-R1_forecast_only_10578,forecast_only,2022-09-24,10578,9,SON,,artifacts/splits/US_loro_kdate_splits.json,artifacts/regions/US_region_masks.nc,US,US-R1,US-R5,US-R1,target_context,12,0,rootzone,increment_bias,-0.00027850834318460564,4485,1,0.027374267578125,hyperda_v4_final_2015_2025_context2022_query2023_2025_k0_4_12
forecast_only_latw_audit_US-R1,forecast_only_latw_audit_US-R1_forecast_only_10578,forecast_only,2022-09-24,10578,9,SON,,artifacts/splits/US_loro_kdate_splits.json,artifacts/regions/US_region_masks.nc,US,US-R1,US-R5,US-R1,target_context,12,0,rootzone,increment_corr,,4485,1,0.027374267578125,hyperda_v4_final_2015_2025_context2022_query2023_2025_k0_4_12
forecast_only_latw_audit_US-R1,forecast_only_latw_audit_US-R1_forecast_only_10578,forecast_only,2022-09-24,10578,9,SON,,artifacts/splits/US_loro_kdate_splits.json,artifacts/regions/US_region_masks.nc,US,US-R1,US-R5,US-R1,target_context,12,0,rootzone,sign_accuracy_deadzone,0.0,4485,1,0.027374267578125,hyperda_v4_final_2015_2025_context2022_query2023_2025_k0_4_12
forecast_only_latw_audit_US-R1,forecast_only_latw_audit_US-R1_forecast_only_10578,forecast_only,2022-09-24,10578,9,SON,,artifacts/splits/US_loro_kdate_splits.json,artifacts/regions/US_region_masks.nc,US,US-R1,US-R5,US-R1,target_context,12,0,rootzone,high_update_increment_skill,0.0,4485,1,0.027374267578125,hyperda_v4_final_2015_2025_context2022_query2023_2025_k0_4_12
forecast_only_latw_audit_US-R1,forecast_only_latw_audit_US-R1_forecast_only_10578,forecast_only,2022-09-24,10578,9,SON,,artifacts/splits/US_loro_kdate_splits.json,artifacts/regions/US_region_masks.nc,US,US-R1,US-R5,US-R1,target_context,12,0,rootzone,analysis_mse_latw,1.1124326092154832e-06,4485,1,0.027374267578125,hyperda_v4_final_2015_2025_context2022_query2023_2025_k0_4_12
forecast_only_latw_audit_US-R1,forecast_only_latw_audit_US-R1_forecast_only_10578,forecast_only,2022-09-24,10578,9,SON,,artifacts/splits/US_loro_kdate_splits.json,artifacts/regions/US_region_masks.nc,US,US-R1,US-R5,US-R1,target_context,12,0,rootzone,analysis_rmse_latw,0.0010547192087069824,4485,1,0.027374267578125,hyperda_v4_final_2015_2025_context2022_query2023_2025_k0_4_12
forecast_only_latw_audit_US-R1,forecast_only_latw_audit_US-R1_forecast_only_10578,forecast_only,2022-09-24,10578,9,SON,,artifacts/splits/US_loro_kdate_splits.json,artifacts/regions/US_region_masks.nc,US,US-R1,US-R5,US-R1,target_context,12,0,rootzone,analysis_rmse_sqrt_before_time_avg_latw,0.0010547192087069824,4485,1,0.027374267578125,hyperda_v4_final_2015_2025_context2022_query2023_2025_k0_4_12
forecast_only_latw_audit_US-R1,forecast_only_latw_audit_US-R1_forecast_only_10578,forecast_only,2022-09-24,10578,9,SON,,artifacts/splits/US_loro_kdate_splits.json,artifacts/regions/US_region_masks.nc,US,US-R1,US-R5,US-R1,target_context,12,0,rootzone,analysis_skill_vs_forecast_latw,0.0,4485,1,0.027374267578125,hyperda_v4_final_2015_2025_context2022_query2023_2025_k0_4_12
forecast_only_latw_audit_US-R1,forecast_only_latw_audit_US-R1_forecast_only_10578,forecast_only,2022-09-24,10578,9,SON,,artifacts/splits/US_loro_kdate_splits.json,artifacts/regions/US_region_masks.nc,US,US-R1,US-R5,US-R1,target_context,12,0,rootzone,increment_mse_latw,1.1124326092154832e-06,4485,1,0.027374267578125,hyperda_v4_final_2015_2025_context2022_query2023_2025_k0_4_12
forecast_only_latw_audit_US-R1,forecast_only_latw_audit_US-R1_forecast_only_10578,forecast_only,2022-09-24,10578,9,SON,,artifacts/splits/US_loro_kdate_splits.json,artifacts/regions/US_region_masks.nc,US,US-R1,US-R5,US-R1,target_context,12,0,rootzone,increment_rmse_latw,0.0010547192087069824,4485,1,0.027374267578125,hyperda_v4_final_2015_2025_context2022_query2023_2025_k0_4_12
forecast_only_latw_audit_US-R1,forecast_only_latw_audit_US-R1_forecast_only_10578,forecast_only,2022-09-24,10578,9,SON,,artifacts/splits/US_loro_kdate_splits.json,artifacts/regions/US_region_masks.nc,US,US-R1,US-R5,US-R1,target_context,12,0,rootzone,increment_rmse_sqrt_before_time_avg_latw,0.0010547192087069824,4485,1,0.027374267578125,hyperda_v4_final_2015_2025_context2022_query2023_2025_k0_4_12
forecast_only_latw_audit_US-R1,forecast_only_latw_audit_US-R1_forecast_only_10578,forecast_only,2022-09-24,10578,9,SON,,artifacts/splits/US_loro_kdate_splits.json,artifacts/regions/US_region_masks.nc,US,US-R1,US-R5,US-R1,target_context,12,0,rootzone,increment_mae_latw,0.0006637299224651039,4485,1,0.027374267578125,hyperda_v4_final_2015_2025_context2022_query2023_2025_k0_4_12
forecast_only_latw_audit_US-R1,forecast_only_latw_audit_US-R1_forecast_only_10578,forecast_only,2022-09-24,10578,9,SON,,artifacts/splits/US_loro_kdate_splits.json,artifacts/regions/US_region_masks.nc,US,US-R1,US-R5,US-R1,target_context,12,0,rootzone,increment_bias_latw,-0.0002798443561845726,4485,1,0.027374267578125,hyperda_v4_final_2015_2025_context2022_query2023_2025_k0_4_12
forecast_only_latw_audit_US-R1,forecast_only_latw_audit_US-R1_forecast_only_10578,forecast_only,2022-09-24,10578,9,SON,,artifacts/splits/US_loro_kdate_splits.json,artifacts/regions/US_region_masks.nc,US,US-R1,US-R5,US-R1,target_context,12,0,rootzone,increment_corr_latw,,4485,1,0.027374267578125,hyperda_v4_final_2015_2025_context2022_query2023_2025_k0_4_12
forecast_only_latw_audit_US-R1,forecast_only_latw_audit_US-R1_forecast_only_10625,forecast_only,2022-10-05,10625,10,SON,,artifacts/splits/US_loro_kdate_splits.json,artifacts/regions/US_region_masks.nc,US,US-R1,US-R5,US-R1,target_context,12,0,surface,analysis_rmse,0.017587879036105345,4485,1,0.027374267578125,hyperda_v4_final_2015_2025_context2022_query2023_2025_k0_4_12
forecast_only_latw_audit_US-R1,forecast_only_latw_audit_US-R1_forecast_only_10625,forecast_only,2022-10-05,10625,10,SON,,artifacts/splits/US_loro_kdate_splits.json,artifacts/regions/US_region_masks.nc,US,US-R1,US-R5,US-R1,target_context,12,0,surface,analysis_mae,0.011795791959932017,4485,1,0.027374267578125,hyperda_v4_final_2015_2025_context2022_query2023_2025_k0_4_12
forecast_only_latw_audit_US-R1,forecast_only_latw_audit_US-R1_forecast_only_10625,forecast_only,2022-10-05,10625,10,SON,,artifacts/splits/US_loro_kdate_splits.json,artifacts/regions/US_region_masks.nc,US,US-R1,US-R5,US-R1,target_context,12,0,surface,analysis_skill_vs_forecast,0.0,4485,1,0.027374267578125,hyperda_v4_final_2015_2025_context2022_query2023_2025_k0_4_12
forecast_only_latw_audit_US-R1,forecast_only_latw_audit_US-R1_forecast_only_10625,forecast_only,2022-10-05,10625,10,SON,,artifacts/splits/US_loro_kdate_splits.json,artifacts/regions/US_region_masks.nc,US,US-R1,US-R5,US-R1,target_context,12,0,surface,increment_rmse,0.017587879036105345,4485,1,0.027374267578125,hyperda_v4_final_2015_2025_context2022_query2023_2025_k0_4_12
forecast_only_latw_audit_US-R1,forecast_only_latw_audit_US-R1_forecast_only_10625,forecast_only,2022-10-05,10625,10,SON,,artifacts/splits/US_loro_kdate_splits.json,artifacts/regions/US_region_masks.nc,US,US-R1,US-R5,US-R1,target_context,12,0,surface,increment_mae,0.011795791959932017,4485,1,0.027374267578125,hyperda_v4_final_2015_2025_context2022_query2023_2025_k0_4_12
forecast_only_latw_audit_US-R1,forecast_only_latw_audit_US-R1_forecast_only_10625,forecast_only,2022-10-05,10625,10,SON,,artifacts/splits/US_loro_kdate_splits.json,artifacts/regions/US_region_masks.nc,US,US-R1,US-R5,US-R1,target_context,12,0,surface,increment_bias,-0.005569657147213102,4485,1,0.027374267578125,hyperda_v4_final_2015_2025_context2022_query2023_2025_k0_4_12
forecast_only_latw_audit_US-R1,forecast_only_latw_audit_US-R1_forecast_only_10625,forecast_only,2022-10-05,10625,10,SON,,artifacts/splits/US_loro_kdate_splits.json,artifacts/regions/US_region_masks.nc,US,US-R1,US-R5,US-R1,target_context,12,0,surface,increment_corr,,4485,1,0.027374267578125,hyperda_v4_final_2015_2025_context2022_query2023_2025_k0_4_12
forecast_only_latw_audit_US-R1,forecast_only_latw_audit_US-R1_forecast_only_10625,forecast_only,2022-10-05,10625,10,SON,,artifacts/splits/US_loro_kdate_splits.json,artifacts/regions/US_region_masks.nc,US,US-R1,US-R5,US-R1,target_context,12,0,surface,sign_accuracy_deadzone,0.0,4485,1,0.027374267578125,hyperda_v4_final_2015_2025_context2022_query2023_2025_k0_4_12
forecast_only_latw_audit_US-R1,forecast_only_latw_audit_US-R1_forecast_only_10625,forecast_only,2022-10-05,10625,10,SON,,artifacts/splits/US_loro_kdate_splits.json,artifacts/regions/US_region_masks.nc,US,US-R1,US-R5,US-R1,target_context,12,0,surface,high_update_increment_skill,0.0,4485,1,0.027374267578125,hyperda_v4_final_2015_2025_context2022_query2023_2025_k0_4_12
forecast_only_latw_audit_US-R1,forecast_only_latw_audit_US-R1_forecast_only_10625,forecast_only,2022-10-05,10625,10,SON,,artifacts/splits/US_loro_kdate_splits.json,artifacts/regions/US_region_masks.nc,US,US-R1,US-R5,US-R1,target_context,12,0,surface,analysis_mse_latw,0.00031224551683868725,4485,1,0.027374267578125,hyperda_v4_final_2015_2025_context2022_query2023_2025_k0_4_12
forecast_only_latw_audit_US-R1,forecast_only_latw_audit_US-R1_forecast_only_10625,forecast_only,2022-10-05,10625,10,SON,,artifacts/splits/US_loro_kdate_splits.json,artifacts/regions/US_region_masks.nc,US,US-R1,US-R5,US-R1,target_context,12,0,surface,analysis_rmse_latw,0.01767047019291471,4485,1,0.027374267578125,hyperda_v4_final_2015_2025_context2022_query2023_2025_k0_4_12
forecast_only_latw_audit_US-R1,forecast_only_latw_audit_US-R1_forecast_only_10625,forecast_only,2022-10-05,10625,10,SON,,artifacts/splits/US_loro_kdate_splits.json,artifacts/regions/US_region_masks.nc,US,US-R1,US-R5,US-R1,target_context,12,0,surface,analysis_rmse_sqrt_before_time_avg_latw,0.01767047019291471,4485,1,0.027374267578125,hyperda_v4_final_2015_2025_context2022_query2023_2025_k0_4_12
forecast_only_latw_audit_US-R1,forecast_only_latw_audit_US-R1_forecast_only_10625,forecast_only,2022-10-05,10625,10,SON,,artifacts/splits/US_loro_kdate_splits.json,artifacts/regions/US_region_masks.nc,US,US-R1,US-R5,US-R1,target_context,12,0,surface,analysis_skill_vs_forecast_latw,0.0,4485,1,0.027374267578125,hyperda_v4_final_2015_2025_context2022_query2023_2025_k0_4_12
forecast_only_latw_audit_US-R1,forecast_only_latw_audit_US-R1_forecast_only_10625,forecast_only,2022-10-05,10625,10,SON,,artifacts/splits/US_loro_kdate_splits.json,artifacts/regions/US_region_masks.nc,US,US-R1,US-R5,US-R1,target_context,12,0,surface,increment_mse_latw,0.00031224551683868725,4485,1,0.027374267578125,hyperda_v4_final_2015_2025_context2022_query2023_2025_k0_4_12
forecast_only_latw_audit_US-R1,forecast_only_latw_audit_US-R1_forecast_only_10625,forecast_only,2022-10-05,10625,10,SON,,artifacts/splits/US_loro_kdate_splits.json,artifacts/regions/US_region_masks.nc,US,US-R1,US-R5,US-R1,target_context,12,0,surface,increment_rmse_latw,0.01767047019291471,4485,1,0.027374267578125,hyperda_v4_final_2015_2025_context2022_query2023_2025_k0_4_12
forecast_only_latw_audit_US-R1,forecast_only_latw_audit_US-R1_forecast_only_10625,forecast_only,2022-10-05,10625,10,SON,,artifacts/splits/US_loro_kdate_splits.json,artifacts/regions/US_region_masks.nc,US,US-R1,US-R5,US-R1,target_context,12,0,surface,increment_rmse_sqrt_before_time_avg_latw,0.01767047019291471,4485,1,0.027374267578125,hyperda_v4_final_2015_2025_context2022_query2023_2025_k0_4_12
forecast_only_latw_audit_US-R1,forecast_only_latw_audit_US-R1_forecast_only_10625,forecast_only,2022-10-05,10625,10,SON,,artifacts/splits/US_loro_kdate_splits.json,artifacts/regions/US_region_masks.nc,US,US-R1,US-R5,US-R1,target_context,12,0,surface,increment_mae_latw,0.011846592715244776,4485,1,0.027374267578125,hyperda_v4_final_2015_2025_context2022_query2023_2025_k0_4_12
forecast_only_latw_audit_US-R1,forecast_only_latw_audit_US-R1_forecast_only_10625,forecast_only,2022-10-05,10625,10,SON,,artifacts/splits/US_loro_kdate_splits.json,artifacts/regions/US_region_masks.nc,US,US-R1,US-R5,US-R1,target_context,12,0,surface,increment_bias_latw,-0.005577243492294337,4485,1,0.027374267578125,hyperda_v4_final_2015_2025_context2022_query2023_2025_k0_4_12
forecast_only_latw_audit_US-R1,forecast_only_latw_audit_US-R1_forecast_only_10625,forecast_only,2022-10-05,10625,10,SON,,artifacts/splits/US_loro_kdate_splits.json,artifacts/regions/US_region_masks.nc,US,US-R1,US-R5,US-R1,target_context,12,0,surface,increment_corr_latw,,4485,1,0.027374267578125,hyperda_v4_final_2015_2025_context2022_query2023_2025_k0_4_12
forecast_only_latw_audit_US-R1,forecast_only_latw_audit_US-R1_forecast_only_10625,forecast_only,2022-10-05,10625,10,SON,,artifacts/splits/US_loro_kdate_splits.json,artifacts/regions/US_region_masks.nc,US,US-R1,US-R5,US-R1,target_context,12,0,rootzone,analysis_rmse,0.002125007573530434,4485,1,0.027374267578125,hyperda_v4_final_2015_2025_context2022_query2023_2025_k0_4_12
forecast_only_latw_audit_US-R1,forecast_only_latw_audit_US-R1_forecast_only_10625,forecast_only,2022-10-05,10625,10,SON,,artifacts/splits/US_loro_kdate_splits.json,artifacts/regions/US_region_masks.nc,US,US-R1,US-R5,US-R1,target_context,12,0,rootzone,analysis_mae,0.0012409298162629108,4485,1,0.027374267578125,hyperda_v4_final_2015_2025_context2022_query2023_2025_k0_4_12
forecast_only_latw_audit_US-R1,forecast_only_latw_audit_US-R1_forecast_only_10625,forecast_only,2022-10-05,10625,10,SON,,artifacts/splits/US_loro_kdate_splits.json,artifacts/regions/US_region_masks.nc,US,US-R1,US-R5,US-R1,target_context,12,0,rootzone,analysis_skill_vs_forecast,0.0,4485,1,0.027374267578125,hyperda_v4_final_2015_2025_context2022_query2023_2025_k0_4_12
forecast_only_latw_audit_US-R1,forecast_only_latw_audit_US-R1_forecast_only_10625,forecast_only,2022-10-05,10625,10,SON,,artifacts/splits/US_loro_kdate_splits.json,artifacts/regions/US_region_masks.nc,US,US-R1,US-R5,US-R1,target_context,12,0,rootzone,increment_rmse,0.002125007573530434,4485,1,0.027374267578125,hyperda_v4_final_2015_2025_context2022_query2023_2025_k0_4_12
forecast_only_latw_audit_US-R1,forecast_only_latw_audit_US-R1_forecast_only_10625,forecast_only,2022-10-05,10625,10,SON,,artifacts/splits/US_loro_kdate_splits.json,artifacts/regions/US_region_masks.nc,US,US-R1,US-R5,US-R1,target_context,12,0,rootzone,increment_mae,0.0012409298162629108,4485,1,0.027374267578125,hyperda_v4_final_2015_2025_context2022_query2023_2025_k0_4_12
forecast_only_latw_audit_US-R1,forecast_only_latw_audit_US-R1_forecast_only_10625,forecast_only,2022-10-05,10625,10,SON,,artifacts/splits/US_loro_kdate_splits.json,artifacts/regions/US_region_masks.nc,US,US-R1,US-R5,US-R1,target_context,12,0,rootzone,increment_bias,-0.0007969060291846594,4485,1,0.027374267578125,hyperda_v4_final_2015_2025_context2022_query2023_2025_k0_4_12
forecast_only_latw_audit_US-R1,forecast_only_latw_audit_US-R1_forecast_only_10625,forecast_only,2022-10-05,10625,10,SON,,artifacts/splits/US_loro_kdate_splits.json,artifacts/regions/US_region_masks.nc,US,US-R1,US-R5,US-R1,target_context,12,0,rootzone,increment_corr,,4485,1,0.027374267578125,hyperda_v4_final_2015_2025_context2022_query2023_2025_k0_4_12
forecast_only_latw_audit_US-R1,forecast_only_latw_audit_US-R1_forecast_only_10625,forecast_only,2022-10-05,10625,10,SON,,artifacts/splits/US_loro_kdate_splits.json,artifacts/regions/US_region_masks.nc,US,US-R1,US-R5,US-R1,target_context,12,0,rootzone,sign_accuracy_deadzone,0.0,4485,1,0.027374267578125,hyperda_v4_final_2015_2025_context2022_query2023_2025_k0_4_12
forecast_only_latw_audit_US-R1,forecast_only_latw_audit_US-R1_forecast_only_10625,forecast_only,2022-10-05,10625,10,SON,,artifacts/splits/US_loro_kdate_splits.json,artifacts/regions/US_region_masks.nc,US,US-R1,US-R5,US-R1,target_context,12,0,rootzone,high_update_increment_skill,0.0,4485,1,0.027374267578125,hyperda_v4_final_2015_2025_context2022_query2023_2025_k0_4_12
forecast_only_latw_audit_US-R1,forecast_only_latw_audit_US-R1_forecast_only_10625,forecast_only,2022-10-05,10625,10,SON,,artifacts/splits/US_loro_kdate_splits.json,artifacts/regions/US_region_masks.nc,US,US-R1,US-R5,US-R1,target_context,12,0,rootzone,analysis_mse_latw,4.540445508744488e-06,4485,1,0.027374267578125,hyperda_v4_final_2015_2025_context2022_query2023_2025_k0_4_12
forecast_only_latw_audit_US-R1,forecast_only_latw_audit_US-R1_forecast_only_10625,forecast_only,2022-10-05,10625,10,SON,,artifacts/splits/US_loro_kdate_splits.json,artifacts/regions/US_region_masks.nc,US,US-R1,US-R5,US-R1,target_context,12,0,rootzone,analysis_rmse_latw,0.0021308321165085923,4485,1,0.027374267578125,hyperda_v4_final_2015_2025_context2022_query2023_2025_k0_4_12
forecast_only_latw_audit_US-R1,forecast_only_latw_audit_US-R1_forecast_only_10625,forecast_only,2022-10-05,10625,10,SON,,artifacts/splits/US_loro_kdate_splits.json,artifacts/regions/US_region_masks.nc,US,US-R1,US-R5,US-R1,target_context,12,0,rootzone,analysis_rmse_sqrt_before_time_avg_latw,0.0021308321165085923,4485,1,0.027374267578125,hyperda_v4_final_2015_2025_context2022_query2023_2025_k0_4_12
forecast_only_latw_audit_US-R1,forecast_only_latw_audit_US-R1_forecast_only_10625,forecast_only,2022-10-05,10625,10,SON,,artifacts/splits/US_loro_kdate_splits.json,artifacts/regions/US_region_masks.nc,US,US-R1,US-R5,US-R1,target_context,12,0,rootzone,analysis_skill_vs_forecast_latw,0.0,4485,1,0.027374267578125,hyperda_v4_final_2015_2025_context2022_query2023_2025_k0_4_12
forecast_only_latw_audit_US-R1,forecast_only_latw_audit_US-R1_forecast_only_10625,forecast_only,2022-10-05,10625,10,SON,,artifacts/splits/US_loro_kdate_splits.json,artifacts/regions/US_region_masks.nc,US,US-R1,US-R5,US-R1,target_context,12,0,rootzone,increment_mse_latw,4.540445508744488e-06,4485,1,0.027374267578125,hyperda_v4_final_2015_2025_context2022_query2023_2025_k0_4_12
forecast_only_latw_audit_US-R1,forecast_only_latw_audit_US-R1_forecast_only_10625,forecast_only,2022-10-05,10625,10,SON,,artifacts/splits/US_loro_kdate_splits.json,artifacts/regions/US_region_masks.nc,US,US-R1,US-R5,US-R1,target_context,12,0,rootzone,increment_rmse_latw,0.0021308321165085923,4485,1,0.027374267578125,hyperda_v4_final_2015_2025_context2022_query2023_2025_k0_4_12
forecast_only_latw_audit_US-R1,forecast_only_latw_audit_US-R1_forecast_only_10625,forecast_only,2022-10-05,10625,10,SON,,artifacts/splits/US_loro_kdate_splits.json,artifacts/regions/US_region_masks.nc,US,US-R1,US-R5,US-R1,target_context,12,0,rootzone,increment_rmse_sqrt_before_time_avg_latw,0.0021308321165085923,4485,1,0.027374267578125,hyperda_v4_final_2015_2025_context2022_query2023_2025_k0_4_12
forecast_only_latw_audit_US-R1,forecast_only_latw_audit_US-R1_forecast_only_10625,forecast_only,2022-10-05,10625,10,SON,,artifacts/splits/US_loro_kdate_splits.json,artifacts/regions/US_region_masks.nc,US,US-R1,US-R5,US-R1,target_context,12,0,rootzone,increment_mae_latw,0.0012445453257472598,4485,1,0.027374267578125,hyperda_v4_final_2015_2025_context2022_query2023_2025_k0_4_12
forecast_only_latw_audit_US-R1,forecast_only_latw_audit_US-R1_forecast_only_10625,forecast_only,2022-10-05,10625,10,SON,,artifacts/splits/US_loro_kdate_splits.json,artifacts/regions/US_region_masks.nc,US,US-R1,US-R5,US-R1,target_context,12,0,rootzone,increment_bias_latw,-0.0007978171136117406,4485,1,0.027374267578125,hyperda_v4_final_2015_2025_context2022_query2023_2025_k0_4_12
forecast_only_latw_audit_US-R1,forecast_only_latw_audit_US-R1_forecast_only_10625,forecast_only,2022-10-05,10625,10,SON,,artifacts/splits/US_loro_kdate_splits.json,artifacts/regions/US_region_masks.nc,US,US-R1,US-R5,US-R1,target_context,12,0,rootzone,increment_corr_latw,,4485,1,0.027374267578125,hyperda_v4_final_2015_2025_context2022_query2023_2025_k0_4_12
forecast_only_latw_audit_US-R1,forecast_only_latw_audit_US-R1_forecast_only_10793,forecast_only,2022-11-14,10793,11,SON,,artifacts/splits/US_loro_kdate_splits.json,artifacts/regions/US_region_masks.nc,US,US-R1,US-R5,US-R1,target_context,12,0,surface,analysis_rmse,0.008978497084691806,4485,1,0.027374267578125,hyperda_v4_final_2015_2025_context2022_query2023_2025_k0_4_12
forecast_only_latw_audit_US-R1,forecast_only_latw_audit_US-R1_forecast_only_10793,forecast_only,2022-11-14,10793,11,SON,,artifacts/splits/US_loro_kdate_splits.json,artifacts/regions/US_region_masks.nc,US,US-R1,US-R5,US-R1,target_context,12,0,surface,analysis_mae,0.005920299257223423,4485,1,0.027374267578125,hyperda_v4_final_2015_2025_context2022_query2023_2025_k0_4_12
forecast_only_latw_audit_US-R1,forecast_only_latw_audit_US-R1_forecast_only_10793,forecast_only,2022-11-14,10793,11,SON,,artifacts/splits/US_loro_kdate_splits.json,artifacts/regions/US_region_masks.nc,US,US-R1,US-R5,US-R1,target_context,12,0,surface,analysis_skill_vs_forecast,0.0,4485,1,0.027374267578125,hyperda_v4_final_2015_2025_context2022_query2023_2025_k0_4_12
forecast_only_latw_audit_US-R1,forecast_only_latw_audit_US-R1_forecast_only_10793,forecast_only,2022-11-14,10793,11,SON,,artifacts/splits/US_loro_kdate_splits.json,artifacts/regions/US_region_masks.nc,US,US-R1,US-R5,US-R1,target_context,12,0,surface,increment_rmse,0.008978497084691806,4485,1,0.027374267578125,hyperda_v4_final_2015_2025_context2022_query2023_2025_k0_4_12
forecast_only_latw_audit_US-R1,forecast_only_latw_audit_US-R1_forecast_only_10793,forecast_only,2022-11-14,10793,11,SON,,artifacts/splits/US_loro_kdate_splits.json,artifacts/regions/US_region_masks.nc,US,US-R1,US-R5,US-R1,target_context,12,0,surface,increment_mae,0.005920299257223423,4485,1,0.027374267578125,hyperda_v4_final_2015_2025_context2022_query2023_2025_k0_4_12
forecast_only_latw_audit_US-R1,forecast_only_latw_audit_US-R1_forecast_only_10793,forecast_only,2022-11-14,10793,11,SON,,artifacts/splits/US_loro_kdate_splits.json,artifacts/regions/US_region_masks.nc,US,US-R1,US-R5,US-R1,target_context,12,0,surface,increment_bias,0.0026895647355611773,4485,1,0.027374267578125,hyperda_v4_final_2015_2025_context2022_query2023_2025_k0_4_12
forecast_only_latw_audit_US-R1,forecast_only_latw_audit_US-R1_forecast_only_10793,forecast_only,2022-11-14,10793,11,SON,,artifacts/splits/US_loro_kdate_splits.json,artifacts/regions/US_region_masks.nc,US,US-R1,US-R5,US-R1,target_context,12,0,surface,increment_corr,,4485,1,0.027374267578125,hyperda_v4_final_2015_2025_context2022_query2023_2025_k0_4_12
forecast_only_latw_audit_US-R1,forecast_only_latw_audit_US-R1_forecast_only_10793,forecast_only,2022-11-14,10793,11,SON,,artifacts/splits/US_loro_kdate_splits.json,artifacts/regions/US_region_masks.nc,US,US-R1,US-R5,US-R1,target_context,12,0,surface,sign_accuracy_deadzone,0.0,4485,1,0.027374267578125,hyperda_v4_final_2015_2025_context2022_query2023_2025_k0_4_12
forecast_only_latw_audit_US-R1,forecast_only_latw_audit_US-R1_forecast_only_10793,forecast_only,2022-11-14,10793,11,SON,,artifacts/splits/US_loro_kdate_splits.json,artifacts/regions/US_region_masks.nc,US,US-R1,US-R5,US-R1,target_context,12,0,surface,high_update_increment_skill,0.0,4485,1,0.027374267578125,hyperda_v4_final_2015_2025_context2022_query2023_2025_k0_4_12
forecast_only_latw_audit_US-R1,forecast_only_latw_audit_US-R1_forecast_only_10793,forecast_only,2022-11-14,10793,11,SON,,artifacts/splits/US_loro_kdate_splits.json,artifacts/regions/US_region_masks.nc,US,US-R1,US-R5,US-R1,target_context,12,0,surface,analysis_mse_latw,8.072261522296887e-05,4485,1,0.027374267578125,hyperda_v4_final_2015_2025_context2022_query2023_2025_k0_4_12
forecast_only_latw_audit_US-R1,forecast_only_latw_audit_US-R1_forecast_only_10793,forecast_only,2022-11-14,10793,11,SON,,artifacts/splits/US_loro_kdate_splits.json,artifacts/regions/US_region_masks.nc,US,US-R1,US-R5,US-R1,target_context,12,0,surface,analysis_rmse_latw,0.008984576518844328,4485,1,0.027374267578125,hyperda_v4_final_2015_2025_context2022_query2023_2025_k0_4_12
forecast_only_latw_audit_US-R1,forecast_only_latw_audit_US-R1_forecast_only_10793,forecast_only,2022-11-14,10793,11,SON,,artifacts/splits/US_loro_kdate_splits.json,artifacts/regions/US_region_masks.nc,US,US-R1,US-R5,US-R1,target_context,12,0,surface,analysis_rmse_sqrt_before_time_avg_latw,0.008984576518844328,4485,1,0.027374267578125,hyperda_v4_final_2015_2025_context2022_query2023_2025_k0_4_12
forecast_only_latw_audit_US-R1,forecast_only_latw_audit_US-R1_forecast_only_10793,forecast_only,2022-11-14,10793,11,SON,,artifacts/splits/US_loro_kdate_splits.json,artifacts/regions/US_region_masks.nc,US,US-R1,US-R5,US-R1,target_context,12,0,surface,analysis_skill_vs_forecast_latw,0.0,4485,1,0.027374267578125,hyperda_v4_final_2015_2025_context2022_query2023_2025_k0_4_12
forecast_only_latw_audit_US-R1,forecast_only_latw_audit_US-R1_forecast_only_10793,forecast_only,2022-11-14,10793,11,SON,,artifacts/splits/US_loro_kdate_splits.json,artifacts/regions/US_region_masks.nc,US,US-R1,US-R5,US-R1,target_context,12,0,surface,increment_mse_latw,8.072261522296887e-05,4485,1,0.027374267578125,hyperda_v4_final_2015_2025_context2022_query2023_2025_k0_4_12
forecast_only_latw_audit_US-R1,forecast_only_latw_audit_US-R1_forecast_only_10793,forecast_only,2022-11-14,10793,11,SON,,artifacts/splits/US_loro_kdate_splits.json,artifacts/regions/US_region_masks.nc,US,US-R1,US-R5,US-R1,target_context,12,0,surface,increment_rmse_latw,0.008984576518844328,4485,1,0.027374267578125,hyperda_v4_final_2015_2025_context2022_query2023_2025_k0_4_12
forecast_only_latw_audit_US-R1,forecast_only_latw_audit_US-R1_forecast_only_10793,forecast_only,2022-11-14,10793,11,SON,,artifacts/splits/US_loro_kdate_splits.json,artifacts/regions/US_region_masks.nc,US,US-R1,US-R5,US-R1,target_context,12,0,surface,increment_rmse_sqrt_before_time_avg_latw,0.008984576518844328,4485,1,0.027374267578125,hyperda_v4_final_2015_2025_context2022_query2023_2025_k0_4_12
forecast_only_latw_audit_US-R1,forecast_only_latw_audit_US-R1_forecast_only_10793,forecast_only,2022-11-14,10793,11,SON,,artifacts/splits/US_loro_kdate_splits.json,artifacts/regions/US_region_masks.nc,US,US-R1,US-R5,US-R1,target_context,12,0,surface,increment_mae_latw,0.005935993259141001,4485,1,0.027374267578125,hyperda_v4_final_2015_2025_context2022_query2023_2025_k0_4_12
forecast_only_latw_audit_US-R1,forecast_only_latw_audit_US-R1_forecast_only_10793,forecast_only,2022-11-14,10793,11,SON,,artifacts/splits/US_loro_kdate_splits.json,artifacts/regions/US_region_masks.nc,US,US-R1,US-R5,US-R1,target_context,12,0,surface,increment_bias_latw,0.0027257967880565974,4485,1,0.027374267578125,hyperda_v4_final_2015_2025_context2022_query2023_2025_k0_4_12
forecast_only_latw_audit_US-R1,forecast_only_latw_audit_US-R1_forecast_only_10793,forecast_only,2022-11-14,10793,11,SON,,artifacts/splits/US_loro_kdate_splits.json,artifacts/regions/US_region_masks.nc,US,US-R1,US-R5,US-R1,target_context,12,0,surface,increment_corr_latw,,4485,1,0.027374267578125,hyperda_v4_final_2015_2025_context2022_query2023_2025_k0_4_12
forecast_only_latw_audit_US-R1,forecast_only_latw_audit_US-R1_forecast_only_10793,forecast_only,2022-11-14,10793,11,SON,,artifacts/splits/US_loro_kdate_splits.json,artifacts/regions/US_region_masks.nc,US,US-R1,US-R5,US-R1,target_context,12,0,rootzone,analysis_rmse,0.0005612083639255878,4485,1,0.027374267578125,hyperda_v4_final_2015_2025_context2022_query2023_2025_k0_4_12
forecast_only_latw_audit_US-R1,forecast_only_latw_audit_US-R1_forecast_only_10793,forecast_only,2022-11-14,10793,11,SON,,artifacts/splits/US_loro_kdate_splits.json,artifacts/regions/US_region_masks.nc,US,US-R1,US-R5,US-R1,target_context,12,0,rootzone,analysis_mae,0.00036463096941361325,4485,1,0.027374267578125,hyperda_v4_final_2015_2025_context2022_query2023_2025_k0_4_12
forecast_only_latw_audit_US-R1,forecast_only_latw_audit_US-R1_forecast_only_10793,forecast_only,2022-11-14,10793,11,SON,,artifacts/splits/US_loro_kdate_splits.json,artifacts/regions/US_region_masks.nc,US,US-R1,US-R5,US-R1,target_context,12,0,rootzone,analysis_skill_vs_forecast,0.0,4485,1,0.027374267578125,hyperda_v4_final_2015_2025_context2022_query2023_2025_k0_4_12
forecast_only_latw_audit_US-R1,forecast_only_latw_audit_US-R1_forecast_only_10793,forecast_only,2022-11-14,10793,11,SON,,artifacts/splits/US_loro_kdate_splits.json,artifacts/regions/US_region_masks.nc,US,US-R1,US-R5,US-R1,target_context,12,0,rootzone,increment_rmse,0.0005612083639255878,4485,1,0.027374267578125,hyperda_v4_final_2015_2025_context2022_query2023_2025_k0_4_12
forecast_only_latw_audit_US-R1,forecast_only_latw_audit_US-R1_forecast_only_10793,forecast_only,2022-11-14,10793,11,SON,,artifacts/splits/US_loro_kdate_splits.json,artifacts/regions/US_region_masks.nc,US,US-R1,US-R5,US-R1,target_context,12,0,rootzone,increment_mae,0.00036463096941361325,4485,1,0.027374267578125,hyperda_v4_final_2015_2025_context2022_query2023_2025_k0_4_12
forecast_only_latw_audit_US-R1,forecast_only_latw_audit_US-R1_forecast_only_10793,forecast_only,2022-11-14,10793,11,SON,,artifacts/splits/US_loro_kdate_splits.json,artifacts/regions/US_region_masks.nc,US,US-R1,US-R5,US-R1,target_context,12,0,rootzone,increment_bias,0.00014519190380439046,4485,1,0.027374267578125,hyperda_v4_final_2015_2025_context2022_query2023_2025_k0_4_12
forecast_only_latw_audit_US-R1,forecast_only_latw_audit_US-R1_forecast_only_10793,forecast_only,2022-11-14,10793,11,SON,,artifacts/splits/US_loro_kdate_splits.json,artifacts/regions/US_region_masks.nc,US,US-R1,US-R5,US-R1,target_context,12,0,rootzone,increment_corr,,4485,1,0.027374267578125,hyperda_v4_final_2015_2025_context2022_query2023_2025_k0_4_12
forecast_only_latw_audit_US-R1,forecast_only_latw_audit_US-R1_forecast_only_10793,forecast_only,2022-11-14,10793,11,SON,,artifacts/splits/US_loro_kdate_splits.json,artifacts/regions/US_region_masks.nc,US,US-R1,US-R5,US-R1,target_context,12,0,rootzone,sign_accuracy_deadzone,,4485,1,0.027374267578125,hyperda_v4_final_2015_2025_context2022_query2023_2025_k0_4_12
forecast_only_latw_audit_US-R1,forecast_only_latw_audit_US-R1_forecast_only_10793,forecast_only,2022-11-14,10793,11,SON,,artifacts/splits/US_loro_kdate_splits.json,artifacts/regions/US_region_masks.nc,US,US-R1,US-R5,US-R1,target_context,12,0,rootzone,high_update_increment_skill,0.0,4485,1,0.027374267578125,hyperda_v4_final_2015_2025_context2022_query2023_2025_k0_4_12
forecast_only_latw_audit_US-R1,forecast_only_latw_audit_US-R1_forecast_only_10793,forecast_only,2022-11-14,10793,11,SON,,artifacts/splits/US_loro_kdate_splits.json,artifacts/regions/US_region_masks.nc,US,US-R1,US-R5,US-R1,target_context,12,0,rootzone,analysis_mse_latw,3.1475845370735435e-07,4485,1,0.027374267578125,hyperda_v4_final_2015_2025_context2022_query2023_2025_k0_4_12
forecast_only_latw_audit_US-R1,forecast_only_latw_audit_US-R1_forecast_only_10793,forecast_only,2022-11-14,10793,11,SON,,artifacts/splits/US_loro_kdate_splits.json,artifacts/regions/US_region_masks.nc,US,US-R1,US-R5,US-R1,target_context,12,0,rootzone,analysis_rmse_latw,0.0005610333802077683,4485,1,0.027374267578125,hyperda_v4_final_2015_2025_context2022_query2023_2025_k0_4_12
forecast_only_latw_audit_US-R1,forecast_only_latw_audit_US-R1_forecast_only_10793,forecast_only,2022-11-14,10793,11,SON,,artifacts/splits/US_loro_kdate_splits.json,artifacts/regions/US_region_masks.nc,US,US-R1,US-R5,US-R1,target_context,12,0,rootzone,analysis_rmse_sqrt_before_time_avg_latw,0.0005610333802077683,4485,1,0.027374267578125,hyperda_v4_final_2015_2025_context2022_query2023_2025_k0_4_12
forecast_only_latw_audit_US-R1,forecast_only_latw_audit_US-R1_forecast_only_10793,forecast_only,2022-11-14,10793,11,SON,,artifacts/splits/US_loro_kdate_splits.json,artifacts/regions/US_region_masks.nc,US,US-R1,US-R5,US-R1,target_context,12,0,rootzone,analysis_skill_vs_forecast_latw,0.0,4485,1,0.027374267578125,hyperda_v4_final_2015_2025_context2022_query2023_2025_k0_4_12
forecast_only_latw_audit_US-R1,forecast_only_latw_audit_US-R1_forecast_only_10793,forecast_only,2022-11-14,10793,11,SON,,artifacts/splits/US_loro_kdate_splits.json,artifacts/regions/US_region_masks.nc,US,US-R1,US-R5,US-R1,target_context,12,0,rootzone,increment_mse_latw,3.1475845370735435e-07,4485,1,0.027374267578125,hyperda_v4_final_2015_2025_context2022_query2023_2025_k0_4_12
forecast_only_latw_audit_US-R1,forecast_only_latw_audit_US-R1_forecast_only_10793,forecast_only,2022-11-14,10793,11,SON,,artifacts/splits/US_loro_kdate_splits.json,artifacts/regions/US_region_masks.nc,US,US-R1,US-R5,US-R1,target_context,12,0,rootzone,increment_rmse_latw,0.0005610333802077683,4485,1,0.027374267578125,hyperda_v4_final_2015_2025_context2022_query2023_2025_k0_4_12
forecast_only_latw_audit_US-R1,forecast_only_latw_audit_US-R1_forecast_only_10793,forecast_only,2022-11-14,10793,11,SON,,artifacts/splits/US_loro_kdate_splits.json,artifacts/regions/US_region_masks.nc,US,US-R1,US-R5,US-R1,target_context,12,0,rootzone,increment_rmse_sqrt_before_time_avg_latw,0.0005610333802077683,4485,1,0.027374267578125,hyperda_v4_final_2015_2025_context2022_query2023_2025_k0_4_12
forecast_only_latw_audit_US-R1,forecast_only_latw_audit_US-R1_forecast_only_10793,forecast_only,2022-11-14,10793,11,SON,,artifacts/splits/US_loro_kdate_splits.json,artifacts/regions/US_region_masks.nc,US,US-R1,US-R5,US-R1,target_context,12,0,rootzone,increment_mae_latw,0.00036515615931744015,4485,1,0.027374267578125,hyperda_v4_final_2015_2025_context2022_query2023_2025_k0_4_12
forecast_only_latw_audit_US-R1,forecast_only_latw_audit_US-R1_forecast_only_10793,forecast_only,2022-11-14,10793,11,SON,,artifacts/splits/US_loro_kdate_splits.json,artifacts/regions/US_region_masks.nc,US,US-R1,US-R5,US-R1,target_context,12,0,rootzone,increment_bias_latw,0.00014705692159735974,4485,1,0.027374267578125,hyperda_v4_final_2015_2025_context2022_query2023_2025_k0_4_12
forecast_only_latw_audit_US-R1,forecast_only_latw_audit_US-R1_forecast_only_10793,forecast_only,2022-11-14,10793,11,SON,,artifacts/splits/US_loro_kdate_splits.json,artifacts/regions/US_region_masks.nc,US,US-R1,US-R5,US-R1,target_context,12,0,rootzone,increment_corr_latw,,4485,1,0.027374267578125,hyperda_v4_final_2015_2025_context2022_query2023_2025_k0_4_12
forecast_only_latw_audit_US-R1,forecast_only_latw_audit_US-R1_forecast_only_10887,forecast_only,2022-12-11,10887,12,DJF,,artifacts/splits/US_loro_kdate_splits.json,artifacts/regions/US_region_masks.nc,US,US-R1,US-R5,US-R1,target_context,12,0,surface,analysis_rmse,0.01263672404811738,4485,1,0.027374267578125,hyperda_v4_final_2015_2025_context2022_query2023_2025_k0_4_12
forecast_only_latw_audit_US-R1,forecast_only_latw_audit_US-R1_forecast_only_10887,forecast_only,2022-12-11,10887,12,DJF,,artifacts/splits/US_loro_kdate_splits.json,artifacts/regions/US_region_masks.nc,US,US-R1,US-R5,US-R1,target_context,12,0,surface,analysis_mae,0.008812511287455176,4485,1,0.027374267578125,hyperda_v4_final_2015_2025_context2022_query2023_2025_k0_4_12
forecast_only_latw_audit_US-R1,forecast_only_latw_audit_US-R1_forecast_only_10887,forecast_only,2022-12-11,10887,12,DJF,,artifacts/splits/US_loro_kdate_splits.json,artifacts/regions/US_region_masks.nc,US,US-R1,US-R5,US-R1,target_context,12,0,surface,analysis_skill_vs_forecast,0.0,4485,1,0.027374267578125,hyperda_v4_final_2015_2025_context2022_query2023_2025_k0_4_12
forecast_only_latw_audit_US-R1,forecast_only_latw_audit_US-R1_forecast_only_10887,forecast_only,2022-12-11,10887,12,DJF,,artifacts/splits/US_loro_kdate_splits.json,artifacts/regions/US_region_masks.nc,US,US-R1,US-R5,US-R1,target_context,12,0,surface,increment_rmse,0.01263672404811738,4485,1,0.027374267578125,hyperda_v4_final_2015_2025_context2022_query2023_2025_k0_4_12
forecast_only_latw_audit_US-R1,forecast_only_latw_audit_US-R1_forecast_only_10887,forecast_only,2022-12-11,10887,12,DJF,,artifacts/splits/US_loro_kdate_splits.json,artifacts/regions/US_region_masks.nc,US,US-R1,US-R5,US-R1,target_context,12,0,surface,increment_mae,0.008812511287455176,4485,1,0.027374267578125,hyperda_v4_final_2015_2025_context2022_query2023_2025_k0_4_12
forecast_only_latw_audit_US-R1,forecast_only_latw_audit_US-R1_forecast_only_10887,forecast_only,2022-12-11,10887,12,DJF,,artifacts/splits/US_loro_kdate_splits.json,artifacts/regions/US_region_masks.nc,US,US-R1,US-R5,US-R1,target_context,12,0,surface,increment_bias,-0.0015193855005795076,4485,1,0.027374267578125,hyperda_v4_final_2015_2025_context2022_query2023_2025_k0_4_12
forecast_only_latw_audit_US-R1,forecast_only_latw_audit_US-R1_forecast_only_10887,forecast_only,2022-12-11,10887,12,DJF,,artifacts/splits/US_loro_kdate_splits.json,artifacts/regions/US_region_masks.nc,US,US-R1,US-R5,US-R1,target_context,12,0,surface,increment_corr,,4485,1,0.027374267578125,hyperda_v4_final_2015_2025_context2022_query2023_2025_k0_4_12
forecast_only_latw_audit_US-R1,forecast_only_latw_audit_US-R1_forecast_only_10887,forecast_only,2022-12-11,10887,12,DJF,,artifacts/splits/US_loro_kdate_splits.json,artifacts/regions/US_region_masks.nc,US,US-R1,US-R5,US-R1,target_context,12,0,surface,sign_accuracy_deadzone,0.0,4485,1,0.027374267578125,hyperda_v4_final_2015_2025_context2022_query2023_2025_k0_4_12
forecast_only_latw_audit_US-R1,forecast_only_latw_audit_US-R1_forecast_only_10887,forecast_only,2022-12-11,10887,12,DJF,,artifacts/splits/US_loro_kdate_splits.json,artifacts/regions/US_region_masks.nc,US,US-R1,US-R5,US-R1,target_context,12,0,surface,high_update_increment_skill,0.0,4485,1,0.027374267578125,hyperda_v4_final_2015_2025_context2022_query2023_2025_k0_4_12
forecast_only_latw_audit_US-R1,forecast_only_latw_audit_US-R1_forecast_only_10887,forecast_only,2022-12-11,10887,12,DJF,,artifacts/splits/US_loro_kdate_splits.json,artifacts/regions/US_region_masks.nc,US,US-R1,US-R5,US-R1,target_context,12,0,surface,analysis_mse_latw,0.00016080032333153698,4485,1,0.027374267578125,hyperda_v4_final_2015_2025_context2022_query2023_2025_k0_4_12
forecast_only_latw_audit_US-R1,forecast_only_latw_audit_US-R1_forecast_only_10887,forecast_only,2022-12-11,10887,12,DJF,,artifacts/splits/US_loro_kdate_splits.json,artifacts/regions/US_region_masks.nc,US,US-R1,US-R5,US-R1,target_context,12,0,surface,analysis_rmse_latw,0.01268070673628,4485,1,0.027374267578125,hyperda_v4_final_2015_2025_context2022_query2023_2025_k0_4_12
forecast_only_latw_audit_US-R1,forecast_only_latw_audit_US-R1_forecast_only_10887,forecast_only,2022-12-11,10887,12,DJF,,artifacts/splits/US_loro_kdate_splits.json,artifacts/regions/US_region_masks.nc,US,US-R1,US-R5,US-R1,target_context,12,0,surface,analysis_rmse_sqrt_before_time_avg_latw,0.01268070673628,4485,1,0.027374267578125,hyperda_v4_final_2015_2025_context2022_query2023_2025_k0_4_12
forecast_only_latw_audit_US-R1,forecast_only_latw_audit_US-R1_forecast_only_10887,forecast_only,2022-12-11,10887,12,DJF,,artifacts/splits/US_loro_kdate_splits.json,artifacts/regions/US_region_masks.nc,US,US-R1,US-R5,US-R1,target_context,12,0,surface,analysis_skill_vs_forecast_latw,0.0,4485,1,0.027374267578125,hyperda_v4_final_2015_2025_context2022_query2023_2025_k0_4_12
forecast_only_latw_audit_US-R1,forecast_only_latw_audit_US-R1_forecast_only_10887,forecast_only,2022-12-11,10887,12,DJF,,artifacts/splits/US_loro_kdate_splits.json,artifacts/regions/US_region_masks.nc,US,US-R1,US-R5,US-R1,target_context,12,0,surface,increment_mse_latw,0.00016080032333153698,4485,1,0.027374267578125,hyperda_v4_final_2015_2025_context2022_query2023_2025_k0_4_12
forecast_only_latw_audit_US-R1,forecast_only_latw_audit_US-R1_forecast_only_10887,forecast_only,2022-12-11,10887,12,DJF,,artifacts/splits/US_loro_kdate_splits.json,artifacts/regions/US_region_masks.nc,US,US-R1,US-R5,US-R1,target_context,12,0,surface,increment_rmse_latw,0.01268070673628,4485,1,0.027374267578125,hyperda_v4_final_2015_2025_context2022_query2023_2025_k0_4_12
forecast_only_latw_audit_US-R1,forecast_only_latw_audit_US-R1_forecast_only_10887,forecast_only,2022-12-11,10887,12,DJF,,artifacts/splits/US_loro_kdate_splits.json,artifacts/regions/US_region_masks.nc,US,US-R1,US-R5,US-R1,target_context,12,0,surface,increment_rmse_sqrt_before_time_avg_latw,0.01268070673628,4485,1,0.027374267578125,hyperda_v4_final_2015_2025_context2022_query2023_2025_k0_4_12
forecast_only_latw_audit_US-R1,forecast_only_latw_audit_US-R1_forecast_only_10887,forecast_only,2022-12-11,10887,12,DJF,,artifacts/splits/US_loro_kdate_splits.json,artifacts/regions/US_region_masks.nc,US,US-R1,US-R5,US-R1,target_context,12,0,surface,increment_mae_latw,0.0088666524145126,4485,1,0.027374267578125,hyperda_v4_final_2015_2025_context2022_query2023_2025_k0_4_12
forecast_only_latw_audit_US-R1,forecast_only_latw_audit_US-R1_forecast_only_10887,forecast_only,2022-12-11,10887,12,DJF,,artifacts/splits/US_loro_kdate_splits.json,artifacts/regions/US_region_masks.nc,US,US-R1,US-R5,US-R1,target_context,12,0,surface,increment_bias_latw,-0.001621706085071574,4485,1,0.027374267578125,hyperda_v4_final_2015_2025_context2022_query2023_2025_k0_4_12
forecast_only_latw_audit_US-R1,forecast_only_latw_audit_US-R1_forecast_only_10887,forecast_only,2022-12-11,10887,12,DJF,,artifacts/splits/US_loro_kdate_splits.json,artifacts/regions/US_region_masks.nc,US,US-R1,US-R5,US-R1,target_context,12,0,surface,increment_corr_latw,,4485,1,0.027374267578125,hyperda_v4_final_2015_2025_context2022_query2023_2025_k0_4_12
forecast_only_latw_audit_US-R1,forecast_only_latw_audit_US-R1_forecast_only_10887,forecast_only,2022-12-11,10887,12,DJF,,artifacts/splits/US_loro_kdate_splits.json,artifacts/regions/US_region_masks.nc,US,US-R1,US-R5,US-R1,target_context,12,0,rootzone,analysis_rmse,0.0008080679571381462,4485,1,0.027374267578125,hyperda_v4_final_2015_2025_context2022_query2023_2025_k0_4_12
forecast_only_latw_audit_US-R1,forecast_only_latw_audit_US-R1_forecast_only_10887,forecast_only,2022-12-11,10887,12,DJF,,artifacts/splits/US_loro_kdate_splits.json,artifacts/regions/US_region_masks.nc,US,US-R1,US-R5,US-R1,target_context,12,0,rootzone,analysis_mae,0.0005432571966612219,4485,1,0.027374267578125,hyperda_v4_final_2015_2025_context2022_query2023_2025_k0_4_12
forecast_only_latw_audit_US-R1,forecast_only_latw_audit_US-R1_forecast_only_10887,forecast_only,2022-12-11,10887,12,DJF,,artifacts/splits/US_loro_kdate_splits.json,artifacts/regions/US_region_masks.nc,US,US-R1,US-R5,US-R1,target_context,12,0,rootzone,analysis_skill_vs_forecast,0.0,4485,1,0.027374267578125,hyperda_v4_final_2015_2025_context2022_query2023_2025_k0_4_12
forecast_only_latw_audit_US-R1,forecast_only_latw_audit_US-R1_forecast_only_10887,forecast_only,2022-12-11,10887,12,DJF,,artifacts/splits/US_loro_kdate_splits.json,artifacts/regions/US_region_masks.nc,US,US-R1,US-R5,US-R1,target_context,12,0,rootzone,increment_rmse,0.0008080679571381462,4485,1,0.027374267578125,hyperda_v4_final_2015_2025_context2022_query2023_2025_k0_4_12
forecast_only_latw_audit_US-R1,forecast_only_latw_audit_US-R1_forecast_only_10887,forecast_only,2022-12-11,10887,12,DJF,,artifacts/splits/US_loro_kdate_splits.json,artifacts/regions/US_region_masks.nc,US,US-R1,US-R5,US-R1,target_context,12,0,rootzone,increment_mae,0.0005432571966612219,4485,1,0.027374267578125,hyperda_v4_final_2015_2025_context2022_query2023_2025_k0_4_12
forecast_only_latw_audit_US-R1,forecast_only_latw_audit_US-R1_forecast_only_10887,forecast_only,2022-12-11,10887,12,DJF,,artifacts/splits/US_loro_kdate_splits.json,artifacts/regions/US_region_masks.nc,US,US-R1,US-R5,US-R1,target_context,12,0,rootzone,increment_bias,-0.00011877786189550274,4485,1,0.027374267578125,hyperda_v4_final_2015_2025_context2022_query2023_2025_k0_4_12
forecast_only_latw_audit_US-R1,forecast_only_latw_audit_US-R1_forecast_only_10887,forecast_only,2022-12-11,10887,12,DJF,,artifacts/splits/US_loro_kdate_splits.json,artifacts/regions/US_region_masks.nc,US,US-R1,US-R5,US-R1,target_context,12,0,rootzone,increment_corr,,4485,1,0.027374267578125,hyperda_v4_final_2015_2025_context2022_query2023_2025_k0_4_12
forecast_only_latw_audit_US-R1,forecast_only_latw_audit_US-R1_forecast_only_10887,forecast_only,2022-12-11,10887,12,DJF,,artifacts/splits/US_loro_kdate_splits.json,artifacts/regions/US_region_masks.nc,US,US-R1,US-R5,US-R1,target_context,12,0,rootzone,sign_accuracy_deadzone,,4485,1,0.027374267578125,hyperda_v4_final_2015_2025_context2022_query2023_2025_k0_4_12
forecast_only_latw_audit_US-R1,forecast_only_latw_audit_US-R1_forecast_only_10887,forecast_only,2022-12-11,10887,12,DJF,,artifacts/splits/US_loro_kdate_splits.json,artifacts/regions/US_region_masks.nc,US,US-R1,US-R5,US-R1,target_context,12,0,rootzone,high_update_increment_skill,0.0,4485,1,0.027374267578125,hyperda_v4_final_2015_2025_context2022_query2023_2025_k0_4_12
forecast_only_latw_audit_US-R1,forecast_only_latw_audit_US-R1_forecast_only_10887,forecast_only,2022-12-11,10887,12,DJF,,artifacts/splits/US_loro_kdate_splits.json,artifacts/regions/US_region_masks.nc,US,US-R1,US-R5,US-R1,target_context,12,0,rootzone,analysis_mse_latw,6.580241442680232e-07,4485,1,0.027374267578125,hyperda_v4_final_2015_2025_context2022_query2023_2025_k0_4_12
forecast_only_latw_audit_US-R1,forecast_only_latw_audit_US-R1_forecast_only_10887,forecast_only,2022-12-11,10887,12,DJF,,artifacts/splits/US_loro_kdate_splits.json,artifacts/regions/US_region_masks.nc,US,US-R1,US-R5,US-R1,target_context,12,0,rootzone,analysis_rmse_latw,0.0008111868738262615,4485,1,0.027374267578125,hyperda_v4_final_2015_2025_context2022_query2023_2025_k0_4_12
forecast_only_latw_audit_US-R1,forecast_only_latw_audit_US-R1_forecast_only_10887,forecast_only,2022-12-11,10887,12,DJF,,artifacts/splits/US_loro_kdate_splits.json,artifacts/regions/US_region_masks.nc,US,US-R1,US-R5,US-R1,target_context,12,0,rootzone,analysis_rmse_sqrt_before_time_avg_latw,0.0008111868738262615,4485,1,0.027374267578125,hyperda_v4_final_2015_2025_context2022_query2023_2025_k0_4_12
forecast_only_latw_audit_US-R1,forecast_only_latw_audit_US-R1_forecast_only_10887,forecast_only,2022-12-11,10887,12,DJF,,artifacts/splits/US_loro_kdate_splits.json,artifacts/regions/US_region_masks.nc,US,US-R1,US-R5,US-R1,target_context,12,0,rootzone,analysis_skill_vs_forecast_latw,0.0,4485,1,0.027374267578125,hyperda_v4_final_2015_2025_context2022_query2023_2025_k0_4_12
forecast_only_latw_audit_US-R1,forecast_only_latw_audit_US-R1_forecast_only_10887,forecast_only,2022-12-11,10887,12,DJF,,artifacts/splits/US_loro_kdate_splits.json,artifacts/regions/US_region_masks.nc,US,US-R1,US-R5,US-R1,target_context,12,0,rootzone,increment_mse_latw,6.580241442680232e-07,4485,1,0.027374267578125,hyperda_v4_final_2015_2025_context2022_query2023_2025_k0_4_12
forecast_only_latw_audit_US-R1,forecast_only_latw_audit_US-R1_forecast_only_10887,forecast_only,2022-12-11,10887,12,DJF,,artifacts/splits/US_loro_kdate_splits.json,artifacts/regions/US_region_masks.nc,US,US-R1,US-R5,US-R1,target_context,12,0,rootzone,increment_rmse_latw,0.0008111868738262615,4485,1,0.027374267578125,hyperda_v4_final_2015_2025_context2022_query2023_2025_k0_4_12
forecast_only_latw_audit_US-R1,forecast_only_latw_audit_US-R1_forecast_only_10887,forecast_only,2022-12-11,10887,12,DJF,,artifacts/splits/US_loro_kdate_splits.json,artifacts/regions/US_region_masks.nc,US,US-R1,US-R5,US-R1,target_context,12,0,rootzone,increment_rmse_sqrt_before_time_avg_latw,0.0008111868738262615,4485,1,0.027374267578125,hyperda_v4_final_2015_2025_context2022_query2023_2025_k0_4_12
forecast_only_latw_audit_US-R1,forecast_only_latw_audit_US-R1_forecast_only_10887,forecast_only,2022-12-11,10887,12,DJF,,artifacts/splits/US_loro_kdate_splits.json,artifacts/regions/US_region_masks.nc,US,US-R1,US-R5,US-R1,target_context,12,0,rootzone,increment_mae_latw,0.0005467687885038697,4485,1,0.027374267578125,hyperda_v4_final_2015_2025_context2022_query2023_2025_k0_4_12
forecast_only_latw_audit_US-R1,forecast_only_latw_audit_US-R1_forecast_only_10887,forecast_only,2022-12-11,10887,12,DJF,,artifacts/splits/US_loro_kdate_splits.json,artifacts/regions/US_region_masks.nc,US,US-R1,US-R5,US-R1,target_context,12,0,rootzone,increment_bias_latw,-0.00012516104787089222,4485,1,0.027374267578125,hyperda_v4_final_2015_2025_context2022_query2023_2025_k0_4_12
forecast_only_latw_audit_US-R1,forecast_only_latw_audit_US-R1_forecast_only_10887,forecast_only,2022-12-11,10887,12,DJF,,artifacts/splits/US_loro_kdate_splits.json,artifacts/regions/US_region_masks.nc,US,US-R1,US-R5,US-R1,target_context,12,0,rootzone,increment_corr_latw,,4485,1,0.027374267578125,hyperda_v4_final_2015_2025_context2022_query2023_2025_k0_4_12
forecast_only_latw_audit_US-R2,forecast_only_latw_audit_US-R2_forecast_only_9766,forecast_only,2022-01-18,9766,1,DJF,,artifacts/splits/US_loro_kdate_splits.json,artifacts/regions/US_region_masks.nc,US,US-R2,US-R5,US-R2,target_context,12,0,surface,analysis_rmse,0.023483037756371488,6075,1,0.037078857421875,hyperda_v4_final_2015_2025_context2022_query2023_2025_k0_4_12
forecast_only_latw_audit_US-R2,forecast_only_latw_audit_US-R2_forecast_only_9766,forecast_only,2022-01-18,9766,1,DJF,,artifacts/splits/US_loro_kdate_splits.json,artifacts/regions/US_region_masks.nc,US,US-R2,US-R5,US-R2,target_context,12,0,surface,analysis_mae,0.017138196765272704,6075,1,0.037078857421875,hyperda_v4_final_2015_2025_context2022_query2023_2025_k0_4_12
forecast_only_latw_audit_US-R2,forecast_only_latw_audit_US-R2_forecast_only_9766,forecast_only,2022-01-18,9766,1,DJF,,artifacts/splits/US_loro_kdate_splits.json,artifacts/regions/US_region_masks.nc,US,US-R2,US-R5,US-R2,target_context,12,0,surface,analysis_skill_vs_forecast,0.0,6075,1,0.037078857421875,hyperda_v4_final_2015_2025_context2022_query2023_2025_k0_4_12
forecast_only_latw_audit_US-R2,forecast_only_latw_audit_US-R2_forecast_only_9766,forecast_only,2022-01-18,9766,1,DJF,,artifacts/splits/US_loro_kdate_splits.json,artifacts/regions/US_region_masks.nc,US,US-R2,US-R5,US-R2,target_context,12,0,surface,increment_rmse,0.023483037752693597,6075,1,0.037078857421875,hyperda_v4_final_2015_2025_context2022_query2023_2025_k0_4_12
forecast_only_latw_audit_US-R2,forecast_only_latw_audit_US-R2_forecast_only_9766,forecast_only,2022-01-18,9766,1,DJF,,artifacts/splits/US_loro_kdate_splits.json,artifacts/regions/US_region_masks.nc,US,US-R2,US-R5,US-R2,target_context,12,0,surface,increment_mae,0.017138196763739663,6075,1,0.037078857421875,hyperda_v4_final_2015_2025_context2022_query2023_2025_k0_4_12
forecast_only_latw_audit_US-R2,forecast_only_latw_audit_US-R2_forecast_only_9766,forecast_only,2022-01-18,9766,1,DJF,,artifacts/splits/US_loro_kdate_splits.json,artifacts/regions/US_region_masks.nc,US,US-R2,US-R5,US-R2,target_context,12,0,surface,increment_bias,0.015122215460541317,6075,1,0.037078857421875,hyperda_v4_final_2015_2025_context2022_query2023_2025_k0_4_12
forecast_only_latw_audit_US-R2,forecast_only_latw_audit_US-R2_forecast_only_9766,forecast_only,2022-01-18,9766,1,DJF,,artifacts/splits/US_loro_kdate_splits.json,artifacts/regions/US_region_masks.nc,US,US-R2,US-R5,US-R2,target_context,12,0,surface,increment_corr,,6075,1,0.037078857421875,hyperda_v4_final_2015_2025_context2022_query2023_2025_k0_4_12
forecast_only_latw_audit_US-R2,forecast_only_latw_audit_US-R2_forecast_only_9766,forecast_only,2022-01-18,9766,1,DJF,,artifacts/splits/US_loro_kdate_splits.json,artifacts/regions/US_region_masks.nc,US,US-R2,US-R5,US-R2,target_context,12,0,surface,sign_accuracy_deadzone,0.0,6075,1,0.037078857421875,hyperda_v4_final_2015_2025_context2022_query2023_2025_k0_4_12
forecast_only_latw_audit_US-R2,forecast_only_latw_audit_US-R2_forecast_only_9766,forecast_only,2022-01-18,9766,1,DJF,,artifacts/splits/US_loro_kdate_splits.json,artifacts/regions/US_region_masks.nc,US,US-R2,US-R5,US-R2,target_context,12,0,surface,high_update_increment_skill,0.0,6075,1,0.037078857421875,hyperda_v4_final_2015_2025_context2022_query2023_2025_k0_4_12
forecast_only_latw_audit_US-R2,forecast_only_latw_audit_US-R2_forecast_only_9766,forecast_only,2022-01-18,9766,1,DJF,,artifacts/splits/US_loro_kdate_splits.json,artifacts/regions/US_region_masks.nc,US,US-R2,US-R5,US-R2,target_context,12,0,surface,analysis_mse_latw,0.0005522162724466832,6075,1,0.037078857421875,hyperda_v4_final_2015_2025_context2022_query2023_2025_k0_4_12
forecast_only_latw_audit_US-R2,forecast_only_latw_audit_US-R2_forecast_only_9766,forecast_only,2022-01-18,9766,1,DJF,,artifacts/splits/US_loro_kdate_splits.json,artifacts/regions/US_region_masks.nc,US,US-R2,US-R5,US-R2,target_context,12,0,surface,analysis_rmse_latw,0.02349928238152568,6075,1,0.037078857421875,hyperda_v4_final_2015_2025_context2022_query2023_2025_k0_4_12
forecast_only_latw_audit_US-R2,forecast_only_latw_audit_US-R2_forecast_only_9766,forecast_only,2022-01-18,9766,1,DJF,,artifacts/splits/US_loro_kdate_splits.json,artifacts/regions/US_region_masks.nc,US,US-R2,US-R5,US-R2,target_context,12,0,surface,analysis_rmse_sqrt_before_time_avg_latw,0.02349928238152568,6075,1,0.037078857421875,hyperda_v4_final_2015_2025_context2022_query2023_2025_k0_4_12
forecast_only_latw_audit_US-R2,forecast_only_latw_audit_US-R2_forecast_only_9766,forecast_only,2022-01-18,9766,1,DJF,,artifacts/splits/US_loro_kdate_splits.json,artifacts/regions/US_region_masks.nc,US,US-R2,US-R5,US-R2,target_context,12,0,surface,analysis_skill_vs_forecast_latw,0.0,6075,1,0.037078857421875,hyperda_v4_final_2015_2025_context2022_query2023_2025_k0_4_12
forecast_only_latw_audit_US-R2,forecast_only_latw_audit_US-R2_forecast_only_9766,forecast_only,2022-01-18,9766,1,DJF,,artifacts/splits/US_loro_kdate_splits.json,artifacts/regions/US_region_masks.nc,US,US-R2,US-R5,US-R2,target_context,12,0,surface,increment_mse_latw,0.0005522162722683959,6075,1,0.037078857421875,hyperda_v4_final_2015_2025_context2022_query2023_2025_k0_4_12
forecast_only_latw_audit_US-R2,forecast_only_latw_audit_US-R2_forecast_only_9766,forecast_only,2022-01-18,9766,1,DJF,,artifacts/splits/US_loro_kdate_splits.json,artifacts/regions/US_region_masks.nc,US,US-R2,US-R5,US-R2,target_context,12,0,surface,increment_rmse_latw,0.023499282377732217,6075,1,0.037078857421875,hyperda_v4_final_2015_2025_context2022_query2023_2025_k0_4_12
forecast_only_latw_audit_US-R2,forecast_only_latw_audit_US-R2_forecast_only_9766,forecast_only,2022-01-18,9766,1,DJF,,artifacts/splits/US_loro_kdate_splits.json,artifacts/regions/US_region_masks.nc,US,US-R2,US-R5,US-R2,target_context,12,0,surface,increment_rmse_sqrt_before_time_avg_latw,0.023499282377732217,6075,1,0.037078857421875,hyperda_v4_final_2015_2025_context2022_query2023_2025_k0_4_12
forecast_only_latw_audit_US-R2,forecast_only_latw_audit_US-R2_forecast_only_9766,forecast_only,2022-01-18,9766,1,DJF,,artifacts/splits/US_loro_kdate_splits.json,artifacts/regions/US_region_masks.nc,US,US-R2,US-R5,US-R2,target_context,12,0,surface,increment_mae_latw,0.017165567434639508,6075,1,0.037078857421875,hyperda_v4_final_2015_2025_context2022_query2023_2025_k0_4_12
forecast_only_latw_audit_US-R2,forecast_only_latw_audit_US-R2_forecast_only_9766,forecast_only,2022-01-18,9766,1,DJF,,artifacts/splits/US_loro_kdate_splits.json,artifacts/regions/US_region_masks.nc,US,US-R2,US-R5,US-R2,target_context,12,0,surface,increment_bias_latw,0.015187551118950204,6075,1,0.037078857421875,hyperda_v4_final_2015_2025_context2022_query2023_2025_k0_4_12
forecast_only_latw_audit_US-R2,forecast_only_latw_audit_US-R2_forecast_only_9766,forecast_only,2022-01-18,9766,1,DJF,,artifacts/splits/US_loro_kdate_splits.json,artifacts/regions/US_region_masks.nc,US,US-R2,US-R5,US-R2,target_context,12,0,surface,increment_corr_latw,,6075,1,0.037078857421875,hyperda_v4_final_2015_2025_context2022_query2023_2025_k0_4_12
forecast_only_latw_audit_US-R2,forecast_only_latw_audit_US-R2_forecast_only_9766,forecast_only,2022-01-18,9766,1,DJF,,artifacts/splits/US_loro_kdate_splits.json,artifacts/regions/US_region_masks.nc,US,US-R2,US-R5,US-R2,target_context,12,0,rootzone,analysis_rmse,0.0014122395492523123,6075,1,0.037078857421875,hyperda_v4_final_2015_2025_context2022_query2023_2025_k0_4_12
forecast_only_latw_audit_US-R2,forecast_only_latw_audit_US-R2_forecast_only_9766,forecast_only,2022-01-18,9766,1,DJF,,artifacts/splits/US_loro_kdate_splits.json,artifacts/regions/US_region_masks.nc,US,US-R2,US-R5,US-R2,target_context,12,0,rootzone,analysis_mae,0.0010007437065611652,6075,1,0.037078857421875,hyperda_v4_final_2015_2025_context2022_query2023_2025_k0_4_12
forecast_only_latw_audit_US-R2,forecast_only_latw_audit_US-R2_forecast_only_9766,forecast_only,2022-01-18,9766,1,DJF,,artifacts/splits/US_loro_kdate_splits.json,artifacts/regions/US_region_masks.nc,US,US-R2,US-R5,US-R2,target_context,12,0,rootzone,analysis_skill_vs_forecast,0.0,6075,1,0.037078857421875,hyperda_v4_final_2015_2025_context2022_query2023_2025_k0_4_12
forecast_only_latw_audit_US-R2,forecast_only_latw_audit_US-R2_forecast_only_9766,forecast_only,2022-01-18,9766,1,DJF,,artifacts/splits/US_loro_kdate_splits.json,artifacts/regions/US_region_masks.nc,US,US-R2,US-R5,US-R2,target_context,12,0,rootzone,increment_rmse,0.0014122395492523123,6075,1,0.037078857421875,hyperda_v4_final_2015_2025_context2022_query2023_2025_k0_4_12
forecast_only_latw_audit_US-R2,forecast_only_latw_audit_US-R2_forecast_only_9766,forecast_only,2022-01-18,9766,1,DJF,,artifacts/splits/US_loro_kdate_splits.json,artifacts/regions/US_region_masks.nc,US,US-R2,US-R5,US-R2,target_context,12,0,rootzone,increment_mae,0.0010007437065611652,6075,1,0.037078857421875,hyperda_v4_final_2015_2025_context2022_query2023_2025_k0_4_12
forecast_only_latw_audit_US-R2,forecast_only_latw_audit_US-R2_forecast_only_9766,forecast_only,2022-01-18,9766,1,DJF,,artifacts/splits/US_loro_kdate_splits.json,artifacts/regions/US_region_masks.nc,US,US-R2,US-R5,US-R2,target_context,12,0,rootzone,increment_bias,0.0008708425520808118,6075,1,0.037078857421875,hyperda_v4_final_2015_2025_context2022_query2023_2025_k0_4_12
forecast_only_latw_audit_US-R2,forecast_only_latw_audit_US-R2_forecast_only_9766,forecast_only,2022-01-18,9766,1,DJF,,artifacts/splits/US_loro_kdate_splits.json,artifacts/regions/US_region_masks.nc,US,US-R2,US-R5,US-R2,target_context,12,0,rootzone,increment_corr,,6075,1,0.037078857421875,hyperda_v4_final_2015_2025_context2022_query2023_2025_k0_4_12
forecast_only_latw_audit_US-R2,forecast_only_latw_audit_US-R2_forecast_only_9766,forecast_only,2022-01-18,9766,1,DJF,,artifacts/splits/US_loro_kdate_splits.json,artifacts/regions/US_region_masks.nc,US,US-R2,US-R5,US-R2,target_context,12,0,rootzone,sign_accuracy_deadzone,0.0,6075,1,0.037078857421875,hyperda_v4_final_2015_2025_context2022_query2023_2025_k0_4_12
forecast_only_latw_audit_US-R2,forecast_only_latw_audit_US-R2_forecast_only_9766,forecast_only,2022-01-18,9766,1,DJF,,artifacts/splits/US_loro_kdate_splits.json,artifacts/regions/US_region_masks.nc,US,US-R2,US-R5,US-R2,target_context,12,0,rootzone,high_update_increment_skill,0.0,6075,1,0.037078857421875,hyperda_v4_final_2015_2025_context2022_query2023_2025_k0_4_12
forecast_only_latw_audit_US-R2,forecast_only_latw_audit_US-R2_forecast_only_9766,forecast_only,2022-01-18,9766,1,DJF,,artifacts/splits/US_loro_kdate_splits.json,artifacts/regions/US_region_masks.nc,US,US-R2,US-R5,US-R2,target_context,12,0,rootzone,analysis_mse_latw,1.996622879152037e-06,6075,1,0.037078857421875,hyperda_v4_final_2015_2025_context2022_query2023_2025_k0_4_12
forecast_only_latw_audit_US-R2,forecast_only_latw_audit_US-R2_forecast_only_9766,forecast_only,2022-01-18,9766,1,DJF,,artifacts/splits/US_loro_kdate_splits.json,artifacts/regions/US_region_masks.nc,US,US-R2,US-R5,US-R2,target_context,12,0,rootzone,analysis_rmse_latw,0.0014130190653887289,6075,1,0.037078857421875,hyperda_v4_final_2015_2025_context2022_query2023_2025_k0_4_12
forecast_only_latw_audit_US-R2,forecast_only_latw_audit_US-R2_forecast_only_9766,forecast_only,2022-01-18,9766,1,DJF,,artifacts/splits/US_loro_kdate_splits.json,artifacts/regions/US_region_masks.nc,US,US-R2,US-R5,US-R2,target_context,12,0,rootzone,analysis_rmse_sqrt_before_time_avg_latw,0.0014130190653887289,6075,1,0.037078857421875,hyperda_v4_final_2015_2025_context2022_query2023_2025_k0_4_12
forecast_only_latw_audit_US-R2,forecast_only_latw_audit_US-R2_forecast_only_9766,forecast_only,2022-01-18,9766,1,DJF,,artifacts/splits/US_loro_kdate_splits.json,artifacts/regions/US_region_masks.nc,US,US-R2,US-R5,US-R2,target_context,12,0,rootzone,analysis_skill_vs_forecast_latw,0.0,6075,1,0.037078857421875,hyperda_v4_final_2015_2025_context2022_query2023_2025_k0_4_12
forecast_only_latw_audit_US-R2,forecast_only_latw_audit_US-R2_forecast_only_9766,forecast_only,2022-01-18,9766,1,DJF,,artifacts/splits/US_loro_kdate_splits.json,artifacts/regions/US_region_masks.nc,US,US-R2,US-R5,US-R2,target_context,12,0,rootzone,increment_mse_latw,1.996622879152037e-06,6075,1,0.037078857421875,hyperda_v4_final_2015_2025_context2022_query2023_2025_k0_4_12
forecast_only_latw_audit_US-R2,forecast_only_latw_audit_US-R2_forecast_only_9766,forecast_only,2022-01-18,9766,1,DJF,,artifacts/splits/US_loro_kdate_splits.json,artifacts/regions/US_region_masks.nc,US,US-R2,US-R5,US-R2,target_context,12,0,rootzone,increment_rmse_latw,0.0014130190653887289,6075,1,0.037078857421875,hyperda_v4_final_2015_2025_context2022_query2023_2025_k0_4_12
forecast_only_latw_audit_US-R2,forecast_only_latw_audit_US-R2_forecast_only_9766,forecast_only,2022-01-18,9766,1,DJF,,artifacts/splits/US_loro_kdate_splits.json,artifacts/regions/US_region_masks.nc,US,US-R2,US-R5,US-R2,target_context,12,0,rootzone,increment_rmse_sqrt_before_time_avg_latw,0.0014130190653887289,6075,1,0.037078857421875,hyperda_v4_final_2015_2025_context2022_query2023_2025_k0_4_12
forecast_only_latw_audit_US-R2,forecast_only_latw_audit_US-R2_forecast_only_9766,forecast_only,2022-01-18,9766,1,DJF,,artifacts/splits/US_loro_kdate_splits.json,artifacts/regions/US_region_masks.nc,US,US-R2,US-R5,US-R2,target_context,12,0,rootzone,increment_mae_latw,0.0010022139311218002,6075,1,0.037078857421875,hyperda_v4_final_2015_2025_context2022_query2023_2025_k0_4_12
forecast_only_latw_audit_US-R2,forecast_only_latw_audit_US-R2_forecast_only_9766,forecast_only,2022-01-18,9766,1,DJF,,artifacts/splits/US_loro_kdate_splits.json,artifacts/regions/US_region_masks.nc,US,US-R2,US-R5,US-R2,target_context,12,0,rootzone,increment_bias_latw,0.0008749305302135018,6075,1,0.037078857421875,hyperda_v4_final_2015_2025_context2022_query2023_2025_k0_4_12
forecast_only_latw_audit_US-R2,forecast_only_latw_audit_US-R2_forecast_only_9766,forecast_only,2022-01-18,9766,1,DJF,,artifacts/splits/US_loro_kdate_splits.json,artifacts/regions/US_region_masks.nc,US,US-R2,US-R5,US-R2,target_context,12,0,rootzone,increment_corr_latw,,6075,1,0.037078857421875,hyperda_v4_final_2015_2025_context2022_query2023_2025_k0_4_12
forecast_only_latw_audit_US-R2,forecast_only_latw_audit_US-R2_forecast_only_9869,forecast_only,2022-02-16,9869,2,DJF,,artifacts/splits/US_loro_kdate_splits.json,artifacts/regions/US_region_masks.nc,US,US-R2,US-R5,US-R2,target_context,12,0,surface,analysis_rmse,0.012133874223186491,6075,1,0.037078857421875,hyperda_v4_final_2015_2025_context2022_query2023_2025_k0_4_12
forecast_only_latw_audit_US-R2,forecast_only_latw_audit_US-R2_forecast_only_9869,forecast_only,2022-02-16,9869,2,DJF,,artifacts/splits/US_loro_kdate_splits.json,artifacts/regions/US_region_masks.nc,US,US-R2,US-R5,US-R2,target_context,12,0,surface,analysis_mae,0.00908654084283506,6075,1,0.037078857421875,hyperda_v4_final_2015_2025_context2022_query2023_2025_k0_4_12
forecast_only_latw_audit_US-R2,forecast_only_latw_audit_US-R2_forecast_only_9869,forecast_only,2022-02-16,9869,2,DJF,,artifacts/splits/US_loro_kdate_splits.json,artifacts/regions/US_region_masks.nc,US,US-R2,US-R5,US-R2,target_context,12,0,surface,analysis_skill_vs_forecast,0.0,6075,1,0.037078857421875,hyperda_v4_final_2015_2025_context2022_query2023_2025_k0_4_12
forecast_only_latw_audit_US-R2,forecast_only_latw_audit_US-R2_forecast_only_9869,forecast_only,2022-02-16,9869,2,DJF,,artifacts/splits/US_loro_kdate_splits.json,artifacts/regions/US_region_masks.nc,US,US-R2,US-R5,US-R2,target_context,12,0,surface,increment_rmse,0.012133874223186491,6075,1,0.037078857421875,hyperda_v4_final_2015_2025_context2022_query2023_2025_k0_4_12
forecast_only_latw_audit_US-R2,forecast_only_latw_audit_US-R2_forecast_only_9869,forecast_only,2022-02-16,9869,2,DJF,,artifacts/splits/US_loro_kdate_splits.json,artifacts/regions/US_region_masks.nc,US,US-R2,US-R5,US-R2,target_context,12,0,surface,increment_mae,0.00908654084283506,6075,1,0.037078857421875,hyperda_v4_final_2015_2025_context2022_query2023_2025_k0_4_12
forecast_only_latw_audit_US-R2,forecast_only_latw_audit_US-R2_forecast_only_9869,forecast_only,2022-02-16,9869,2,DJF,,artifacts/splits/US_loro_kdate_splits.json,artifacts/regions/US_region_masks.nc,US,US-R2,US-R5,US-R2,target_context,12,0,surface,increment_bias,-0.0021711674836989293,6075,1,0.037078857421875,hyperda_v4_final_2015_2025_context2022_query2023_2025_k0_4_12
forecast_only_latw_audit_US-R2,forecast_only_latw_audit_US-R2_forecast_only_9869,forecast_only,2022-02-16,9869,2,DJF,,artifacts/splits/US_loro_kdate_splits.json,artifacts/regions/US_region_masks.nc,US,US-R2,US-R5,US-R2,target_context,12,0,surface,increment_corr,,6075,1,0.037078857421875,hyperda_v4_final_2015_2025_context2022_query2023_2025_k0_4_12
forecast_only_latw_audit_US-R2,forecast_only_latw_audit_US-R2_forecast_only_9869,forecast_only,2022-02-16,9869,2,DJF,,artifacts/splits/US_loro_kdate_splits.json,artifacts/regions/US_region_masks.nc,US,US-R2,US-R5,US-R2,target_context,12,0,surface,sign_accuracy_deadzone,0.0,6075,1,0.037078857421875,hyperda_v4_final_2015_2025_context2022_query2023_2025_k0_4_12
forecast_only_latw_audit_US-R2,forecast_only_latw_audit_US-R2_forecast_only_9869,forecast_only,2022-02-16,9869,2,DJF,,artifacts/splits/US_loro_kdate_splits.json,artifacts/regions/US_region_masks.nc,US,US-R2,US-R5,US-R2,target_context,12,0,surface,high_update_increment_skill,0.0,6075,1,0.037078857421875,hyperda_v4_final_2015_2025_context2022_query2023_2025_k0_4_12
forecast_only_latw_audit_US-R2,forecast_only_latw_audit_US-R2_forecast_only_9869,forecast_only,2022-02-16,9869,2,DJF,,artifacts/splits/US_loro_kdate_splits.json,artifacts/regions/US_region_masks.nc,US,US-R2,US-R5,US-R2,target_context,12,0,surface,analysis_mse_latw,0.0001460475306891864,6075,1,0.037078857421875,hyperda_v4_final_2015_2025_context2022_query2023_2025_k0_4_12
forecast_only_latw_audit_US-R2,forecast_only_latw_audit_US-R2_forecast_only_9869,forecast_only,2022-02-16,9869,2,DJF,,artifacts/splits/US_loro_kdate_splits.json,artifacts/regions/US_region_masks.nc,US,US-R2,US-R5,US-R2,target_context,12,0,surface,analysis_rmse_latw,0.012085012647456617,6075,1,0.037078857421875,hyperda_v4_final_2015_2025_context2022_query2023_2025_k0_4_12
forecast_only_latw_audit_US-R2,forecast_only_latw_audit_US-R2_forecast_only_9869,forecast_only,2022-02-16,9869,2,DJF,,artifacts/splits/US_loro_kdate_splits.json,artifacts/regions/US_region_masks.nc,US,US-R2,US-R5,US-R2,target_context,12,0,surface,analysis_rmse_sqrt_before_time_avg_latw,0.012085012647456617,6075,1,0.037078857421875,hyperda_v4_final_2015_2025_context2022_query2023_2025_k0_4_12
forecast_only_latw_audit_US-R2,forecast_only_latw_audit_US-R2_forecast_only_9869,forecast_only,2022-02-16,9869,2,DJF,,artifacts/splits/US_loro_kdate_splits.json,artifacts/regions/US_region_masks.nc,US,US-R2,US-R5,US-R2,target_context,12,0,surface,analysis_skill_vs_forecast_latw,0.0,6075,1,0.037078857421875,hyperda_v4_final_2015_2025_context2022_query2023_2025_k0_4_12
forecast_only_latw_audit_US-R2,forecast_only_latw_audit_US-R2_forecast_only_9869,forecast_only,2022-02-16,9869,2,DJF,,artifacts/splits/US_loro_kdate_splits.json,artifacts/regions/US_region_masks.nc,US,US-R2,US-R5,US-R2,target_context,12,0,surface,increment_mse_latw,0.0001460475306891864,6075,1,0.037078857421875,hyperda_v4_final_2015_2025_context2022_query2023_2025_k0_4_12
forecast_only_latw_audit_US-R2,forecast_only_latw_audit_US-R2_forecast_only_9869,forecast_only,2022-02-16,9869,2,DJF,,artifacts/splits/US_loro_kdate_splits.json,artifacts/regions/US_region_masks.nc,US,US-R2,US-R5,US-R2,target_context,12,0,surface,increment_rmse_latw,0.012085012647456617,6075,1,0.037078857421875,hyperda_v4_final_2015_2025_context2022_query2023_2025_k0_4_12
forecast_only_latw_audit_US-R2,forecast_only_latw_audit_US-R2_forecast_only_9869,forecast_only,2022-02-16,9869,2,DJF,,artifacts/splits/US_loro_kdate_splits.json,artifacts/regions/US_region_masks.nc,US,US-R2,US-R5,US-R2,target_context,12,0,surface,increment_rmse_sqrt_before_time_avg_latw,0.012085012647456617,6075,1,0.037078857421875,hyperda_v4_final_2015_2025_context2022_query2023_2025_k0_4_12
forecast_only_latw_audit_US-R2,forecast_only_latw_audit_US-R2_forecast_only_9869,forecast_only,2022-02-16,9869,2,DJF,,artifacts/splits/US_loro_kdate_splits.json,artifacts/regions/US_region_masks.nc,US,US-R2,US-R5,US-R2,target_context,12,0,surface,increment_mae_latw,0.009060767615170362,6075,1,0.037078857421875,hyperda_v4_final_2015_2025_context2022_query2023_2025_k0_4_12
forecast_only_latw_audit_US-R2,forecast_only_latw_audit_US-R2_forecast_only_9869,forecast_only,2022-02-16,9869,2,DJF,,artifacts/splits/US_loro_kdate_splits.json,artifacts/regions/US_region_masks.nc,US,US-R2,US-R5,US-R2,target_context,12,0,surface,increment_bias_latw,-0.0021567811038136504,6075,1,0.037078857421875,hyperda_v4_final_2015_2025_context2022_query2023_2025_k0_4_12
forecast_only_latw_audit_US-R2,forecast_only_latw_audit_US-R2_forecast_only_9869,forecast_only,2022-02-16,9869,2,DJF,,artifacts/splits/US_loro_kdate_splits.json,artifacts/regions/US_region_masks.nc,US,US-R2,US-R5,US-R2,target_context,12,0,surface,increment_corr_latw,,6075,1,0.037078857421875,hyperda_v4_final_2015_2025_context2022_query2023_2025_k0_4_12
forecast_only_latw_audit_US-R2,forecast_only_latw_audit_US-R2_forecast_only_9869,forecast_only,2022-02-16,9869,2,DJF,,artifacts/splits/US_loro_kdate_splits.json,artifacts/regions/US_region_masks.nc,US,US-R2,US-R5,US-R2,target_context,12,0,rootzone,analysis_rmse,0.0007777125711622972,6075,1,0.037078857421875,hyperda_v4_final_2015_2025_context2022_query2023_2025_k0_4_12
forecast_only_latw_audit_US-R2,forecast_only_latw_audit_US-R2_forecast_only_9869,forecast_only,2022-02-16,9869,2,DJF,,artifacts/splits/US_loro_kdate_splits.json,artifacts/regions/US_region_masks.nc,US,US-R2,US-R5,US-R2,target_context,12,0,rootzone,analysis_mae,0.0005583247143790555,6075,1,0.037078857421875,hyperda_v4_final_2015_2025_context2022_query2023_2025_k0_4_12
forecast_only_latw_audit_US-R2,forecast_only_latw_audit_US-R2_forecast_only_9869,forecast_only,2022-02-16,9869,2,DJF,,artifacts/splits/US_loro_kdate_splits.json,artifacts/regions/US_region_masks.nc,US,US-R2,US-R5,US-R2,target_context,12,0,rootzone,analysis_skill_vs_forecast,0.0,6075,1,0.037078857421875,hyperda_v4_final_2015_2025_context2022_query2023_2025_k0_4_12
forecast_only_latw_audit_US-R2,forecast_only_latw_audit_US-R2_forecast_only_9869,forecast_only,2022-02-16,9869,2,DJF,,artifacts/splits/US_loro_kdate_splits.json,artifacts/regions/US_region_masks.nc,US,US-R2,US-R5,US-R2,target_context,12,0,rootzone,increment_rmse,0.0007777125711622972,6075,1,0.037078857421875,hyperda_v4_final_2015_2025_context2022_query2023_2025_k0_4_12
forecast_only_latw_audit_US-R2,forecast_only_latw_audit_US-R2_forecast_only_9869,forecast_only,2022-02-16,9869,2,DJF,,artifacts/splits/US_loro_kdate_splits.json,artifacts/regions/US_region_masks.nc,US,US-R2,US-R5,US-R2,target_context,12,0,rootzone,increment_mae,0.0005583247143790555,6075,1,0.037078857421875,hyperda_v4_final_2015_2025_context2022_query2023_2025_k0_4_12
forecast_only_latw_audit_US-R2,forecast_only_latw_audit_US-R2_forecast_only_9869,forecast_only,2022-02-16,9869,2,DJF,,artifacts/splits/US_loro_kdate_splits.json,artifacts/regions/US_region_masks.nc,US,US-R2,US-R5,US-R2,target_context,12,0,rootzone,increment_bias,-0.00016362303323706482,6075,1,0.037078857421875,hyperda_v4_final_2015_2025_context2022_query2023_2025_k0_4_12
forecast_only_latw_audit_US-R2,forecast_only_latw_audit_US-R2_forecast_only_9869,forecast_only,2022-02-16,9869,2,DJF,,artifacts/splits/US_loro_kdate_splits.json,artifacts/regions/US_region_masks.nc,US,US-R2,US-R5,US-R2,target_context,12,0,rootzone,increment_corr,,6075,1,0.037078857421875,hyperda_v4_final_2015_2025_context2022_query2023_2025_k0_4_12
forecast_only_latw_audit_US-R2,forecast_only_latw_audit_US-R2_forecast_only_9869,forecast_only,2022-02-16,9869,2,DJF,,artifacts/splits/US_loro_kdate_splits.json,artifacts/regions/US_region_masks.nc,US,US-R2,US-R5,US-R2,target_context,12,0,rootzone,sign_accuracy_deadzone,,6075,1,0.037078857421875,hyperda_v4_final_2015_2025_context2022_query2023_2025_k0_4_12
forecast_only_latw_audit_US-R2,forecast_only_latw_audit_US-R2_forecast_only_9869,forecast_only,2022-02-16,9869,2,DJF,,artifacts/splits/US_loro_kdate_splits.json,artifacts/regions/US_region_masks.nc,US,US-R2,US-R5,US-R2,target_context,12,0,rootzone,high_update_increment_skill,0.0,6075,1,0.037078857421875,hyperda_v4_final_2015_2025_context2022_query2023_2025_k0_4_12
forecast_only_latw_audit_US-R2,forecast_only_latw_audit_US-R2_forecast_only_9869,forecast_only,2022-02-16,9869,2,DJF,,artifacts/splits/US_loro_kdate_splits.json,artifacts/regions/US_region_masks.nc,US,US-R2,US-R5,US-R2,target_context,12,0,rootzone,analysis_mse_latw,5.999495676084326e-07,6075,1,0.037078857421875,hyperda_v4_final_2015_2025_context2022_query2023_2025_k0_4_12
forecast_only_latw_audit_US-R2,forecast_only_latw_audit_US-R2_forecast_only_9869,forecast_only,2022-02-16,9869,2,DJF,,artifacts/splits/US_loro_kdate_splits.json,artifacts/regions/US_region_masks.nc,US,US-R2,US-R5,US-R2,target_context,12,0,rootzone,analysis_rmse_latw,0.000774564114588607,6075,1,0.037078857421875,hyperda_v4_final_2015_2025_context2022_query2023_2025_k0_4_12
forecast_only_latw_audit_US-R2,forecast_only_latw_audit_US-R2_forecast_only_9869,forecast_only,2022-02-16,9869,2,DJF,,artifacts/splits/US_loro_kdate_splits.json,artifacts/regions/US_region_masks.nc,US,US-R2,US-R5,US-R2,target_context,12,0,rootzone,analysis_rmse_sqrt_before_time_avg_latw,0.000774564114588607,6075,1,0.037078857421875,hyperda_v4_final_2015_2025_context2022_query2023_2025_k0_4_12
forecast_only_latw_audit_US-R2,forecast_only_latw_audit_US-R2_forecast_only_9869,forecast_only,2022-02-16,9869,2,DJF,,artifacts/splits/US_loro_kdate_splits.json,artifacts/regions/US_region_masks.nc,US,US-R2,US-R5,US-R2,target_context,12,0,rootzone,analysis_skill_vs_forecast_latw,0.0,6075,1,0.037078857421875,hyperda_v4_final_2015_2025_context2022_query2023_2025_k0_4_12
forecast_only_latw_audit_US-R2,forecast_only_latw_audit_US-R2_forecast_only_9869,forecast_only,2022-02-16,9869,2,DJF,,artifacts/splits/US_loro_kdate_splits.json,artifacts/regions/US_region_masks.nc,US,US-R2,US-R5,US-R2,target_context,12,0,rootzone,increment_mse_latw,5.999495676084326e-07,6075,1,0.037078857421875,hyperda_v4_final_2015_2025_context2022_query2023_2025_k0_4_12
forecast_only_latw_audit_US-R2,forecast_only_latw_audit_US-R2_forecast_only_9869,forecast_only,2022-02-16,9869,2,DJF,,artifacts/splits/US_loro_kdate_splits.json,artifacts/regions/US_region_masks.nc,US,US-R2,US-R5,US-R2,target_context,12,0,rootzone,increment_rmse_latw,0.000774564114588607,6075,1,0.037078857421875,hyperda_v4_final_2015_2025_context2022_query2023_2025_k0_4_12
forecast_only_latw_audit_US-R2,forecast_only_latw_audit_US-R2_forecast_only_9869,forecast_only,2022-02-16,9869,2,DJF,,artifacts/splits/US_loro_kdate_splits.json,artifacts/regions/US_region_masks.nc,US,US-R2,US-R5,US-R2,target_context,12,0,rootzone,increment_rmse_sqrt_before_time_avg_latw,0.000774564114588607,6075,1,0.037078857421875,hyperda_v4_final_2015_2025_context2022_query2023_2025_k0_4_12
forecast_only_latw_audit_US-R2,forecast_only_latw_audit_US-R2_forecast_only_9869,forecast_only,2022-02-16,9869,2,DJF,,artifacts/splits/US_loro_kdate_splits.json,artifacts/regions/US_region_masks.nc,US,US-R2,US-R5,US-R2,target_context,12,0,rootzone,increment_mae_latw,0.0005564757167304141,6075,1,0.037078857421875,hyperda_v4_final_2015_2025_context2022_query2023_2025_k0_4_12
forecast_only_latw_audit_US-R2,forecast_only_latw_audit_US-R2_forecast_only_9869,forecast_only,2022-02-16,9869,2,DJF,,artifacts/splits/US_loro_kdate_splits.json,artifacts/regions/US_region_masks.nc,US,US-R2,US-R5,US-R2,target_context,12,0,rootzone,increment_bias_latw,-0.00016304708486598445,6075,1,0.037078857421875,hyperda_v4_final_2015_2025_context2022_query2023_2025_k0_4_12
forecast_only_latw_audit_US-R2,forecast_only_latw_audit_US-R2_forecast_only_9869,forecast_only,2022-02-16,9869,2,DJF,,artifacts/splits/US_loro_kdate_splits.json,artifacts/regions/US_region_masks.nc,US,US-R2,US-R5,US-R2,target_context,12,0,rootzone,increment_corr_latw,,6075,1,0.037078857421875,hyperda_v4_final_2015_2025_context2022_query2023_2025_k0_4_12
forecast_only_latw_audit_US-R2,forecast_only_latw_audit_US-R2_forecast_only_9922,forecast_only,2022-03-02,9922,3,MAM,,artifacts/splits/US_loro_kdate_splits.json,artifacts/regions/US_region_masks.nc,US,US-R2,US-R5,US-R2,target_context,12,0,surface,analysis_rmse,0.01647024247757418,6075,1,0.037078857421875,hyperda_v4_final_2015_2025_context2022_query2023_2025_k0_4_12
forecast_only_latw_audit_US-R2,forecast_only_latw_audit_US-R2_forecast_only_9922,forecast_only,2022-03-02,9922,3,MAM,,artifacts/splits/US_loro_kdate_splits.json,artifacts/regions/US_region_masks.nc,US,US-R2,US-R5,US-R2,target_context,12,0,surface,analysis_mae,0.009612960950950536,6075,1,0.037078857421875,hyperda_v4_final_2015_2025_context2022_query2023_2025_k0_4_12
forecast_only_latw_audit_US-R2,forecast_only_latw_audit_US-R2_forecast_only_9922,forecast_only,2022-03-02,9922,3,MAM,,artifacts/splits/US_loro_kdate_splits.json,artifacts/regions/US_region_masks.nc,US,US-R2,US-R5,US-R2,target_context,12,0,surface,analysis_skill_vs_forecast,0.0,6075,1,0.037078857421875,hyperda_v4_final_2015_2025_context2022_query2023_2025_k0_4_12
forecast_only_latw_audit_US-R2,forecast_only_latw_audit_US-R2_forecast_only_9922,forecast_only,2022-03-02,9922,3,MAM,,artifacts/splits/US_loro_kdate_splits.json,artifacts/regions/US_region_masks.nc,US,US-R2,US-R5,US-R2,target_context,12,0,surface,increment_rmse,0.01647024247519962,6075,1,0.037078857421875,hyperda_v4_final_2015_2025_context2022_query2023_2025_k0_4_12
forecast_only_latw_audit_US-R2,forecast_only_latw_audit_US-R2_forecast_only_9922,forecast_only,2022-03-02,9922,3,MAM,,artifacts/splits/US_loro_kdate_splits.json,artifacts/regions/US_region_masks.nc,US,US-R2,US-R5,US-R2,target_context,12,0,surface,increment_mae,0.00961296095003071,6075,1,0.037078857421875,hyperda_v4_final_2015_2025_context2022_query2023_2025_k0_4_12
forecast_only_latw_audit_US-R2,forecast_only_latw_audit_US-R2_forecast_only_9922,forecast_only,2022-03-02,9922,3,MAM,,artifacts/splits/US_loro_kdate_splits.json,artifacts/regions/US_region_masks.nc,US,US-R2,US-R5,US-R2,target_context,12,0,surface,increment_bias,0.003009736715459529,6075,1,0.037078857421875,hyperda_v4_final_2015_2025_context2022_query2023_2025_k0_4_12
forecast_only_latw_audit_US-R2,forecast_only_latw_audit_US-R2_forecast_only_9922,forecast_only,2022-03-02,9922,3,MAM,,artifacts/splits/US_loro_kdate_splits.json,artifacts/regions/US_region_masks.nc,US,US-R2,US-R5,US-R2,target_context,12,0,surface,increment_corr,,6075,1,0.037078857421875,hyperda_v4_final_2015_2025_context2022_query2023_2025_k0_4_12
forecast_only_latw_audit_US-R2,forecast_only_latw_audit_US-R2_forecast_only_9922,forecast_only,2022-03-02,9922,3,MAM,,artifacts/splits/US_loro_kdate_splits.json,artifacts/regions/US_region_masks.nc,US,US-R2,US-R5,US-R2,target_context,12,0,surface,sign_accuracy_deadzone,0.0,6075,1,0.037078857421875,hyperda_v4_final_2015_2025_context2022_query2023_2025_k0_4_12
forecast_only_latw_audit_US-R2,forecast_only_latw_audit_US-R2_forecast_only_9922,forecast_only,2022-03-02,9922,3,MAM,,artifacts/splits/US_loro_kdate_splits.json,artifacts/regions/US_region_masks.nc,US,US-R2,US-R5,US-R2,target_context,12,0,surface,high_update_increment_skill,0.0,6075,1,0.037078857421875,hyperda_v4_final_2015_2025_context2022_query2023_2025_k0_4_12
forecast_only_latw_audit_US-R2,forecast_only_latw_audit_US-R2_forecast_only_9922,forecast_only,2022-03-02,9922,3,MAM,,artifacts/splits/US_loro_kdate_splits.json,artifacts/regions/US_region_masks.nc,US,US-R2,US-R5,US-R2,target_context,12,0,surface,analysis_mse_latw,0.00026989444454789845,6075,1,0.037078857421875,hyperda_v4_final_2015_2025_context2022_query2023_2025_k0_4_12
forecast_only_latw_audit_US-R2,forecast_only_latw_audit_US-R2_forecast_only_9922,forecast_only,2022-03-02,9922,3,MAM,,artifacts/splits/US_loro_kdate_splits.json,artifacts/regions/US_region_masks.nc,US,US-R2,US-R5,US-R2,target_context,12,0,surface,analysis_rmse_latw,0.01642846446104743,6075,1,0.037078857421875,hyperda_v4_final_2015_2025_context2022_query2023_2025_k0_4_12
forecast_only_latw_audit_US-R2,forecast_only_latw_audit_US-R2_forecast_only_9922,forecast_only,2022-03-02,9922,3,MAM,,artifacts/splits/US_loro_kdate_splits.json,artifacts/regions/US_region_masks.nc,US,US-R2,US-R5,US-R2,target_context,12,0,surface,analysis_rmse_sqrt_before_time_avg_latw,0.01642846446104743,6075,1,0.037078857421875,hyperda_v4_final_2015_2025_context2022_query2023_2025_k0_4_12
forecast_only_latw_audit_US-R2,forecast_only_latw_audit_US-R2_forecast_only_9922,forecast_only,2022-03-02,9922,3,MAM,,artifacts/splits/US_loro_kdate_splits.json,artifacts/regions/US_region_masks.nc,US,US-R2,US-R5,US-R2,target_context,12,0,surface,analysis_skill_vs_forecast_latw,0.0,6075,1,0.037078857421875,hyperda_v4_final_2015_2025_context2022_query2023_2025_k0_4_12
forecast_only_latw_audit_US-R2,forecast_only_latw_audit_US-R2_forecast_only_9922,forecast_only,2022-03-02,9922,3,MAM,,artifacts/splits/US_loro_kdate_splits.json,artifacts/regions/US_region_masks.nc,US,US-R2,US-R5,US-R2,target_context,12,0,surface,increment_mse_latw,0.0002698944444717048,6075,1,0.037078857421875,hyperda_v4_final_2015_2025_context2022_query2023_2025_k0_4_12
forecast_only_latw_audit_US-R2,forecast_only_latw_audit_US-R2_forecast_only_9922,forecast_only,2022-03-02,9922,3,MAM,,artifacts/splits/US_loro_kdate_splits.json,artifacts/regions/US_region_masks.nc,US,US-R2,US-R5,US-R2,target_context,12,0,surface,increment_rmse_latw,0.01642846445872848,6075,1,0.037078857421875,hyperda_v4_final_2015_2025_context2022_query2023_2025_k0_4_12
forecast_only_latw_audit_US-R2,forecast_only_latw_audit_US-R2_forecast_only_9922,forecast_only,2022-03-02,9922,3,MAM,,artifacts/splits/US_loro_kdate_splits.json,artifacts/regions/US_region_masks.nc,US,US-R2,US-R5,US-R2,target_context,12,0,surface,increment_rmse_sqrt_before_time_avg_latw,0.01642846445872848,6075,1,0.037078857421875,hyperda_v4_final_2015_2025_context2022_query2023_2025_k0_4_12
forecast_only_latw_audit_US-R2,forecast_only_latw_audit_US-R2_forecast_only_9922,forecast_only,2022-03-02,9922,3,MAM,,artifacts/splits/US_loro_kdate_splits.json,artifacts/regions/US_region_masks.nc,US,US-R2,US-R5,US-R2,target_context,12,0,surface,increment_mae_latw,0.009587686941920673,6075,1,0.037078857421875,hyperda_v4_final_2015_2025_context2022_query2023_2025_k0_4_12
forecast_only_latw_audit_US-R2,forecast_only_latw_audit_US-R2_forecast_only_9922,forecast_only,2022-03-02,9922,3,MAM,,artifacts/splits/US_loro_kdate_splits.json,artifacts/regions/US_region_masks.nc,US,US-R2,US-R5,US-R2,target_context,12,0,surface,increment_bias_latw,0.0028294055393443284,6075,1,0.037078857421875,hyperda_v4_final_2015_2025_context2022_query2023_2025_k0_4_12
forecast_only_latw_audit_US-R2,forecast_only_latw_audit_US-R2_forecast_only_9922,forecast_only,2022-03-02,9922,3,MAM,,artifacts/splits/US_loro_kdate_splits.json,artifacts/regions/US_region_masks.nc,US,US-R2,US-R5,US-R2,target_context,12,0,surface,increment_corr_latw,,6075,1,0.037078857421875,hyperda_v4_final_2015_2025_context2022_query2023_2025_k0_4_12
forecast_only_latw_audit_US-R2,forecast_only_latw_audit_US-R2_forecast_only_9922,forecast_only,2022-03-02,9922,3,MAM,,artifacts/splits/US_loro_kdate_splits.json,artifacts/regions/US_region_masks.nc,US,US-R2,US-R5,US-R2,target_context,12,0,rootzone,analysis_rmse,0.0011142934053406989,6075,1,0.037078857421875,hyperda_v4_final_2015_2025_context2022_query2023_2025_k0_4_12
forecast_only_latw_audit_US-R2,forecast_only_latw_audit_US-R2_forecast_only_9922,forecast_only,2022-03-02,9922,3,MAM,,artifacts/splits/US_loro_kdate_splits.json,artifacts/regions/US_region_masks.nc,US,US-R2,US-R5,US-R2,target_context,12,0,rootzone,analysis_mae,0.0006048865824815177,6075,1,0.037078857421875,hyperda_v4_final_2015_2025_context2022_query2023_2025_k0_4_12
forecast_only_latw_audit_US-R2,forecast_only_latw_audit_US-R2_forecast_only_9922,forecast_only,2022-03-02,9922,3,MAM,,artifacts/splits/US_loro_kdate_splits.json,artifacts/regions/US_region_masks.nc,US,US-R2,US-R5,US-R2,target_context,12,0,rootzone,analysis_skill_vs_forecast,0.0,6075,1,0.037078857421875,hyperda_v4_final_2015_2025_context2022_query2023_2025_k0_4_12
forecast_only_latw_audit_US-R2,forecast_only_latw_audit_US-R2_forecast_only_9922,forecast_only,2022-03-02,9922,3,MAM,,artifacts/splits/US_loro_kdate_splits.json,artifacts/regions/US_region_masks.nc,US,US-R2,US-R5,US-R2,target_context,12,0,rootzone,increment_rmse,0.0011142934053406989,6075,1,0.037078857421875,hyperda_v4_final_2015_2025_context2022_query2023_2025_k0_4_12
forecast_only_latw_audit_US-R2,forecast_only_latw_audit_US-R2_forecast_only_9922,forecast_only,2022-03-02,9922,3,MAM,,artifacts/splits/US_loro_kdate_splits.json,artifacts/regions/US_region_masks.nc,US,US-R2,US-R5,US-R2,target_context,12,0,rootzone,increment_mae,0.0006048865824815177,6075,1,0.037078857421875,hyperda_v4_final_2015_2025_context2022_query2023_2025_k0_4_12
forecast_only_latw_audit_US-R2,forecast_only_latw_audit_US-R2_forecast_only_9922,forecast_only,2022-03-02,9922,3,MAM,,artifacts/splits/US_loro_kdate_splits.json,artifacts/regions/US_region_masks.nc,US,US-R2,US-R5,US-R2,target_context,12,0,rootzone,increment_bias,0.00019849430018491706,6075,1,0.037078857421875,hyperda_v4_final_2015_2025_context2022_query2023_2025_k0_4_12
forecast_only_latw_audit_US-R2,forecast_only_latw_audit_US-R2_forecast_only_9922,forecast_only,2022-03-02,9922,3,MAM,,artifacts/splits/US_loro_kdate_splits.json,artifacts/regions/US_region_masks.nc,US,US-R2,US-R5,US-R2,target_context,12,0,rootzone,increment_corr,,6075,1,0.037078857421875,hyperda_v4_final_2015_2025_context2022_query2023_2025_k0_4_12
forecast_only_latw_audit_US-R2,forecast_only_latw_audit_US-R2_forecast_only_9922,forecast_only,2022-03-02,9922,3,MAM,,artifacts/splits/US_loro_kdate_splits.json,artifacts/regions/US_region_masks.nc,US,US-R2,US-R5,US-R2,target_context,12,0,rootzone,sign_accuracy_deadzone,0.0,6075,1,0.037078857421875,hyperda_v4_final_2015_2025_context2022_query2023_2025_k0_4_12
forecast_only_latw_audit_US-R2,forecast_only_latw_audit_US-R2_forecast_only_9922,forecast_only,2022-03-02,9922,3,MAM,,artifacts/splits/US_loro_kdate_splits.json,artifacts/regions/US_region_masks.nc,US,US-R2,US-R5,US-R2,target_context,12,0,rootzone,high_update_increment_skill,0.0,6075,1,0.037078857421875,hyperda_v4_final_2015_2025_context2022_query2023_2025_k0_4_12
forecast_only_latw_audit_US-R2,forecast_only_latw_audit_US-R2_forecast_only_9922,forecast_only,2022-03-02,9922,3,MAM,,artifacts/splits/US_loro_kdate_splits.json,artifacts/regions/US_region_masks.nc,US,US-R2,US-R5,US-R2,target_context,12,0,rootzone,analysis_mse_latw,1.2361811383913655e-06,6075,1,0.037078857421875,hyperda_v4_final_2015_2025_context2022_query2023_2025_k0_4_12
forecast_only_latw_audit_US-R2,forecast_only_latw_audit_US-R2_forecast_only_9922,forecast_only,2022-03-02,9922,3,MAM,,artifacts/splits/US_loro_kdate_splits.json,artifacts/regions/US_region_masks.nc,US,US-R2,US-R5,US-R2,target_context,12,0,rootzone,analysis_rmse_latw,0.00111183683083057,6075,1,0.037078857421875,hyperda_v4_final_2015_2025_context2022_query2023_2025_k0_4_12
forecast_only_latw_audit_US-R2,forecast_only_latw_audit_US-R2_forecast_only_9922,forecast_only,2022-03-02,9922,3,MAM,,artifacts/splits/US_loro_kdate_splits.json,artifacts/regions/US_region_masks.nc,US,US-R2,US-R5,US-R2,target_context,12,0,rootzone,analysis_rmse_sqrt_before_time_avg_latw,0.00111183683083057,6075,1,0.037078857421875,hyperda_v4_final_2015_2025_context2022_query2023_2025_k0_4_12
forecast_only_latw_audit_US-R2,forecast_only_latw_audit_US-R2_forecast_only_9922,forecast_only,2022-03-02,9922,3,MAM,,artifacts/splits/US_loro_kdate_splits.json,artifacts/regions/US_region_masks.nc,US,US-R2,US-R5,US-R2,target_context,12,0,rootzone,analysis_skill_vs_forecast_latw,0.0,6075,1,0.037078857421875,hyperda_v4_final_2015_2025_context2022_query2023_2025_k0_4_12
forecast_only_latw_audit_US-R2,forecast_only_latw_audit_US-R2_forecast_only_9922,forecast_only,2022-03-02,9922,3,MAM,,artifacts/splits/US_loro_kdate_splits.json,artifacts/regions/US_region_masks.nc,US,US-R2,US-R5,US-R2,target_context,12,0,rootzone,increment_mse_latw,1.2361811383913655e-06,6075,1,0.037078857421875,hyperda_v4_final_2015_2025_context2022_query2023_2025_k0_4_12
forecast_only_latw_audit_US-R2,forecast_only_latw_audit_US-R2_forecast_only_9922,forecast_only,2022-03-02,9922,3,MAM,,artifacts/splits/US_loro_kdate_splits.json,artifacts/regions/US_region_masks.nc,US,US-R2,US-R5,US-R2,target_context,12,0,rootzone,increment_rmse_latw,0.00111183683083057,6075,1,0.037078857421875,hyperda_v4_final_2015_2025_context2022_query2023_2025_k0_4_12
forecast_only_latw_audit_US-R2,forecast_only_latw_audit_US-R2_forecast_only_9922,forecast_only,2022-03-02,9922,3,MAM,,artifacts/splits/US_loro_kdate_splits.json,artifacts/regions/US_region_masks.nc,US,US-R2,US-R5,US-R2,target_context,12,0,rootzone,increment_rmse_sqrt_before_time_avg_latw,0.00111183683083057,6075,1,0.037078857421875,hyperda_v4_final_2015_2025_context2022_query2023_2025_k0_4_12
forecast_only_latw_audit_US-R2,forecast_only_latw_audit_US-R2_forecast_only_9922,forecast_only,2022-03-02,9922,3,MAM,,artifacts/splits/US_loro_kdate_splits.json,artifacts/regions/US_region_masks.nc,US,US-R2,US-R5,US-R2,target_context,12,0,rootzone,increment_mae_latw,0.0006030895708181533,6075,1,0.037078857421875,hyperda_v4_final_2015_2025_context2022_query2023_2025_k0_4_12
forecast_only_latw_audit_US-R2,forecast_only_latw_audit_US-R2_forecast_only_9922,forecast_only,2022-03-02,9922,3,MAM,,artifacts/splits/US_loro_kdate_splits.json,artifacts/regions/US_region_masks.nc,US,US-R2,US-R5,US-R2,target_context,12,0,rootzone,increment_bias_latw,0.0001875184573245028,6075,1,0.037078857421875,hyperda_v4_final_2015_2025_context2022_query2023_2025_k0_4_12
forecast_only_latw_audit_US-R2,forecast_only_latw_audit_US-R2_forecast_only_9922,forecast_only,2022-03-02,9922,3,MAM,,artifacts/splits/US_loro_kdate_splits.json,artifacts/regions/US_region_masks.nc,US,US-R2,US-R5,US-R2,target_context,12,0,rootzone,increment_corr_latw,,6075,1,0.037078857421875,hyperda_v4_final_2015_2025_context2022_query2023_2025_k0_4_12
forecast_only_latw_audit_US-R2,forecast_only_latw_audit_US-R2_forecast_only_10045,forecast_only,2022-04-04,10045,4,MAM,,artifacts/splits/US_loro_kdate_splits.json,artifacts/regions/US_region_masks.nc,US,US-R2,US-R5,US-R2,target_context,12,0,surface,analysis_rmse,0.01718336577248878,6075,1,0.037078857421875,hyperda_v4_final_2015_2025_context2022_query2023_2025_k0_4_12
forecast_only_latw_audit_US-R2,forecast_only_latw_audit_US-R2_forecast_only_10045,forecast_only,2022-04-04,10045,4,MAM,,artifacts/splits/US_loro_kdate_splits.json,artifacts/regions/US_region_masks.nc,US,US-R2,US-R5,US-R2,target_context,12,0,surface,analysis_mae,0.010951261673996479,6075,1,0.037078857421875,hyperda_v4_final_2015_2025_context2022_query2023_2025_k0_4_12
forecast_only_latw_audit_US-R2,forecast_only_latw_audit_US-R2_forecast_only_10045,forecast_only,2022-04-04,10045,4,MAM,,artifacts/splits/US_loro_kdate_splits.json,artifacts/regions/US_region_masks.nc,US,US-R2,US-R5,US-R2,target_context,12,0,surface,analysis_skill_vs_forecast,0.0,6075,1,0.037078857421875,hyperda_v4_final_2015_2025_context2022_query2023_2025_k0_4_12
forecast_only_latw_audit_US-R2,forecast_only_latw_audit_US-R2_forecast_only_10045,forecast_only,2022-04-04,10045,4,MAM,,artifacts/splits/US_loro_kdate_splits.json,artifacts/regions/US_region_masks.nc,US,US-R2,US-R5,US-R2,target_context,12,0,surface,increment_rmse,0.01718336577248878,6075,1,0.037078857421875,hyperda_v4_final_2015_2025_context2022_query2023_2025_k0_4_12
forecast_only_latw_audit_US-R2,forecast_only_latw_audit_US-R2_forecast_only_10045,forecast_only,2022-04-04,10045,4,MAM,,artifacts/splits/US_loro_kdate_splits.json,artifacts/regions/US_region_masks.nc,US,US-R2,US-R5,US-R2,target_context,12,0,surface,increment_mae,0.010951261673996479,6075,1,0.037078857421875,hyperda_v4_final_2015_2025_context2022_query2023_2025_k0_4_12
forecast_only_latw_audit_US-R2,forecast_only_latw_audit_US-R2_forecast_only_10045,forecast_only,2022-04-04,10045,4,MAM,,artifacts/splits/US_loro_kdate_splits.json,artifacts/regions/US_region_masks.nc,US,US-R2,US-R5,US-R2,target_context,12,0,surface,increment_bias,-0.0018274350994776306,6075,1,0.037078857421875,hyperda_v4_final_2015_2025_context2022_query2023_2025_k0_4_12
forecast_only_latw_audit_US-R2,forecast_only_latw_audit_US-R2_forecast_only_10045,forecast_only,2022-04-04,10045,4,MAM,,artifacts/splits/US_loro_kdate_splits.json,artifacts/regions/US_region_masks.nc,US,US-R2,US-R5,US-R2,target_context,12,0,surface,increment_corr,,6075,1,0.037078857421875,hyperda_v4_final_2015_2025_context2022_query2023_2025_k0_4_12
forecast_only_latw_audit_US-R2,forecast_only_latw_audit_US-R2_forecast_only_10045,forecast_only,2022-04-04,10045,4,MAM,,artifacts/splits/US_loro_kdate_splits.json,artifacts/regions/US_region_masks.nc,US,US-R2,US-R5,US-R2,target_context,12,0,surface,sign_accuracy_deadzone,0.0,6075,1,0.037078857421875,hyperda_v4_final_2015_2025_context2022_query2023_2025_k0_4_12
forecast_only_latw_audit_US-R2,forecast_only_latw_audit_US-R2_forecast_only_10045,forecast_only,2022-04-04,10045,4,MAM,,artifacts/splits/US_loro_kdate_splits.json,artifacts/regions/US_region_masks.nc,US,US-R2,US-R5,US-R2,target_context,12,0,surface,high_update_increment_skill,0.0,6075,1,0.037078857421875,hyperda_v4_final_2015_2025_context2022_query2023_2025_k0_4_12
forecast_only_latw_audit_US-R2,forecast_only_latw_audit_US-R2_forecast_only_10045,forecast_only,2022-04-04,10045,4,MAM,,artifacts/splits/US_loro_kdate_splits.json,artifacts/regions/US_region_masks.nc,US,US-R2,US-R5,US-R2,target_context,12,0,surface,analysis_mse_latw,0.0002962108459419201,6075,1,0.037078857421875,hyperda_v4_final_2015_2025_context2022_query2023_2025_k0_4_12
forecast_only_latw_audit_US-R2,forecast_only_latw_audit_US-R2_forecast_only_10045,forecast_only,2022-04-04,10045,4,MAM,,artifacts/splits/US_loro_kdate_splits.json,artifacts/regions/US_region_masks.nc,US,US-R2,US-R5,US-R2,target_context,12,0,surface,analysis_rmse_latw,0.017210777028999015,6075,1,0.037078857421875,hyperda_v4_final_2015_2025_context2022_query2023_2025_k0_4_12
forecast_only_latw_audit_US-R2,forecast_only_latw_audit_US-R2_forecast_only_10045,forecast_only,2022-04-04,10045,4,MAM,,artifacts/splits/US_loro_kdate_splits.json,artifacts/regions/US_region_masks.nc,US,US-R2,US-R5,US-R2,target_context,12,0,surface,analysis_rmse_sqrt_before_time_avg_latw,0.017210777028999015,6075,1,0.037078857421875,hyperda_v4_final_2015_2025_context2022_query2023_2025_k0_4_12
forecast_only_latw_audit_US-R2,forecast_only_latw_audit_US-R2_forecast_only_10045,forecast_only,2022-04-04,10045,4,MAM,,artifacts/splits/US_loro_kdate_splits.json,artifacts/regions/US_region_masks.nc,US,US-R2,US-R5,US-R2,target_context,12,0,surface,analysis_skill_vs_forecast_latw,0.0,6075,1,0.037078857421875,hyperda_v4_final_2015_2025_context2022_query2023_2025_k0_4_12
forecast_only_latw_audit_US-R2,forecast_only_latw_audit_US-R2_forecast_only_10045,forecast_only,2022-04-04,10045,4,MAM,,artifacts/splits/US_loro_kdate_splits.json,artifacts/regions/US_region_masks.nc,US,US-R2,US-R5,US-R2,target_context,12,0,surface,increment_mse_latw,0.0002962108459419201,6075,1,0.037078857421875,hyperda_v4_final_2015_2025_context2022_query2023_2025_k0_4_12
forecast_only_latw_audit_US-R2,forecast_only_latw_audit_US-R2_forecast_only_10045,forecast_only,2022-04-04,10045,4,MAM,,artifacts/splits/US_loro_kdate_splits.json,artifacts/regions/US_region_masks.nc,US,US-R2,US-R5,US-R2,target_context,12,0,surface,increment_rmse_latw,0.017210777028999015,6075,1,0.037078857421875,hyperda_v4_final_2015_2025_context2022_query2023_2025_k0_4_12
forecast_only_latw_audit_US-R2,forecast_only_latw_audit_US-R2_forecast_only_10045,forecast_only,2022-04-04,10045,4,MAM,,artifacts/splits/US_loro_kdate_splits.json,artifacts/regions/US_region_masks.nc,US,US-R2,US-R5,US-R2,target_context,12,0,surface,increment_rmse_sqrt_before_time_avg_latw,0.017210777028999015,6075,1,0.037078857421875,hyperda_v4_final_2015_2025_context2022_query2023_2025_k0_4_12
forecast_only_latw_audit_US-R2,forecast_only_latw_audit_US-R2_forecast_only_10045,forecast_only,2022-04-04,10045,4,MAM,,artifacts/splits/US_loro_kdate_splits.json,artifacts/regions/US_region_masks.nc,US,US-R2,US-R5,US-R2,target_context,12,0,surface,increment_mae_latw,0.010941829452368814,6075,1,0.037078857421875,hyperda_v4_final_2015_2025_context2022_query2023_2025_k0_4_12
forecast_only_latw_audit_US-R2,forecast_only_latw_audit_US-R2_forecast_only_10045,forecast_only,2022-04-04,10045,4,MAM,,artifacts/splits/US_loro_kdate_splits.json,artifacts/regions/US_region_masks.nc,US,US-R2,US-R5,US-R2,target_context,12,0,surface,increment_bias_latw,-0.001838086108686149,6075,1,0.037078857421875,hyperda_v4_final_2015_2025_context2022_query2023_2025_k0_4_12
forecast_only_latw_audit_US-R2,forecast_only_latw_audit_US-R2_forecast_only_10045,forecast_only,2022-04-04,10045,4,MAM,,artifacts/splits/US_loro_kdate_splits.json,artifacts/regions/US_region_masks.nc,US,US-R2,US-R5,US-R2,target_context,12,0,surface,increment_corr_latw,,6075,1,0.037078857421875,hyperda_v4_final_2015_2025_context2022_query2023_2025_k0_4_12
forecast_only_latw_audit_US-R2,forecast_only_latw_audit_US-R2_forecast_only_10045,forecast_only,2022-04-04,10045,4,MAM,,artifacts/splits/US_loro_kdate_splits.json,artifacts/regions/US_region_masks.nc,US,US-R2,US-R5,US-R2,target_context,12,0,rootzone,analysis_rmse,0.0012466288225478491,6075,1,0.037078857421875,hyperda_v4_final_2015_2025_context2022_query2023_2025_k0_4_12
forecast_only_latw_audit_US-R2,forecast_only_latw_audit_US-R2_forecast_only_10045,forecast_only,2022-04-04,10045,4,MAM,,artifacts/splits/US_loro_kdate_splits.json,artifacts/regions/US_region_masks.nc,US,US-R2,US-R5,US-R2,target_context,12,0,rootzone,analysis_mae,0.0007317270875099756,6075,1,0.037078857421875,hyperda_v4_final_2015_2025_context2022_query2023_2025_k0_4_12
forecast_only_latw_audit_US-R2,forecast_only_latw_audit_US-R2_forecast_only_10045,forecast_only,2022-04-04,10045,4,MAM,,artifacts/splits/US_loro_kdate_splits.json,artifacts/regions/US_region_masks.nc,US,US-R2,US-R5,US-R2,target_context,12,0,rootzone,analysis_skill_vs_forecast,0.0,6075,1,0.037078857421875,hyperda_v4_final_2015_2025_context2022_query2023_2025_k0_4_12
forecast_only_latw_audit_US-R2,forecast_only_latw_audit_US-R2_forecast_only_10045,forecast_only,2022-04-04,10045,4,MAM,,artifacts/splits/US_loro_kdate_splits.json,artifacts/regions/US_region_masks.nc,US,US-R2,US-R5,US-R2,target_context,12,0,rootzone,increment_rmse,0.0012466288225478491,6075,1,0.037078857421875,hyperda_v4_final_2015_2025_context2022_query2023_2025_k0_4_12
forecast_only_latw_audit_US-R2,forecast_only_latw_audit_US-R2_forecast_only_10045,forecast_only,2022-04-04,10045,4,MAM,,artifacts/splits/US_loro_kdate_splits.json,artifacts/regions/US_region_masks.nc,US,US-R2,US-R5,US-R2,target_context,12,0,rootzone,increment_mae,0.0007317270875099756,6075,1,0.037078857421875,hyperda_v4_final_2015_2025_context2022_query2023_2025_k0_4_12
forecast_only_latw_audit_US-R2,forecast_only_latw_audit_US-R2_forecast_only_10045,forecast_only,2022-04-04,10045,4,MAM,,artifacts/splits/US_loro_kdate_splits.json,artifacts/regions/US_region_masks.nc,US,US-R2,US-R5,US-R2,target_context,12,0,rootzone,increment_bias,-0.00015641881635895482,6075,1,0.037078857421875,hyperda_v4_final_2015_2025_context2022_query2023_2025_k0_4_12
forecast_only_latw_audit_US-R2,forecast_only_latw_audit_US-R2_forecast_only_10045,forecast_only,2022-04-04,10045,4,MAM,,artifacts/splits/US_loro_kdate_splits.json,artifacts/regions/US_region_masks.nc,US,US-R2,US-R5,US-R2,target_context,12,0,rootzone,increment_corr,,6075,1,0.037078857421875,hyperda_v4_final_2015_2025_context2022_query2023_2025_k0_4_12
forecast_only_latw_audit_US-R2,forecast_only_latw_audit_US-R2_forecast_only_10045,forecast_only,2022-04-04,10045,4,MAM,,artifacts/splits/US_loro_kdate_splits.json,artifacts/regions/US_region_masks.nc,US,US-R2,US-R5,US-R2,target_context,12,0,rootzone,sign_accuracy_deadzone,0.0,6075,1,0.037078857421875,hyperda_v4_final_2015_2025_context2022_query2023_2025_k0_4_12
forecast_only_latw_audit_US-R2,forecast_only_latw_audit_US-R2_forecast_only_10045,forecast_only,2022-04-04,10045,4,MAM,,artifacts/splits/US_loro_kdate_splits.json,artifacts/regions/US_region_masks.nc,US,US-R2,US-R5,US-R2,target_context,12,0,rootzone,high_update_increment_skill,0.0,6075,1,0.037078857421875,hyperda_v4_final_2015_2025_context2022_query2023_2025_k0_4_12
forecast_only_latw_audit_US-R2,forecast_only_latw_audit_US-R2_forecast_only_10045,forecast_only,2022-04-04,10045,4,MAM,,artifacts/splits/US_loro_kdate_splits.json,artifacts/regions/US_region_masks.nc,US,US-R2,US-R5,US-R2,target_context,12,0,rootzone,analysis_mse_latw,1.570901166651218e-06,6075,1,0.037078857421875,hyperda_v4_final_2015_2025_context2022_query2023_2025_k0_4_12
forecast_only_latw_audit_US-R2,forecast_only_latw_audit_US-R2_forecast_only_10045,forecast_only,2022-04-04,10045,4,MAM,,artifacts/splits/US_loro_kdate_splits.json,artifacts/regions/US_region_masks.nc,US,US-R2,US-R5,US-R2,target_context,12,0,rootzone,analysis_rmse_latw,0.0012533559616689977,6075,1,0.037078857421875,hyperda_v4_final_2015_2025_context2022_query2023_2025_k0_4_12
forecast_only_latw_audit_US-R2,forecast_only_latw_audit_US-R2_forecast_only_10045,forecast_only,2022-04-04,10045,4,MAM,,artifacts/splits/US_loro_kdate_splits.json,artifacts/regions/US_region_masks.nc,US,US-R2,US-R5,US-R2,target_context,12,0,rootzone,analysis_rmse_sqrt_before_time_avg_latw,0.0012533559616689977,6075,1,0.037078857421875,hyperda_v4_final_2015_2025_context2022_query2023_2025_k0_4_12
forecast_only_latw_audit_US-R2,forecast_only_latw_audit_US-R2_forecast_only_10045,forecast_only,2022-04-04,10045,4,MAM,,artifacts/splits/US_loro_kdate_splits.json,artifacts/regions/US_region_masks.nc,US,US-R2,US-R5,US-R2,target_context,12,0,rootzone,analysis_skill_vs_forecast_latw,0.0,6075,1,0.037078857421875,hyperda_v4_final_2015_2025_context2022_query2023_2025_k0_4_12
forecast_only_latw_audit_US-R2,forecast_only_latw_audit_US-R2_forecast_only_10045,forecast_only,2022-04-04,10045,4,MAM,,artifacts/splits/US_loro_kdate_splits.json,artifacts/regions/US_region_masks.nc,US,US-R2,US-R5,US-R2,target_context,12,0,rootzone,increment_mse_latw,1.570901166651218e-06,6075,1,0.037078857421875,hyperda_v4_final_2015_2025_context2022_query2023_2025_k0_4_12
forecast_only_latw_audit_US-R2,forecast_only_latw_audit_US-R2_forecast_only_10045,forecast_only,2022-04-04,10045,4,MAM,,artifacts/splits/US_loro_kdate_splits.json,artifacts/regions/US_region_masks.nc,US,US-R2,US-R5,US-R2,target_context,12,0,rootzone,increment_rmse_latw,0.0012533559616689977,6075,1,0.037078857421875,hyperda_v4_final_2015_2025_context2022_query2023_2025_k0_4_12
forecast_only_latw_audit_US-R2,forecast_only_latw_audit_US-R2_forecast_only_10045,forecast_only,2022-04-04,10045,4,MAM,,artifacts/splits/US_loro_kdate_splits.json,artifacts/regions/US_region_masks.nc,US,US-R2,US-R5,US-R2,target_context,12,0,rootzone,increment_rmse_sqrt_before_time_avg_latw,0.0012533559616689977,6075,1,0.037078857421875,hyperda_v4_final_2015_2025_context2022_query2023_2025_k0_4_12
forecast_only_latw_audit_US-R2,forecast_only_latw_audit_US-R2_forecast_only_10045,forecast_only,2022-04-04,10045,4,MAM,,artifacts/splits/US_loro_kdate_splits.json,artifacts/regions/US_region_masks.nc,US,US-R2,US-R5,US-R2,target_context,12,0,rootzone,increment_mae_latw,0.0007332429473825954,6075,1,0.037078857421875,hyperda_v4_final_2015_2025_context2022_query2023_2025_k0_4_12
forecast_only_latw_audit_US-R2,forecast_only_latw_audit_US-R2_forecast_only_10045,forecast_only,2022-04-04,10045,4,MAM,,artifacts/splits/US_loro_kdate_splits.json,artifacts/regions/US_region_masks.nc,US,US-R2,US-R5,US-R2,target_context,12,0,rootzone,increment_bias_latw,-0.00015924810734498912,6075,1,0.037078857421875,hyperda_v4_final_2015_2025_context2022_query2023_2025_k0_4_12
forecast_only_latw_audit_US-R2,forecast_only_latw_audit_US-R2_forecast_only_10045,forecast_only,2022-04-04,10045,4,MAM,,artifacts/splits/US_loro_kdate_splits.json,artifacts/regions/US_region_masks.nc,US,US-R2,US-R5,US-R2,target_context,12,0,rootzone,increment_corr_latw,,6075,1,0.037078857421875,hyperda_v4_final_2015_2025_context2022_query2023_2025_k0_4_12
forecast_only_latw_audit_US-R2,forecast_only_latw_audit_US-R2_forecast_only_10176,forecast_only,2022-05-06,10176,5,MAM,,artifacts/splits/US_loro_kdate_splits.json,artifacts/regions/US_region_masks.nc,US,US-R2,US-R5,US-R2,target_context,12,0,surface,analysis_rmse,0.024013781974360795,6075,1,0.037078857421875,hyperda_v4_final_2015_2025_context2022_query2023_2025_k0_4_12
forecast_only_latw_audit_US-R2,forecast_only_latw_audit_US-R2_forecast_only_10176,forecast_only,2022-05-06,10176,5,MAM,,artifacts/splits/US_loro_kdate_splits.json,artifacts/regions/US_region_masks.nc,US,US-R2,US-R5,US-R2,target_context,12,0,surface,analysis_mae,0.01829382310410647,6075,1,0.037078857421875,hyperda_v4_final_2015_2025_context2022_query2023_2025_k0_4_12
forecast_only_latw_audit_US-R2,forecast_only_latw_audit_US-R2_forecast_only_10176,forecast_only,2022-05-06,10176,5,MAM,,artifacts/splits/US_loro_kdate_splits.json,artifacts/regions/US_region_masks.nc,US,US-R2,US-R5,US-R2,target_context,12,0,surface,analysis_skill_vs_forecast,0.0,6075,1,0.037078857421875,hyperda_v4_final_2015_2025_context2022_query2023_2025_k0_4_12
forecast_only_latw_audit_US-R2,forecast_only_latw_audit_US-R2_forecast_only_10176,forecast_only,2022-05-06,10176,5,MAM,,artifacts/splits/US_loro_kdate_splits.json,artifacts/regions/US_region_masks.nc,US,US-R2,US-R5,US-R2,target_context,12,0,surface,increment_rmse,0.02401378197041597,6075,1,0.037078857421875,hyperda_v4_final_2015_2025_context2022_query2023_2025_k0_4_12
forecast_only_latw_audit_US-R2,forecast_only_latw_audit_US-R2_forecast_only_10176,forecast_only,2022-05-06,10176,5,MAM,,artifacts/splits/US_loro_kdate_splits.json,artifacts/regions/US_region_masks.nc,US,US-R2,US-R5,US-R2,target_context,12,0,surface,increment_mae,0.01829382310188356,6075,1,0.037078857421875,hyperda_v4_final_2015_2025_context2022_query2023_2025_k0_4_12
forecast_only_latw_audit_US-R2,forecast_only_latw_audit_US-R2_forecast_only_10176,forecast_only,2022-05-06,10176,5,MAM,,artifacts/splits/US_loro_kdate_splits.json,artifacts/regions/US_region_masks.nc,US,US-R2,US-R5,US-R2,target_context,12,0,surface,increment_bias,-0.0026607880290643667,6075,1,0.037078857421875,hyperda_v4_final_2015_2025_context2022_query2023_2025_k0_4_12
forecast_only_latw_audit_US-R2,forecast_only_latw_audit_US-R2_forecast_only_10176,forecast_only,2022-05-06,10176,5,MAM,,artifacts/splits/US_loro_kdate_splits.json,artifacts/regions/US_region_masks.nc,US,US-R2,US-R5,US-R2,target_context,12,0,surface,increment_corr,,6075,1,0.037078857421875,hyperda_v4_final_2015_2025_context2022_query2023_2025_k0_4_12
forecast_only_latw_audit_US-R2,forecast_only_latw_audit_US-R2_forecast_only_10176,forecast_only,2022-05-06,10176,5,MAM,,artifacts/splits/US_loro_kdate_splits.json,artifacts/regions/US_region_masks.nc,US,US-R2,US-R5,US-R2,target_context,12,0,surface,sign_accuracy_deadzone,0.0,6075,1,0.037078857421875,hyperda_v4_final_2015_2025_context2022_query2023_2025_k0_4_12
forecast_only_latw_audit_US-R2,forecast_only_latw_audit_US-R2_forecast_only_10176,forecast_only,2022-05-06,10176,5,MAM,,artifacts/splits/US_loro_kdate_splits.json,artifacts/regions/US_region_masks.nc,US,US-R2,US-R5,US-R2,target_context,12,0,surface,high_update_increment_skill,0.0,6075,1,0.037078857421875,hyperda_v4_final_2015_2025_context2022_query2023_2025_k0_4_12
forecast_only_latw_audit_US-R2,forecast_only_latw_audit_US-R2_forecast_only_10176,forecast_only,2022-05-06,10176,5,MAM,,artifacts/splits/US_loro_kdate_splits.json,artifacts/regions/US_region_masks.nc,US,US-R2,US-R5,US-R2,target_context,12,0,surface,analysis_mse_latw,0.0005735866604488044,6075,1,0.037078857421875,hyperda_v4_final_2015_2025_context2022_query2023_2025_k0_4_12
forecast_only_latw_audit_US-R2,forecast_only_latw_audit_US-R2_forecast_only_10176,forecast_only,2022-05-06,10176,5,MAM,,artifacts/splits/US_loro_kdate_splits.json,artifacts/regions/US_region_masks.nc,US,US-R2,US-R5,US-R2,target_context,12,0,surface,analysis_rmse_latw,0.02394966931815144,6075,1,0.037078857421875,hyperda_v4_final_2015_2025_context2022_query2023_2025_k0_4_12
forecast_only_latw_audit_US-R2,forecast_only_latw_audit_US-R2_forecast_only_10176,forecast_only,2022-05-06,10176,5,MAM,,artifacts/splits/US_loro_kdate_splits.json,artifacts/regions/US_region_masks.nc,US,US-R2,US-R5,US-R2,target_context,12,0,surface,analysis_rmse_sqrt_before_time_avg_latw,0.02394966931815144,6075,1,0.037078857421875,hyperda_v4_final_2015_2025_context2022_query2023_2025_k0_4_12
forecast_only_latw_audit_US-R2,forecast_only_latw_audit_US-R2_forecast_only_10176,forecast_only,2022-05-06,10176,5,MAM,,artifacts/splits/US_loro_kdate_splits.json,artifacts/regions/US_region_masks.nc,US,US-R2,US-R5,US-R2,target_context,12,0,surface,analysis_skill_vs_forecast_latw,0.0,6075,1,0.037078857421875,hyperda_v4_final_2015_2025_context2022_query2023_2025_k0_4_12
forecast_only_latw_audit_US-R2,forecast_only_latw_audit_US-R2_forecast_only_10176,forecast_only,2022-05-06,10176,5,MAM,,artifacts/splits/US_loro_kdate_splits.json,artifacts/regions/US_region_masks.nc,US,US-R2,US-R5,US-R2,target_context,12,0,surface,increment_mse_latw,0.0005735866602555386,6075,1,0.037078857421875,hyperda_v4_final_2015_2025_context2022_query2023_2025_k0_4_12
forecast_only_latw_audit_US-R2,forecast_only_latw_audit_US-R2_forecast_only_10176,forecast_only,2022-05-06,10176,5,MAM,,artifacts/splits/US_loro_kdate_splits.json,artifacts/regions/US_region_masks.nc,US,US-R2,US-R5,US-R2,target_context,12,0,surface,increment_rmse_latw,0.023949669314116604,6075,1,0.037078857421875,hyperda_v4_final_2015_2025_context2022_query2023_2025_k0_4_12
forecast_only_latw_audit_US-R2,forecast_only_latw_audit_US-R2_forecast_only_10176,forecast_only,2022-05-06,10176,5,MAM,,artifacts/splits/US_loro_kdate_splits.json,artifacts/regions/US_region_masks.nc,US,US-R2,US-R5,US-R2,target_context,12,0,surface,increment_rmse_sqrt_before_time_avg_latw,0.023949669314116604,6075,1,0.037078857421875,hyperda_v4_final_2015_2025_context2022_query2023_2025_k0_4_12
forecast_only_latw_audit_US-R2,forecast_only_latw_audit_US-R2_forecast_only_10176,forecast_only,2022-05-06,10176,5,MAM,,artifacts/splits/US_loro_kdate_splits.json,artifacts/regions/US_region_masks.nc,US,US-R2,US-R5,US-R2,target_context,12,0,surface,increment_mae_latw,0.01823009947828165,6075,1,0.037078857421875,hyperda_v4_final_2015_2025_context2022_query2023_2025_k0_4_12
forecast_only_latw_audit_US-R2,forecast_only_latw_audit_US-R2_forecast_only_10176,forecast_only,2022-05-06,10176,5,MAM,,artifacts/splits/US_loro_kdate_splits.json,artifacts/regions/US_region_masks.nc,US,US-R2,US-R5,US-R2,target_context,12,0,surface,increment_bias_latw,-0.0024154949056707843,6075,1,0.037078857421875,hyperda_v4_final_2015_2025_context2022_query2023_2025_k0_4_12
forecast_only_latw_audit_US-R2,forecast_only_latw_audit_US-R2_forecast_only_10176,forecast_only,2022-05-06,10176,5,MAM,,artifacts/splits/US_loro_kdate_splits.json,artifacts/regions/US_region_masks.nc,US,US-R2,US-R5,US-R2,target_context,12,0,surface,increment_corr_latw,,6075,1,0.037078857421875,hyperda_v4_final_2015_2025_context2022_query2023_2025_k0_4_12
forecast_only_latw_audit_US-R2,forecast_only_latw_audit_US-R2_forecast_only_10176,forecast_only,2022-05-06,10176,5,MAM,,artifacts/splits/US_loro_kdate_splits.json,artifacts/regions/US_region_masks.nc,US,US-R2,US-R5,US-R2,target_context,12,0,rootzone,analysis_rmse,0.003669933229362225,6075,1,0.037078857421875,hyperda_v4_final_2015_2025_context2022_query2023_2025_k0_4_12
forecast_only_latw_audit_US-R2,forecast_only_latw_audit_US-R2_forecast_only_10176,forecast_only,2022-05-06,10176,5,MAM,,artifacts/splits/US_loro_kdate_splits.json,artifacts/regions/US_region_masks.nc,US,US-R2,US-R5,US-R2,target_context,12,0,rootzone,analysis_mae,0.002166819496409883,6075,1,0.037078857421875,hyperda_v4_final_2015_2025_context2022_query2023_2025_k0_4_12
forecast_only_latw_audit_US-R2,forecast_only_latw_audit_US-R2_forecast_only_10176,forecast_only,2022-05-06,10176,5,MAM,,artifacts/splits/US_loro_kdate_splits.json,artifacts/regions/US_region_masks.nc,US,US-R2,US-R5,US-R2,target_context,12,0,rootzone,analysis_skill_vs_forecast,0.0,6075,1,0.037078857421875,hyperda_v4_final_2015_2025_context2022_query2023_2025_k0_4_12
forecast_only_latw_audit_US-R2,forecast_only_latw_audit_US-R2_forecast_only_10176,forecast_only,2022-05-06,10176,5,MAM,,artifacts/splits/US_loro_kdate_splits.json,artifacts/regions/US_region_masks.nc,US,US-R2,US-R5,US-R2,target_context,12,0,rootzone,increment_rmse,0.003669933229362225,6075,1,0.037078857421875,hyperda_v4_final_2015_2025_context2022_query2023_2025_k0_4_12
forecast_only_latw_audit_US-R2,forecast_only_latw_audit_US-R2_forecast_only_10176,forecast_only,2022-05-06,10176,5,MAM,,artifacts/splits/US_loro_kdate_splits.json,artifacts/regions/US_region_masks.nc,US,US-R2,US-R5,US-R2,target_context,12,0,rootzone,increment_mae,0.002166819496409883,6075,1,0.037078857421875,hyperda_v4_final_2015_2025_context2022_query2023_2025_k0_4_12
forecast_only_latw_audit_US-R2,forecast_only_latw_audit_US-R2_forecast_only_10176,forecast_only,2022-05-06,10176,5,MAM,,artifacts/splits/US_loro_kdate_splits.json,artifacts/regions/US_region_masks.nc,US,US-R2,US-R5,US-R2,target_context,12,0,rootzone,increment_bias,-0.0012924407833397634,6075,1,0.037078857421875,hyperda_v4_final_2015_2025_context2022_query2023_2025_k0_4_12
forecast_only_latw_audit_US-R2,forecast_only_latw_audit_US-R2_forecast_only_10176,forecast_only,2022-05-06,10176,5,MAM,,artifacts/splits/US_loro_kdate_splits.json,artifacts/regions/US_region_masks.nc,US,US-R2,US-R5,US-R2,target_context,12,0,rootzone,increment_corr,,6075,1,0.037078857421875,hyperda_v4_final_2015_2025_context2022_query2023_2025_k0_4_12
forecast_only_latw_audit_US-R2,forecast_only_latw_audit_US-R2_forecast_only_10176,forecast_only,2022-05-06,10176,5,MAM,,artifacts/splits/US_loro_kdate_splits.json,artifacts/regions/US_region_masks.nc,US,US-R2,US-R5,US-R2,target_context,12,0,rootzone,sign_accuracy_deadzone,0.0,6075,1,0.037078857421875,hyperda_v4_final_2015_2025_context2022_query2023_2025_k0_4_12
forecast_only_latw_audit_US-R2,forecast_only_latw_audit_US-R2_forecast_only_10176,forecast_only,2022-05-06,10176,5,MAM,,artifacts/splits/US_loro_kdate_splits.json,artifacts/regions/US_region_masks.nc,US,US-R2,US-R5,US-R2,target_context,12,0,rootzone,high_update_increment_skill,0.0,6075,1,0.037078857421875,hyperda_v4_final_2015_2025_context2022_query2023_2025_k0_4_12
forecast_only_latw_audit_US-R2,forecast_only_latw_audit_US-R2_forecast_only_10176,forecast_only,2022-05-06,10176,5,MAM,,artifacts/splits/US_loro_kdate_splits.json,artifacts/regions/US_region_masks.nc,US,US-R2,US-R5,US-R2,target_context,12,0,rootzone,analysis_mse_latw,1.3320227618261483e-05,6075,1,0.037078857421875,hyperda_v4_final_2015_2025_context2022_query2023_2025_k0_4_12
forecast_only_latw_audit_US-R2,forecast_only_latw_audit_US-R2_forecast_only_10176,forecast_only,2022-05-06,10176,5,MAM,,artifacts/splits/US_loro_kdate_splits.json,artifacts/regions/US_region_masks.nc,US,US-R2,US-R5,US-R2,target_context,12,0,rootzone,analysis_rmse_latw,0.003649688701555447,6075,1,0.037078857421875,hyperda_v4_final_2015_2025_context2022_query2023_2025_k0_4_12
forecast_only_latw_audit_US-R2,forecast_only_latw_audit_US-R2_forecast_only_10176,forecast_only,2022-05-06,10176,5,MAM,,artifacts/splits/US_loro_kdate_splits.json,artifacts/regions/US_region_masks.nc,US,US-R2,US-R5,US-R2,target_context,12,0,rootzone,analysis_rmse_sqrt_before_time_avg_latw,0.003649688701555447,6075,1,0.037078857421875,hyperda_v4_final_2015_2025_context2022_query2023_2025_k0_4_12
forecast_only_latw_audit_US-R2,forecast_only_latw_audit_US-R2_forecast_only_10176,forecast_only,2022-05-06,10176,5,MAM,,artifacts/splits/US_loro_kdate_splits.json,artifacts/regions/US_region_masks.nc,US,US-R2,US-R5,US-R2,target_context,12,0,rootzone,analysis_skill_vs_forecast_latw,0.0,6075,1,0.037078857421875,hyperda_v4_final_2015_2025_context2022_query2023_2025_k0_4_12
forecast_only_latw_audit_US-R2,forecast_only_latw_audit_US-R2_forecast_only_10176,forecast_only,2022-05-06,10176,5,MAM,,artifacts/splits/US_loro_kdate_splits.json,artifacts/regions/US_region_masks.nc,US,US-R2,US-R5,US-R2,target_context,12,0,rootzone,increment_mse_latw,1.3320227618261483e-05,6075,1,0.037078857421875,hyperda_v4_final_2015_2025_context2022_query2023_2025_k0_4_12
forecast_only_latw_audit_US-R2,forecast_only_latw_audit_US-R2_forecast_only_10176,forecast_only,2022-05-06,10176,5,MAM,,artifacts/splits/US_loro_kdate_splits.json,artifacts/regions/US_region_masks.nc,US,US-R2,US-R5,US-R2,target_context,12,0,rootzone,increment_rmse_latw,0.003649688701555447,6075,1,0.037078857421875,hyperda_v4_final_2015_2025_context2022_query2023_2025_k0_4_12
forecast_only_latw_audit_US-R2,forecast_only_latw_audit_US-R2_forecast_only_10176,forecast_only,2022-05-06,10176,5,MAM,,artifacts/splits/US_loro_kdate_splits.json,artifacts/regions/US_region_masks.nc,US,US-R2,US-R5,US-R2,target_context,12,0,rootzone,increment_rmse_sqrt_before_time_avg_latw,0.003649688701555447,6075,1,0.037078857421875,hyperda_v4_final_2015_2025_context2022_query2023_2025_k0_4_12
forecast_only_latw_audit_US-R2,forecast_only_latw_audit_US-R2_forecast_only_10176,forecast_only,2022-05-06,10176,5,MAM,,artifacts/splits/US_loro_kdate_splits.json,artifacts/regions/US_region_masks.nc,US,US-R2,US-R5,US-R2,target_context,12,0,rootzone,increment_mae_latw,0.002146360736063909,6075,1,0.037078857421875,hyperda_v4_final_2015_2025_context2022_query2023_2025_k0_4_12
forecast_only_latw_audit_US-R2,forecast_only_latw_audit_US-R2_forecast_only_10176,forecast_only,2022-05-06,10176,5,MAM,,artifacts/splits/US_loro_kdate_splits.json,artifacts/regions/US_region_masks.nc,US,US-R2,US-R5,US-R2,target_context,12,0,rootzone,increment_bias_latw,-0.0012623332504025971,6075,1,0.037078857421875,hyperda_v4_final_2015_2025_context2022_query2023_2025_k0_4_12
forecast_only_latw_audit_US-R2,forecast_only_latw_audit_US-R2_forecast_only_10176,forecast_only,2022-05-06,10176,5,MAM,,artifacts/splits/US_loro_kdate_splits.json,artifacts/regions/US_region_masks.nc,US,US-R2,US-R5,US-R2,target_context,12,0,rootzone,increment_corr_latw,,6075,1,0.037078857421875,hyperda_v4_final_2015_2025_context2022_query2023_2025_k0_4_12
forecast_only_latw_audit_US-R2,forecast_only_latw_audit_US-R2_forecast_only_10319,forecast_only,2022-06-09,10319,6,JJA,,artifacts/splits/US_loro_kdate_splits.json,artifacts/regions/US_region_masks.nc,US,US-R2,US-R5,US-R2,target_context,12,0,surface,analysis_rmse,0.038371568751205974,6075,1,0.037078857421875,hyperda_v4_final_2015_2025_context2022_query2023_2025_k0_4_12
forecast_only_latw_audit_US-R2,forecast_only_latw_audit_US-R2_forecast_only_10319,forecast_only,2022-06-09,10319,6,JJA,,artifacts/splits/US_loro_kdate_splits.json,artifacts/regions/US_region_masks.nc,US,US-R2,US-R5,US-R2,target_context,12,0,surface,analysis_mae,0.025559275451388377,6075,1,0.037078857421875,hyperda_v4_final_2015_2025_context2022_query2023_2025_k0_4_12
forecast_only_latw_audit_US-R2,forecast_only_latw_audit_US-R2_forecast_only_10319,forecast_only,2022-06-09,10319,6,JJA,,artifacts/splits/US_loro_kdate_splits.json,artifacts/regions/US_region_masks.nc,US,US-R2,US-R5,US-R2,target_context,12,0,surface,analysis_skill_vs_forecast,0.0,6075,1,0.037078857421875,hyperda_v4_final_2015_2025_context2022_query2023_2025_k0_4_12
forecast_only_latw_audit_US-R2,forecast_only_latw_audit_US-R2_forecast_only_10319,forecast_only,2022-06-09,10319,6,JJA,,artifacts/splits/US_loro_kdate_splits.json,artifacts/regions/US_region_masks.nc,US,US-R2,US-R5,US-R2,target_context,12,0,surface,increment_rmse,0.03837156874802813,6075,1,0.037078857421875,hyperda_v4_final_2015_2025_context2022_query2023_2025_k0_4_12
forecast_only_latw_audit_US-R2,forecast_only_latw_audit_US-R2_forecast_only_10319,forecast_only,2022-06-09,10319,6,JJA,,artifacts/splits/US_loro_kdate_splits.json,artifacts/regions/US_region_masks.nc,US,US-R2,US-R5,US-R2,target_context,12,0,surface,increment_mae,0.025559275448935513,6075,1,0.037078857421875,hyperda_v4_final_2015_2025_context2022_query2023_2025_k0_4_12
forecast_only_latw_audit_US-R2,forecast_only_latw_audit_US-R2_forecast_only_10319,forecast_only,2022-06-09,10319,6,JJA,,artifacts/splits/US_loro_kdate_splits.json,artifacts/regions/US_region_masks.nc,US,US-R2,US-R5,US-R2,target_context,12,0,surface,increment_bias,-0.010177497049418007,6075,1,0.037078857421875,hyperda_v4_final_2015_2025_context2022_query2023_2025_k0_4_12
forecast_only_latw_audit_US-R2,forecast_only_latw_audit_US-R2_forecast_only_10319,forecast_only,2022-06-09,10319,6,JJA,,artifacts/splits/US_loro_kdate_splits.json,artifacts/regions/US_region_masks.nc,US,US-R2,US-R5,US-R2,target_context,12,0,surface,increment_corr,,6075,1,0.037078857421875,hyperda_v4_final_2015_2025_context2022_query2023_2025_k0_4_12
forecast_only_latw_audit_US-R2,forecast_only_latw_audit_US-R2_forecast_only_10319,forecast_only,2022-06-09,10319,6,JJA,,artifacts/splits/US_loro_kdate_splits.json,artifacts/regions/US_region_masks.nc,US,US-R2,US-R5,US-R2,target_context,12,0,surface,sign_accuracy_deadzone,0.0,6075,1,0.037078857421875,hyperda_v4_final_2015_2025_context2022_query2023_2025_k0_4_12
forecast_only_latw_audit_US-R2,forecast_only_latw_audit_US-R2_forecast_only_10319,forecast_only,2022-06-09,10319,6,JJA,,artifacts/splits/US_loro_kdate_splits.json,artifacts/regions/US_region_masks.nc,US,US-R2,US-R5,US-R2,target_context,12,0,surface,high_update_increment_skill,0.0,6075,1,0.037078857421875,hyperda_v4_final_2015_2025_context2022_query2023_2025_k0_4_12
forecast_only_latw_audit_US-R2,forecast_only_latw_audit_US-R2_forecast_only_10319,forecast_only,2022-06-09,10319,6,JJA,,artifacts/splits/US_loro_kdate_splits.json,artifacts/regions/US_region_masks.nc,US,US-R2,US-R5,US-R2,target_context,12,0,surface,analysis_mse_latw,0.0014495204006013313,6075,1,0.037078857421875,hyperda_v4_final_2015_2025_context2022_query2023_2025_k0_4_12
forecast_only_latw_audit_US-R2,forecast_only_latw_audit_US-R2_forecast_only_10319,forecast_only,2022-06-09,10319,6,JJA,,artifacts/splits/US_loro_kdate_splits.json,artifacts/regions/US_region_masks.nc,US,US-R2,US-R5,US-R2,target_context,12,0,surface,analysis_rmse_latw,0.03807256755987612,6075,1,0.037078857421875,hyperda_v4_final_2015_2025_context2022_query2023_2025_k0_4_12
forecast_only_latw_audit_US-R2,forecast_only_latw_audit_US-R2_forecast_only_10319,forecast_only,2022-06-09,10319,6,JJA,,artifacts/splits/US_loro_kdate_splits.json,artifacts/regions/US_region_masks.nc,US,US-R2,US-R5,US-R2,target_context,12,0,surface,analysis_rmse_sqrt_before_time_avg_latw,0.03807256755987612,6075,1,0.037078857421875,hyperda_v4_final_2015_2025_context2022_query2023_2025_k0_4_12
forecast_only_latw_audit_US-R2,forecast_only_latw_audit_US-R2_forecast_only_10319,forecast_only,2022-06-09,10319,6,JJA,,artifacts/splits/US_loro_kdate_splits.json,artifacts/regions/US_region_masks.nc,US,US-R2,US-R5,US-R2,target_context,12,0,surface,analysis_skill_vs_forecast_latw,0.0,6075,1,0.037078857421875,hyperda_v4_final_2015_2025_context2022_query2023_2025_k0_4_12
forecast_only_latw_audit_US-R2,forecast_only_latw_audit_US-R2_forecast_only_10319,forecast_only,2022-06-09,10319,6,JJA,,artifacts/splits/US_loro_kdate_splits.json,artifacts/regions/US_region_masks.nc,US,US-R2,US-R5,US-R2,target_context,12,0,surface,increment_mse_latw,0.0014495204003535619,6075,1,0.037078857421875,hyperda_v4_final_2015_2025_context2022_query2023_2025_k0_4_12
forecast_only_latw_audit_US-R2,forecast_only_latw_audit_US-R2_forecast_only_10319,forecast_only,2022-06-09,10319,6,JJA,,artifacts/splits/US_loro_kdate_splits.json,artifacts/regions/US_region_masks.nc,US,US-R2,US-R5,US-R2,target_context,12,0,surface,increment_rmse_latw,0.03807256755662221,6075,1,0.037078857421875,hyperda_v4_final_2015_2025_context2022_query2023_2025_k0_4_12
forecast_only_latw_audit_US-R2,forecast_only_latw_audit_US-R2_forecast_only_10319,forecast_only,2022-06-09,10319,6,JJA,,artifacts/splits/US_loro_kdate_splits.json,artifacts/regions/US_region_masks.nc,US,US-R2,US-R5,US-R2,target_context,12,0,surface,increment_rmse_sqrt_before_time_avg_latw,0.03807256755662221,6075,1,0.037078857421875,hyperda_v4_final_2015_2025_context2022_query2023_2025_k0_4_12
forecast_only_latw_audit_US-R2,forecast_only_latw_audit_US-R2_forecast_only_10319,forecast_only,2022-06-09,10319,6,JJA,,artifacts/splits/US_loro_kdate_splits.json,artifacts/regions/US_region_masks.nc,US,US-R2,US-R5,US-R2,target_context,12,0,surface,increment_mae_latw,0.025344446358124814,6075,1,0.037078857421875,hyperda_v4_final_2015_2025_context2022_query2023_2025_k0_4_12
forecast_only_latw_audit_US-R2,forecast_only_latw_audit_US-R2_forecast_only_10319,forecast_only,2022-06-09,10319,6,JJA,,artifacts/splits/US_loro_kdate_splits.json,artifacts/regions/US_region_masks.nc,US,US-R2,US-R5,US-R2,target_context,12,0,surface,increment_bias_latw,-0.009694725993135532,6075,1,0.037078857421875,hyperda_v4_final_2015_2025_context2022_query2023_2025_k0_4_12
forecast_only_latw_audit_US-R2,forecast_only_latw_audit_US-R2_forecast_only_10319,forecast_only,2022-06-09,10319,6,JJA,,artifacts/splits/US_loro_kdate_splits.json,artifacts/regions/US_region_masks.nc,US,US-R2,US-R5,US-R2,target_context,12,0,surface,increment_corr_latw,,6075,1,0.037078857421875,hyperda_v4_final_2015_2025_context2022_query2023_2025_k0_4_12
forecast_only_latw_audit_US-R2,forecast_only_latw_audit_US-R2_forecast_only_10319,forecast_only,2022-06-09,10319,6,JJA,,artifacts/splits/US_loro_kdate_splits.json,artifacts/regions/US_region_masks.nc,US,US-R2,US-R5,US-R2,target_context,12,0,rootzone,analysis_rmse,0.009710165083255097,6075,1,0.037078857421875,hyperda_v4_final_2015_2025_context2022_query2023_2025_k0_4_12
forecast_only_latw_audit_US-R2,forecast_only_latw_audit_US-R2_forecast_only_10319,forecast_only,2022-06-09,10319,6,JJA,,artifacts/splits/US_loro_kdate_splits.json,artifacts/regions/US_region_masks.nc,US,US-R2,US-R5,US-R2,target_context,12,0,rootzone,analysis_mae,0.004069072267523518,6075,1,0.037078857421875,hyperda_v4_final_2015_2025_context2022_query2023_2025_k0_4_12
forecast_only_latw_audit_US-R2,forecast_only_latw_audit_US-R2_forecast_only_10319,forecast_only,2022-06-09,10319,6,JJA,,artifacts/splits/US_loro_kdate_splits.json,artifacts/regions/US_region_masks.nc,US,US-R2,US-R5,US-R2,target_context,12,0,rootzone,analysis_skill_vs_forecast,0.0,6075,1,0.037078857421875,hyperda_v4_final_2015_2025_context2022_query2023_2025_k0_4_12
forecast_only_latw_audit_US-R2,forecast_only_latw_audit_US-R2_forecast_only_10319,forecast_only,2022-06-09,10319,6,JJA,,artifacts/splits/US_loro_kdate_splits.json,artifacts/regions/US_region_masks.nc,US,US-R2,US-R5,US-R2,target_context,12,0,rootzone,increment_rmse,0.009710165083255097,6075,1,0.037078857421875,hyperda_v4_final_2015_2025_context2022_query2023_2025_k0_4_12
forecast_only_latw_audit_US-R2,forecast_only_latw_audit_US-R2_forecast_only_10319,forecast_only,2022-06-09,10319,6,JJA,,artifacts/splits/US_loro_kdate_splits.json,artifacts/regions/US_region_masks.nc,US,US-R2,US-R5,US-R2,target_context,12,0,rootzone,increment_mae,0.004069072267523518,6075,1,0.037078857421875,hyperda_v4_final_2015_2025_context2022_query2023_2025_k0_4_12
forecast_only_latw_audit_US-R2,forecast_only_latw_audit_US-R2_forecast_only_10319,forecast_only,2022-06-09,10319,6,JJA,,artifacts/splits/US_loro_kdate_splits.json,artifacts/regions/US_region_masks.nc,US,US-R2,US-R5,US-R2,target_context,12,0,rootzone,increment_bias,-0.0030647346628791513,6075,1,0.037078857421875,hyperda_v4_final_2015_2025_context2022_query2023_2025_k0_4_12
forecast_only_latw_audit_US-R2,forecast_only_latw_audit_US-R2_forecast_only_10319,forecast_only,2022-06-09,10319,6,JJA,,artifacts/splits/US_loro_kdate_splits.json,artifacts/regions/US_region_masks.nc,US,US-R2,US-R5,US-R2,target_context,12,0,rootzone,increment_corr,,6075,1,0.037078857421875,hyperda_v4_final_2015_2025_context2022_query2023_2025_k0_4_12
forecast_only_latw_audit_US-R2,forecast_only_latw_audit_US-R2_forecast_only_10319,forecast_only,2022-06-09,10319,6,JJA,,artifacts/splits/US_loro_kdate_splits.json,artifacts/regions/US_region_masks.nc,US,US-R2,US-R5,US-R2,target_context,12,0,rootzone,sign_accuracy_deadzone,0.0,6075,1,0.037078857421875,hyperda_v4_final_2015_2025_context2022_query2023_2025_k0_4_12
forecast_only_latw_audit_US-R2,forecast_only_latw_audit_US-R2_forecast_only_10319,forecast_only,2022-06-09,10319,6,JJA,,artifacts/splits/US_loro_kdate_splits.json,artifacts/regions/US_region_masks.nc,US,US-R2,US-R5,US-R2,target_context,12,0,rootzone,high_update_increment_skill,0.0,6075,1,0.037078857421875,hyperda_v4_final_2015_2025_context2022_query2023_2025_k0_4_12
forecast_only_latw_audit_US-R2,forecast_only_latw_audit_US-R2_forecast_only_10319,forecast_only,2022-06-09,10319,6,JJA,,artifacts/splits/US_loro_kdate_splits.json,artifacts/regions/US_region_masks.nc,US,US-R2,US-R5,US-R2,target_context,12,0,rootzone,analysis_mse_latw,9.252428399390143e-05,6075,1,0.037078857421875,hyperda_v4_final_2015_2025_context2022_query2023_2025_k0_4_12
forecast_only_latw_audit_US-R2,forecast_only_latw_audit_US-R2_forecast_only_10319,forecast_only,2022-06-09,10319,6,JJA,,artifacts/splits/US_loro_kdate_splits.json,artifacts/regions/US_region_masks.nc,US,US-R2,US-R5,US-R2,target_context,12,0,rootzone,analysis_rmse_latw,0.009618954412715626,6075,1,0.037078857421875,hyperda_v4_final_2015_2025_context2022_query2023_2025_k0_4_12
forecast_only_latw_audit_US-R2,forecast_only_latw_audit_US-R2_forecast_only_10319,forecast_only,2022-06-09,10319,6,JJA,,artifacts/splits/US_loro_kdate_splits.json,artifacts/regions/US_region_masks.nc,US,US-R2,US-R5,US-R2,target_context,12,0,rootzone,analysis_rmse_sqrt_before_time_avg_latw,0.009618954412715626,6075,1,0.037078857421875,hyperda_v4_final_2015_2025_context2022_query2023_2025_k0_4_12
forecast_only_latw_audit_US-R2,forecast_only_latw_audit_US-R2_forecast_only_10319,forecast_only,2022-06-09,10319,6,JJA,,artifacts/splits/US_loro_kdate_splits.json,artifacts/regions/US_region_masks.nc,US,US-R2,US-R5,US-R2,target_context,12,0,rootzone,analysis_skill_vs_forecast_latw,0.0,6075,1,0.037078857421875,hyperda_v4_final_2015_2025_context2022_query2023_2025_k0_4_12
forecast_only_latw_audit_US-R2,forecast_only_latw_audit_US-R2_forecast_only_10319,forecast_only,2022-06-09,10319,6,JJA,,artifacts/splits/US_loro_kdate_splits.json,artifacts/regions/US_region_masks.nc,US,US-R2,US-R5,US-R2,target_context,12,0,rootzone,increment_mse_latw,9.252428399390143e-05,6075,1,0.037078857421875,hyperda_v4_final_2015_2025_context2022_query2023_2025_k0_4_12
forecast_only_latw_audit_US-R2,forecast_only_latw_audit_US-R2_forecast_only_10319,forecast_only,2022-06-09,10319,6,JJA,,artifacts/splits/US_loro_kdate_splits.json,artifacts/regions/US_region_masks.nc,US,US-R2,US-R5,US-R2,target_context,12,0,rootzone,increment_rmse_latw,0.009618954412715626,6075,1,0.037078857421875,hyperda_v4_final_2015_2025_context2022_query2023_2025_k0_4_12
forecast_only_latw_audit_US-R2,forecast_only_latw_audit_US-R2_forecast_only_10319,forecast_only,2022-06-09,10319,6,JJA,,artifacts/splits/US_loro_kdate_splits.json,artifacts/regions/US_region_masks.nc,US,US-R2,US-R5,US-R2,target_context,12,0,rootzone,increment_rmse_sqrt_before_time_avg_latw,0.009618954412715626,6075,1,0.037078857421875,hyperda_v4_final_2015_2025_context2022_query2023_2025_k0_4_12
forecast_only_latw_audit_US-R2,forecast_only_latw_audit_US-R2_forecast_only_10319,forecast_only,2022-06-09,10319,6,JJA,,artifacts/splits/US_loro_kdate_splits.json,artifacts/regions/US_region_masks.nc,US,US-R2,US-R5,US-R2,target_context,12,0,rootzone,increment_mae_latw,0.004021412188365929,6075,1,0.037078857421875,hyperda_v4_final_2015_2025_context2022_query2023_2025_k0_4_12
forecast_only_latw_audit_US-R2,forecast_only_latw_audit_US-R2_forecast_only_10319,forecast_only,2022-06-09,10319,6,JJA,,artifacts/splits/US_loro_kdate_splits.json,artifacts/regions/US_region_masks.nc,US,US-R2,US-R5,US-R2,target_context,12,0,rootzone,increment_bias_latw,-0.0030023999469345826,6075,1,0.037078857421875,hyperda_v4_final_2015_2025_context2022_query2023_2025_k0_4_12
forecast_only_latw_audit_US-R2,forecast_only_latw_audit_US-R2_forecast_only_10319,forecast_only,2022-06-09,10319,6,JJA,,artifacts/splits/US_loro_kdate_splits.json,artifacts/regions/US_region_masks.nc,US,US-R2,US-R5,US-R2,target_context,12,0,rootzone,increment_corr_latw,,6075,1,0.037078857421875,hyperda_v4_final_2015_2025_context2022_query2023_2025_k0_4_12
forecast_only_latw_audit_US-R2,forecast_only_latw_audit_US-R2_forecast_only_10461,forecast_only,2022-07-13,10461,7,JJA,,artifacts/splits/US_loro_kdate_splits.json,artifacts/regions/US_region_masks.nc,US,US-R2,US-R5,US-R2,target_context,12,0,surface,analysis_rmse,0.01664278140262699,6075,1,0.037078857421875,hyperda_v4_final_2015_2025_context2022_query2023_2025_k0_4_12
forecast_only_latw_audit_US-R2,forecast_only_latw_audit_US-R2_forecast_only_10461,forecast_only,2022-07-13,10461,7,JJA,,artifacts/splits/US_loro_kdate_splits.json,artifacts/regions/US_region_masks.nc,US,US-R2,US-R5,US-R2,target_context,12,0,surface,analysis_mae,0.01239829631974545,6075,1,0.037078857421875,hyperda_v4_final_2015_2025_context2022_query2023_2025_k0_4_12
forecast_only_latw_audit_US-R2,forecast_only_latw_audit_US-R2_forecast_only_10461,forecast_only,2022-07-13,10461,7,JJA,,artifacts/splits/US_loro_kdate_splits.json,artifacts/regions/US_region_masks.nc,US,US-R2,US-R5,US-R2,target_context,12,0,surface,analysis_skill_vs_forecast,0.0,6075,1,0.037078857421875,hyperda_v4_final_2015_2025_context2022_query2023_2025_k0_4_12
forecast_only_latw_audit_US-R2,forecast_only_latw_audit_US-R2_forecast_only_10461,forecast_only,2022-07-13,10461,7,JJA,,artifacts/splits/US_loro_kdate_splits.json,artifacts/regions/US_region_masks.nc,US,US-R2,US-R5,US-R2,target_context,12,0,surface,increment_rmse,0.016642781400567717,6075,1,0.037078857421875,hyperda_v4_final_2015_2025_context2022_query2023_2025_k0_4_12
forecast_only_latw_audit_US-R2,forecast_only_latw_audit_US-R2_forecast_only_10461,forecast_only,2022-07-13,10461,7,JJA,,artifacts/splits/US_loro_kdate_splits.json,artifacts/regions/US_region_masks.nc,US,US-R2,US-R5,US-R2,target_context,12,0,surface,increment_mae,0.012398296318825625,6075,1,0.037078857421875,hyperda_v4_final_2015_2025_context2022_query2023_2025_k0_4_12
forecast_only_latw_audit_US-R2,forecast_only_latw_audit_US-R2_forecast_only_10461,forecast_only,2022-07-13,10461,7,JJA,,artifacts/splits/US_loro_kdate_splits.json,artifacts/regions/US_region_masks.nc,US,US-R2,US-R5,US-R2,target_context,12,0,surface,increment_bias,0.008210126643103582,6075,1,0.037078857421875,hyperda_v4_final_2015_2025_context2022_query2023_2025_k0_4_12
forecast_only_latw_audit_US-R2,forecast_only_latw_audit_US-R2_forecast_only_10461,forecast_only,2022-07-13,10461,7,JJA,,artifacts/splits/US_loro_kdate_splits.json,artifacts/regions/US_region_masks.nc,US,US-R2,US-R5,US-R2,target_context,12,0,surface,increment_corr,,6075,1,0.037078857421875,hyperda_v4_final_2015_2025_context2022_query2023_2025_k0_4_12
forecast_only_latw_audit_US-R2,forecast_only_latw_audit_US-R2_forecast_only_10461,forecast_only,2022-07-13,10461,7,JJA,,artifacts/splits/US_loro_kdate_splits.json,artifacts/regions/US_region_masks.nc,US,US-R2,US-R5,US-R2,target_context,12,0,surface,sign_accuracy_deadzone,0.0,6075,1,0.037078857421875,hyperda_v4_final_2015_2025_context2022_query2023_2025_k0_4_12
forecast_only_latw_audit_US-R2,forecast_only_latw_audit_US-R2_forecast_only_10461,forecast_only,2022-07-13,10461,7,JJA,,artifacts/splits/US_loro_kdate_splits.json,artifacts/regions/US_region_masks.nc,US,US-R2,US-R5,US-R2,target_context,12,0,surface,high_update_increment_skill,0.0,6075,1,0.037078857421875,hyperda_v4_final_2015_2025_context2022_query2023_2025_k0_4_12
forecast_only_latw_audit_US-R2,forecast_only_latw_audit_US-R2_forecast_only_10461,forecast_only,2022-07-13,10461,7,JJA,,artifacts/splits/US_loro_kdate_splits.json,artifacts/regions/US_region_masks.nc,US,US-R2,US-R5,US-R2,target_context,12,0,surface,analysis_mse_latw,0.0002747641261506961,6075,1,0.037078857421875,hyperda_v4_final_2015_2025_context2022_query2023_2025_k0_4_12
forecast_only_latw_audit_US-R2,forecast_only_latw_audit_US-R2_forecast_only_10461,forecast_only,2022-07-13,10461,7,JJA,,artifacts/splits/US_loro_kdate_splits.json,artifacts/regions/US_region_masks.nc,US,US-R2,US-R5,US-R2,target_context,12,0,surface,analysis_rmse_latw,0.016576010561974677,6075,1,0.037078857421875,hyperda_v4_final_2015_2025_context2022_query2023_2025_k0_4_12
forecast_only_latw_audit_US-R2,forecast_only_latw_audit_US-R2_forecast_only_10461,forecast_only,2022-07-13,10461,7,JJA,,artifacts/splits/US_loro_kdate_splits.json,artifacts/regions/US_region_masks.nc,US,US-R2,US-R5,US-R2,target_context,12,0,surface,analysis_rmse_sqrt_before_time_avg_latw,0.016576010561974677,6075,1,0.037078857421875,hyperda_v4_final_2015_2025_context2022_query2023_2025_k0_4_12
forecast_only_latw_audit_US-R2,forecast_only_latw_audit_US-R2_forecast_only_10461,forecast_only,2022-07-13,10461,7,JJA,,artifacts/splits/US_loro_kdate_splits.json,artifacts/regions/US_region_masks.nc,US,US-R2,US-R5,US-R2,target_context,12,0,surface,analysis_skill_vs_forecast_latw,0.0,6075,1,0.037078857421875,hyperda_v4_final_2015_2025_context2022_query2023_2025_k0_4_12
forecast_only_latw_audit_US-R2,forecast_only_latw_audit_US-R2_forecast_only_10461,forecast_only,2022-07-13,10461,7,JJA,,artifacts/splits/US_loro_kdate_splits.json,artifacts/regions/US_region_masks.nc,US,US-R2,US-R5,US-R2,target_context,12,0,surface,increment_mse_latw,0.00027476412608313486,6075,1,0.037078857421875,hyperda_v4_final_2015_2025_context2022_query2023_2025_k0_4_12
forecast_only_latw_audit_US-R2,forecast_only_latw_audit_US-R2_forecast_only_10461,forecast_only,2022-07-13,10461,7,JJA,,artifacts/splits/US_loro_kdate_splits.json,artifacts/regions/US_region_masks.nc,US,US-R2,US-R5,US-R2,target_context,12,0,surface,increment_rmse_latw,0.016576010559936755,6075,1,0.037078857421875,hyperda_v4_final_2015_2025_context2022_query2023_2025_k0_4_12
forecast_only_latw_audit_US-R2,forecast_only_latw_audit_US-R2_forecast_only_10461,forecast_only,2022-07-13,10461,7,JJA,,artifacts/splits/US_loro_kdate_splits.json,artifacts/regions/US_region_masks.nc,US,US-R2,US-R5,US-R2,target_context,12,0,surface,increment_rmse_sqrt_before_time_avg_latw,0.016576010559936755,6075,1,0.037078857421875,hyperda_v4_final_2015_2025_context2022_query2023_2025_k0_4_12
forecast_only_latw_audit_US-R2,forecast_only_latw_audit_US-R2_forecast_only_10461,forecast_only,2022-07-13,10461,7,JJA,,artifacts/splits/US_loro_kdate_splits.json,artifacts/regions/US_region_masks.nc,US,US-R2,US-R5,US-R2,target_context,12,0,surface,increment_mae_latw,0.012326250248085778,6075,1,0.037078857421875,hyperda_v4_final_2015_2025_context2022_query2023_2025_k0_4_12
forecast_only_latw_audit_US-R2,forecast_only_latw_audit_US-R2_forecast_only_10461,forecast_only,2022-07-13,10461,7,JJA,,artifacts/splits/US_loro_kdate_splits.json,artifacts/regions/US_region_masks.nc,US,US-R2,US-R5,US-R2,target_context,12,0,surface,increment_bias_latw,0.008114695662748273,6075,1,0.037078857421875,hyperda_v4_final_2015_2025_context2022_query2023_2025_k0_4_12
forecast_only_latw_audit_US-R2,forecast_only_latw_audit_US-R2_forecast_only_10461,forecast_only,2022-07-13,10461,7,JJA,,artifacts/splits/US_loro_kdate_splits.json,artifacts/regions/US_region_masks.nc,US,US-R2,US-R5,US-R2,target_context,12,0,surface,increment_corr_latw,,6075,1,0.037078857421875,hyperda_v4_final_2015_2025_context2022_query2023_2025_k0_4_12
forecast_only_latw_audit_US-R2,forecast_only_latw_audit_US-R2_forecast_only_10461,forecast_only,2022-07-13,10461,7,JJA,,artifacts/splits/US_loro_kdate_splits.json,artifacts/regions/US_region_masks.nc,US,US-R2,US-R5,US-R2,target_context,12,0,rootzone,analysis_rmse,0.0011730922697457279,6075,1,0.037078857421875,hyperda_v4_final_2015_2025_context2022_query2023_2025_k0_4_12
forecast_only_latw_audit_US-R2,forecast_only_latw_audit_US-R2_forecast_only_10461,forecast_only,2022-07-13,10461,7,JJA,,artifacts/splits/US_loro_kdate_splits.json,artifacts/regions/US_region_masks.nc,US,US-R2,US-R5,US-R2,target_context,12,0,rootzone,analysis_mae,0.0008143487615595139,6075,1,0.037078857421875,hyperda_v4_final_2015_2025_context2022_query2023_2025_k0_4_12
forecast_only_latw_audit_US-R2,forecast_only_latw_audit_US-R2_forecast_only_10461,forecast_only,2022-07-13,10461,7,JJA,,artifacts/splits/US_loro_kdate_splits.json,artifacts/regions/US_region_masks.nc,US,US-R2,US-R5,US-R2,target_context,12,0,rootzone,analysis_skill_vs_forecast,0.0,6075,1,0.037078857421875,hyperda_v4_final_2015_2025_context2022_query2023_2025_k0_4_12
forecast_only_latw_audit_US-R2,forecast_only_latw_audit_US-R2_forecast_only_10461,forecast_only,2022-07-13,10461,7,JJA,,artifacts/splits/US_loro_kdate_splits.json,artifacts/regions/US_region_masks.nc,US,US-R2,US-R5,US-R2,target_context,12,0,rootzone,increment_rmse,0.0011730922697457279,6075,1,0.037078857421875,hyperda_v4_final_2015_2025_context2022_query2023_2025_k0_4_12
forecast_only_latw_audit_US-R2,forecast_only_latw_audit_US-R2_forecast_only_10461,forecast_only,2022-07-13,10461,7,JJA,,artifacts/splits/US_loro_kdate_splits.json,artifacts/regions/US_region_masks.nc,US,US-R2,US-R5,US-R2,target_context,12,0,rootzone,increment_mae,0.0008143487615595139,6075,1,0.037078857421875,hyperda_v4_final_2015_2025_context2022_query2023_2025_k0_4_12
forecast_only_latw_audit_US-R2,forecast_only_latw_audit_US-R2_forecast_only_10461,forecast_only,2022-07-13,10461,7,JJA,,artifacts/splits/US_loro_kdate_splits.json,artifacts/regions/US_region_masks.nc,US,US-R2,US-R5,US-R2,target_context,12,0,rootzone,increment_bias,0.0004652772402321851,6075,1,0.037078857421875,hyperda_v4_final_2015_2025_context2022_query2023_2025_k0_4_12
forecast_only_latw_audit_US-R2,forecast_only_latw_audit_US-R2_forecast_only_10461,forecast_only,2022-07-13,10461,7,JJA,,artifacts/splits/US_loro_kdate_splits.json,artifacts/regions/US_region_masks.nc,US,US-R2,US-R5,US-R2,target_context,12,0,rootzone,increment_corr,,6075,1,0.037078857421875,hyperda_v4_final_2015_2025_context2022_query2023_2025_k0_4_12
forecast_only_latw_audit_US-R2,forecast_only_latw_audit_US-R2_forecast_only_10461,forecast_only,2022-07-13,10461,7,JJA,,artifacts/splits/US_loro_kdate_splits.json,artifacts/regions/US_region_masks.nc,US,US-R2,US-R5,US-R2,target_context,12,0,rootzone,sign_accuracy_deadzone,0.0,6075,1,0.037078857421875,hyperda_v4_final_2015_2025_context2022_query2023_2025_k0_4_12
forecast_only_latw_audit_US-R2,forecast_only_latw_audit_US-R2_forecast_only_10461,forecast_only,2022-07-13,10461,7,JJA,,artifacts/splits/US_loro_kdate_splits.json,artifacts/regions/US_region_masks.nc,US,US-R2,US-R5,US-R2,target_context,12,0,rootzone,high_update_increment_skill,0.0,6075,1,0.037078857421875,hyperda_v4_final_2015_2025_context2022_query2023_2025_k0_4_12
forecast_only_latw_audit_US-R2,forecast_only_latw_audit_US-R2_forecast_only_10461,forecast_only,2022-07-13,10461,7,JJA,,artifacts/splits/US_loro_kdate_splits.json,artifacts/regions/US_region_masks.nc,US,US-R2,US-R5,US-R2,target_context,12,0,rootzone,analysis_mse_latw,1.3652575051067048e-06,6075,1,0.037078857421875,hyperda_v4_final_2015_2025_context2022_query2023_2025_k0_4_12
forecast_only_latw_audit_US-R2,forecast_only_latw_audit_US-R2_forecast_only_10461,forecast_only,2022-07-13,10461,7,JJA,,artifacts/splits/US_loro_kdate_splits.json,artifacts/regions/US_region_masks.nc,US,US-R2,US-R5,US-R2,target_context,12,0,rootzone,analysis_rmse_latw,0.0011684423413702127,6075,1,0.037078857421875,hyperda_v4_final_2015_2025_context2022_query2023_2025_k0_4_12
forecast_only_latw_audit_US-R2,forecast_only_latw_audit_US-R2_forecast_only_10461,forecast_only,2022-07-13,10461,7,JJA,,artifacts/splits/US_loro_kdate_splits.json,artifacts/regions/US_region_masks.nc,US,US-R2,US-R5,US-R2,target_context,12,0,rootzone,analysis_rmse_sqrt_before_time_avg_latw,0.0011684423413702127,6075,1,0.037078857421875,hyperda_v4_final_2015_2025_context2022_query2023_2025_k0_4_12
forecast_only_latw_audit_US-R2,forecast_only_latw_audit_US-R2_forecast_only_10461,forecast_only,2022-07-13,10461,7,JJA,,artifacts/splits/US_loro_kdate_splits.json,artifacts/regions/US_region_masks.nc,US,US-R2,US-R5,US-R2,target_context,12,0,rootzone,analysis_skill_vs_forecast_latw,0.0,6075,1,0.037078857421875,hyperda_v4_final_2015_2025_context2022_query2023_2025_k0_4_12
forecast_only_latw_audit_US-R2,forecast_only_latw_audit_US-R2_forecast_only_10461,forecast_only,2022-07-13,10461,7,JJA,,artifacts/splits/US_loro_kdate_splits.json,artifacts/regions/US_region_masks.nc,US,US-R2,US-R5,US-R2,target_context,12,0,rootzone,increment_mse_latw,1.3652575051067048e-06,6075,1,0.037078857421875,hyperda_v4_final_2015_2025_context2022_query2023_2025_k0_4_12
forecast_only_latw_audit_US-R2,forecast_only_latw_audit_US-R2_forecast_only_10461,forecast_only,2022-07-13,10461,7,JJA,,artifacts/splits/US_loro_kdate_splits.json,artifacts/regions/US_region_masks.nc,US,US-R2,US-R5,US-R2,target_context,12,0,rootzone,increment_rmse_latw,0.0011684423413702127,6075,1,0.037078857421875,hyperda_v4_final_2015_2025_context2022_query2023_2025_k0_4_12
forecast_only_latw_audit_US-R2,forecast_only_latw_audit_US-R2_forecast_only_10461,forecast_only,2022-07-13,10461,7,JJA,,artifacts/splits/US_loro_kdate_splits.json,artifacts/regions/US_region_masks.nc,US,US-R2,US-R5,US-R2,target_context,12,0,rootzone,increment_rmse_sqrt_before_time_avg_latw,0.0011684423413702127,6075,1,0.037078857421875,hyperda_v4_final_2015_2025_context2022_query2023_2025_k0_4_12
forecast_only_latw_audit_US-R2,forecast_only_latw_audit_US-R2_forecast_only_10461,forecast_only,2022-07-13,10461,7,JJA,,artifacts/splits/US_loro_kdate_splits.json,artifacts/regions/US_region_masks.nc,US,US-R2,US-R5,US-R2,target_context,12,0,rootzone,increment_mae_latw,0.0008095770181574037,6075,1,0.037078857421875,hyperda_v4_final_2015_2025_context2022_query2023_2025_k0_4_12
forecast_only_latw_audit_US-R2,forecast_only_latw_audit_US-R2_forecast_only_10461,forecast_only,2022-07-13,10461,7,JJA,,artifacts/splits/US_loro_kdate_splits.json,artifacts/regions/US_region_masks.nc,US,US-R2,US-R5,US-R2,target_context,12,0,rootzone,increment_bias_latw,0.00045977928120359096,6075,1,0.037078857421875,hyperda_v4_final_2015_2025_context2022_query2023_2025_k0_4_12
forecast_only_latw_audit_US-R2,forecast_only_latw_audit_US-R2_forecast_only_10461,forecast_only,2022-07-13,10461,7,JJA,,artifacts/splits/US_loro_kdate_splits.json,artifacts/regions/US_region_masks.nc,US,US-R2,US-R5,US-R2,target_context,12,0,rootzone,increment_corr_latw,,6075,1,0.037078857421875,hyperda_v4_final_2015_2025_context2022_query2023_2025_k0_4_12
forecast_only_latw_audit_US-R2,forecast_only_latw_audit_US-R2_forecast_only_10563,forecast_only,2022-08-06,10563,8,JJA,,artifacts/splits/US_loro_kdate_splits.json,artifacts/regions/US_region_masks.nc,US,US-R2,US-R5,US-R2,target_context,12,0,surface,analysis_rmse,0.014108851137421404,6075,1,0.037078857421875,hyperda_v4_final_2015_2025_context2022_query2023_2025_k0_4_12
forecast_only_latw_audit_US-R2,forecast_only_latw_audit_US-R2_forecast_only_10563,forecast_only,2022-08-06,10563,8,JJA,,artifacts/splits/US_loro_kdate_splits.json,artifacts/regions/US_region_masks.nc,US,US-R2,US-R5,US-R2,target_context,12,0,surface,analysis_mae,0.011221495213393322,6075,1,0.037078857421875,hyperda_v4_final_2015_2025_context2022_query2023_2025_k0_4_12
forecast_only_latw_audit_US-R2,forecast_only_latw_audit_US-R2_forecast_only_10563,forecast_only,2022-08-06,10563,8,JJA,,artifacts/splits/US_loro_kdate_splits.json,artifacts/regions/US_region_masks.nc,US,US-R2,US-R5,US-R2,target_context,12,0,surface,analysis_skill_vs_forecast,0.0,6075,1,0.037078857421875,hyperda_v4_final_2015_2025_context2022_query2023_2025_k0_4_12
forecast_only_latw_audit_US-R2,forecast_only_latw_audit_US-R2_forecast_only_10563,forecast_only,2022-08-06,10563,8,JJA,,artifacts/splits/US_loro_kdate_splits.json,artifacts/regions/US_region_masks.nc,US,US-R2,US-R5,US-R2,target_context,12,0,surface,increment_rmse,0.014108851133253605,6075,1,0.037078857421875,hyperda_v4_final_2015_2025_context2022_query2023_2025_k0_4_12
forecast_only_latw_audit_US-R2,forecast_only_latw_audit_US-R2_forecast_only_10563,forecast_only,2022-08-06,10563,8,JJA,,artifacts/splits/US_loro_kdate_splits.json,artifacts/regions/US_region_masks.nc,US,US-R2,US-R5,US-R2,target_context,12,0,surface,increment_mae,0.011221495212473497,6075,1,0.037078857421875,hyperda_v4_final_2015_2025_context2022_query2023_2025_k0_4_12
forecast_only_latw_audit_US-R2,forecast_only_latw_audit_US-R2_forecast_only_10563,forecast_only,2022-08-06,10563,8,JJA,,artifacts/splits/US_loro_kdate_splits.json,artifacts/regions/US_region_masks.nc,US,US-R2,US-R5,US-R2,target_context,12,0,surface,increment_bias,0.009756271378616246,6075,1,0.037078857421875,hyperda_v4_final_2015_2025_context2022_query2023_2025_k0_4_12
forecast_only_latw_audit_US-R2,forecast_only_latw_audit_US-R2_forecast_only_10563,forecast_only,2022-08-06,10563,8,JJA,,artifacts/splits/US_loro_kdate_splits.json,artifacts/regions/US_region_masks.nc,US,US-R2,US-R5,US-R2,target_context,12,0,surface,increment_corr,,6075,1,0.037078857421875,hyperda_v4_final_2015_2025_context2022_query2023_2025_k0_4_12
forecast_only_latw_audit_US-R2,forecast_only_latw_audit_US-R2_forecast_only_10563,forecast_only,2022-08-06,10563,8,JJA,,artifacts/splits/US_loro_kdate_splits.json,artifacts/regions/US_region_masks.nc,US,US-R2,US-R5,US-R2,target_context,12,0,surface,sign_accuracy_deadzone,0.0,6075,1,0.037078857421875,hyperda_v4_final_2015_2025_context2022_query2023_2025_k0_4_12
forecast_only_latw_audit_US-R2,forecast_only_latw_audit_US-R2_forecast_only_10563,forecast_only,2022-08-06,10563,8,JJA,,artifacts/splits/US_loro_kdate_splits.json,artifacts/regions/US_region_masks.nc,US,US-R2,US-R5,US-R2,target_context,12,0,surface,high_update_increment_skill,0.0,6075,1,0.037078857421875,hyperda_v4_final_2015_2025_context2022_query2023_2025_k0_4_12
forecast_only_latw_audit_US-R2,forecast_only_latw_audit_US-R2_forecast_only_10563,forecast_only,2022-08-06,10563,8,JJA,,artifacts/splits/US_loro_kdate_splits.json,artifacts/regions/US_region_masks.nc,US,US-R2,US-R5,US-R2,target_context,12,0,surface,analysis_mse_latw,0.00019752537819815255,6075,1,0.037078857421875,hyperda_v4_final_2015_2025_context2022_query2023_2025_k0_4_12
forecast_only_latw_audit_US-R2,forecast_only_latw_audit_US-R2_forecast_only_10563,forecast_only,2022-08-06,10563,8,JJA,,artifacts/splits/US_loro_kdate_splits.json,artifacts/regions/US_region_masks.nc,US,US-R2,US-R5,US-R2,target_context,12,0,surface,analysis_rmse_latw,0.014054372209321644,6075,1,0.037078857421875,hyperda_v4_final_2015_2025_context2022_query2023_2025_k0_4_12
forecast_only_latw_audit_US-R2,forecast_only_latw_audit_US-R2_forecast_only_10563,forecast_only,2022-08-06,10563,8,JJA,,artifacts/splits/US_loro_kdate_splits.json,artifacts/regions/US_region_masks.nc,US,US-R2,US-R5,US-R2,target_context,12,0,surface,analysis_rmse_sqrt_before_time_avg_latw,0.014054372209321644,6075,1,0.037078857421875,hyperda_v4_final_2015_2025_context2022_query2023_2025_k0_4_12
forecast_only_latw_audit_US-R2,forecast_only_latw_audit_US-R2_forecast_only_10563,forecast_only,2022-08-06,10563,8,JJA,,artifacts/splits/US_loro_kdate_splits.json,artifacts/regions/US_region_masks.nc,US,US-R2,US-R5,US-R2,target_context,12,0,surface,analysis_skill_vs_forecast_latw,0.0,6075,1,0.037078857421875,hyperda_v4_final_2015_2025_context2022_query2023_2025_k0_4_12
forecast_only_latw_audit_US-R2,forecast_only_latw_audit_US-R2_forecast_only_10563,forecast_only,2022-08-06,10563,8,JJA,,artifacts/splits/US_loro_kdate_splits.json,artifacts/regions/US_region_masks.nc,US,US-R2,US-R5,US-R2,target_context,12,0,surface,increment_mse_latw,0.0001975253780832301,6075,1,0.037078857421875,hyperda_v4_final_2015_2025_context2022_query2023_2025_k0_4_12
forecast_only_latw_audit_US-R2,forecast_only_latw_audit_US-R2_forecast_only_10563,forecast_only,2022-08-06,10563,8,JJA,,artifacts/splits/US_loro_kdate_splits.json,artifacts/regions/US_region_masks.nc,US,US-R2,US-R5,US-R2,target_context,12,0,surface,increment_rmse_latw,0.014054372205233149,6075,1,0.037078857421875,hyperda_v4_final_2015_2025_context2022_query2023_2025_k0_4_12
forecast_only_latw_audit_US-R2,forecast_only_latw_audit_US-R2_forecast_only_10563,forecast_only,2022-08-06,10563,8,JJA,,artifacts/splits/US_loro_kdate_splits.json,artifacts/regions/US_region_masks.nc,US,US-R2,US-R5,US-R2,target_context,12,0,surface,increment_rmse_sqrt_before_time_avg_latw,0.014054372205233149,6075,1,0.037078857421875,hyperda_v4_final_2015_2025_context2022_query2023_2025_k0_4_12
forecast_only_latw_audit_US-R2,forecast_only_latw_audit_US-R2_forecast_only_10563,forecast_only,2022-08-06,10563,8,JJA,,artifacts/splits/US_loro_kdate_splits.json,artifacts/regions/US_region_masks.nc,US,US-R2,US-R5,US-R2,target_context,12,0,surface,increment_mae_latw,0.011180413336568997,6075,1,0.037078857421875,hyperda_v4_final_2015_2025_context2022_query2023_2025_k0_4_12
forecast_only_latw_audit_US-R2,forecast_only_latw_audit_US-R2_forecast_only_10563,forecast_only,2022-08-06,10563,8,JJA,,artifacts/splits/US_loro_kdate_splits.json,artifacts/regions/US_region_masks.nc,US,US-R2,US-R5,US-R2,target_context,12,0,surface,increment_bias_latw,0.009701281887258335,6075,1,0.037078857421875,hyperda_v4_final_2015_2025_context2022_query2023_2025_k0_4_12
forecast_only_latw_audit_US-R2,forecast_only_latw_audit_US-R2_forecast_only_10563,forecast_only,2022-08-06,10563,8,JJA,,artifacts/splits/US_loro_kdate_splits.json,artifacts/regions/US_region_masks.nc,US,US-R2,US-R5,US-R2,target_context,12,0,surface,increment_corr_latw,,6075,1,0.037078857421875,hyperda_v4_final_2015_2025_context2022_query2023_2025_k0_4_12
forecast_only_latw_audit_US-R2,forecast_only_latw_audit_US-R2_forecast_only_10563,forecast_only,2022-08-06,10563,8,JJA,,artifacts/splits/US_loro_kdate_splits.json,artifacts/regions/US_region_masks.nc,US,US-R2,US-R5,US-R2,target_context,12,0,rootzone,analysis_rmse,0.001005920049036946,6075,1,0.037078857421875,hyperda_v4_final_2015_2025_context2022_query2023_2025_k0_4_12
forecast_only_latw_audit_US-R2,forecast_only_latw_audit_US-R2_forecast_only_10563,forecast_only,2022-08-06,10563,8,JJA,,artifacts/splits/US_loro_kdate_splits.json,artifacts/regions/US_region_masks.nc,US,US-R2,US-R5,US-R2,target_context,12,0,rootzone,analysis_mae,0.0007181007896431188,6075,1,0.037078857421875,hyperda_v4_final_2015_2025_context2022_query2023_2025_k0_4_12
forecast_only_latw_audit_US-R2,forecast_only_latw_audit_US-R2_forecast_only_10563,forecast_only,2022-08-06,10563,8,JJA,,artifacts/splits/US_loro_kdate_splits.json,artifacts/regions/US_region_masks.nc,US,US-R2,US-R5,US-R2,target_context,12,0,rootzone,analysis_skill_vs_forecast,0.0,6075,1,0.037078857421875,hyperda_v4_final_2015_2025_context2022_query2023_2025_k0_4_12
forecast_only_latw_audit_US-R2,forecast_only_latw_audit_US-R2_forecast_only_10563,forecast_only,2022-08-06,10563,8,JJA,,artifacts/splits/US_loro_kdate_splits.json,artifacts/regions/US_region_masks.nc,US,US-R2,US-R5,US-R2,target_context,12,0,rootzone,increment_rmse,0.001005920049036946,6075,1,0.037078857421875,hyperda_v4_final_2015_2025_context2022_query2023_2025_k0_4_12
forecast_only_latw_audit_US-R2,forecast_only_latw_audit_US-R2_forecast_only_10563,forecast_only,2022-08-06,10563,8,JJA,,artifacts/splits/US_loro_kdate_splits.json,artifacts/regions/US_region_masks.nc,US,US-R2,US-R5,US-R2,target_context,12,0,rootzone,increment_mae,0.0007181007896431188,6075,1,0.037078857421875,hyperda_v4_final_2015_2025_context2022_query2023_2025_k0_4_12
forecast_only_latw_audit_US-R2,forecast_only_latw_audit_US-R2_forecast_only_10563,forecast_only,2022-08-06,10563,8,JJA,,artifacts/splits/US_loro_kdate_splits.json,artifacts/regions/US_region_masks.nc,US,US-R2,US-R5,US-R2,target_context,12,0,rootzone,increment_bias,0.0005531812308992378,6075,1,0.037078857421875,hyperda_v4_final_2015_2025_context2022_query2023_2025_k0_4_12
forecast_only_latw_audit_US-R2,forecast_only_latw_audit_US-R2_forecast_only_10563,forecast_only,2022-08-06,10563,8,JJA,,artifacts/splits/US_loro_kdate_splits.json,artifacts/regions/US_region_masks.nc,US,US-R2,US-R5,US-R2,target_context,12,0,rootzone,increment_corr,,6075,1,0.037078857421875,hyperda_v4_final_2015_2025_context2022_query2023_2025_k0_4_12
forecast_only_latw_audit_US-R2,forecast_only_latw_audit_US-R2_forecast_only_10563,forecast_only,2022-08-06,10563,8,JJA,,artifacts/splits/US_loro_kdate_splits.json,artifacts/regions/US_region_masks.nc,US,US-R2,US-R5,US-R2,target_context,12,0,rootzone,sign_accuracy_deadzone,0.0,6075,1,0.037078857421875,hyperda_v4_final_2015_2025_context2022_query2023_2025_k0_4_12
forecast_only_latw_audit_US-R2,forecast_only_latw_audit_US-R2_forecast_only_10563,forecast_only,2022-08-06,10563,8,JJA,,artifacts/splits/US_loro_kdate_splits.json,artifacts/regions/US_region_masks.nc,US,US-R2,US-R5,US-R2,target_context,12,0,rootzone,high_update_increment_skill,0.0,6075,1,0.037078857421875,hyperda_v4_final_2015_2025_context2022_query2023_2025_k0_4_12
forecast_only_latw_audit_US-R2,forecast_only_latw_audit_US-R2_forecast_only_10563,forecast_only,2022-08-06,10563,8,JJA,,artifacts/splits/US_loro_kdate_splits.json,artifacts/regions/US_region_masks.nc,US,US-R2,US-R5,US-R2,target_context,12,0,rootzone,analysis_mse_latw,1.0039133062782205e-06,6075,1,0.037078857421875,hyperda_v4_final_2015_2025_context2022_query2023_2025_k0_4_12
forecast_only_latw_audit_US-R2,forecast_only_latw_audit_US-R2_forecast_only_10563,forecast_only,2022-08-06,10563,8,JJA,,artifacts/splits/US_loro_kdate_splits.json,artifacts/regions/US_region_masks.nc,US,US-R2,US-R5,US-R2,target_context,12,0,rootzone,analysis_rmse_latw,0.001001954742629736,6075,1,0.037078857421875,hyperda_v4_final_2015_2025_context2022_query2023_2025_k0_4_12
forecast_only_latw_audit_US-R2,forecast_only_latw_audit_US-R2_forecast_only_10563,forecast_only,2022-08-06,10563,8,JJA,,artifacts/splits/US_loro_kdate_splits.json,artifacts/regions/US_region_masks.nc,US,US-R2,US-R5,US-R2,target_context,12,0,rootzone,analysis_rmse_sqrt_before_time_avg_latw,0.001001954742629736,6075,1,0.037078857421875,hyperda_v4_final_2015_2025_context2022_query2023_2025_k0_4_12
forecast_only_latw_audit_US-R2,forecast_only_latw_audit_US-R2_forecast_only_10563,forecast_only,2022-08-06,10563,8,JJA,,artifacts/splits/US_loro_kdate_splits.json,artifacts/regions/US_region_masks.nc,US,US-R2,US-R5,US-R2,target_context,12,0,rootzone,analysis_skill_vs_forecast_latw,0.0,6075,1,0.037078857421875,hyperda_v4_final_2015_2025_context2022_query2023_2025_k0_4_12
forecast_only_latw_audit_US-R2,forecast_only_latw_audit_US-R2_forecast_only_10563,forecast_only,2022-08-06,10563,8,JJA,,artifacts/splits/US_loro_kdate_splits.json,artifacts/regions/US_region_masks.nc,US,US-R2,US-R5,US-R2,target_context,12,0,rootzone,increment_mse_latw,1.0039133062782205e-06,6075,1,0.037078857421875,hyperda_v4_final_2015_2025_context2022_query2023_2025_k0_4_12
forecast_only_latw_audit_US-R2,forecast_only_latw_audit_US-R2_forecast_only_10563,forecast_only,2022-08-06,10563,8,JJA,,artifacts/splits/US_loro_kdate_splits.json,artifacts/regions/US_region_masks.nc,US,US-R2,US-R5,US-R2,target_context,12,0,rootzone,increment_rmse_latw,0.001001954742629736,6075,1,0.037078857421875,hyperda_v4_final_2015_2025_context2022_query2023_2025_k0_4_12
forecast_only_latw_audit_US-R2,forecast_only_latw_audit_US-R2_forecast_only_10563,forecast_only,2022-08-06,10563,8,JJA,,artifacts/splits/US_loro_kdate_splits.json,artifacts/regions/US_region_masks.nc,US,US-R2,US-R5,US-R2,target_context,12,0,rootzone,increment_rmse_sqrt_before_time_avg_latw,0.001001954742629736,6075,1,0.037078857421875,hyperda_v4_final_2015_2025_context2022_query2023_2025_k0_4_12
forecast_only_latw_audit_US-R2,forecast_only_latw_audit_US-R2_forecast_only_10563,forecast_only,2022-08-06,10563,8,JJA,,artifacts/splits/US_loro_kdate_splits.json,artifacts/regions/US_region_masks.nc,US,US-R2,US-R5,US-R2,target_context,12,0,rootzone,increment_mae_latw,0.0007152055904376205,6075,1,0.037078857421875,hyperda_v4_final_2015_2025_context2022_query2023_2025_k0_4_12
forecast_only_latw_audit_US-R2,forecast_only_latw_audit_US-R2_forecast_only_10563,forecast_only,2022-08-06,10563,8,JJA,,artifacts/splits/US_loro_kdate_splits.json,artifacts/regions/US_region_masks.nc,US,US-R2,US-R5,US-R2,target_context,12,0,rootzone,increment_bias_latw,0.0005495525266642092,6075,1,0.037078857421875,hyperda_v4_final_2015_2025_context2022_query2023_2025_k0_4_12
forecast_only_latw_audit_US-R2,forecast_only_latw_audit_US-R2_forecast_only_10563,forecast_only,2022-08-06,10563,8,JJA,,artifacts/splits/US_loro_kdate_splits.json,artifacts/regions/US_region_masks.nc,US,US-R2,US-R5,US-R2,target_context,12,0,rootzone,increment_corr_latw,,6075,1,0.037078857421875,hyperda_v4_final_2015_2025_context2022_query2023_2025_k0_4_12
forecast_only_latw_audit_US-R2,forecast_only_latw_audit_US-R2_forecast_only_10592,forecast_only,2022-09-27,10592,9,SON,,artifacts/splits/US_loro_kdate_splits.json,artifacts/regions/US_region_masks.nc,US,US-R2,US-R5,US-R2,target_context,12,0,surface,analysis_rmse,0.017357678968192423,6075,1,0.037078857421875,hyperda_v4_final_2015_2025_context2022_query2023_2025_k0_4_12
forecast_only_latw_audit_US-R2,forecast_only_latw_audit_US-R2_forecast_only_10592,forecast_only,2022-09-27,10592,9,SON,,artifacts/splits/US_loro_kdate_splits.json,artifacts/regions/US_region_masks.nc,US,US-R2,US-R5,US-R2,target_context,12,0,surface,analysis_mae,0.015135084670880204,6075,1,0.037078857421875,hyperda_v4_final_2015_2025_context2022_query2023_2025_k0_4_12
forecast_only_latw_audit_US-R2,forecast_only_latw_audit_US-R2_forecast_only_10592,forecast_only,2022-09-27,10592,9,SON,,artifacts/splits/US_loro_kdate_splits.json,artifacts/regions/US_region_masks.nc,US,US-R2,US-R5,US-R2,target_context,12,0,surface,analysis_skill_vs_forecast,0.0,6075,1,0.037078857421875,hyperda_v4_final_2015_2025_context2022_query2023_2025_k0_4_12
forecast_only_latw_audit_US-R2,forecast_only_latw_audit_US-R2_forecast_only_10592,forecast_only,2022-09-27,10592,9,SON,,artifacts/splits/US_loro_kdate_splits.json,artifacts/regions/US_region_masks.nc,US,US-R2,US-R5,US-R2,target_context,12,0,surface,increment_rmse,0.017357678967935247,6075,1,0.037078857421875,hyperda_v4_final_2015_2025_context2022_query2023_2025_k0_4_12
forecast_only_latw_audit_US-R2,forecast_only_latw_audit_US-R2_forecast_only_10592,forecast_only,2022-09-27,10592,9,SON,,artifacts/splits/US_loro_kdate_splits.json,artifacts/regions/US_region_masks.nc,US,US-R2,US-R5,US-R2,target_context,12,0,surface,increment_mae,0.015135084670573595,6075,1,0.037078857421875,hyperda_v4_final_2015_2025_context2022_query2023_2025_k0_4_12
forecast_only_latw_audit_US-R2,forecast_only_latw_audit_US-R2_forecast_only_10592,forecast_only,2022-09-27,10592,9,SON,,artifacts/splits/US_loro_kdate_splits.json,artifacts/regions/US_region_masks.nc,US,US-R2,US-R5,US-R2,target_context,12,0,surface,increment_bias,0.012246028588693818,6075,1,0.037078857421875,hyperda_v4_final_2015_2025_context2022_query2023_2025_k0_4_12
forecast_only_latw_audit_US-R2,forecast_only_latw_audit_US-R2_forecast_only_10592,forecast_only,2022-09-27,10592,9,SON,,artifacts/splits/US_loro_kdate_splits.json,artifacts/regions/US_region_masks.nc,US,US-R2,US-R5,US-R2,target_context,12,0,surface,increment_corr,,6075,1,0.037078857421875,hyperda_v4_final_2015_2025_context2022_query2023_2025_k0_4_12
forecast_only_latw_audit_US-R2,forecast_only_latw_audit_US-R2_forecast_only_10592,forecast_only,2022-09-27,10592,9,SON,,artifacts/splits/US_loro_kdate_splits.json,artifacts/regions/US_region_masks.nc,US,US-R2,US-R5,US-R2,target_context,12,0,surface,sign_accuracy_deadzone,0.0,6075,1,0.037078857421875,hyperda_v4_final_2015_2025_context2022_query2023_2025_k0_4_12
forecast_only_latw_audit_US-R2,forecast_only_latw_audit_US-R2_forecast_only_10592,forecast_only,2022-09-27,10592,9,SON,,artifacts/splits/US_loro_kdate_splits.json,artifacts/regions/US_region_masks.nc,US,US-R2,US-R5,US-R2,target_context,12,0,surface,high_update_increment_skill,0.0,6075,1,0.037078857421875,hyperda_v4_final_2015_2025_context2022_query2023_2025_k0_4_12
forecast_only_latw_audit_US-R2,forecast_only_latw_audit_US-R2_forecast_only_10592,forecast_only,2022-09-27,10592,9,SON,,artifacts/splits/US_loro_kdate_splits.json,artifacts/regions/US_region_masks.nc,US,US-R2,US-R5,US-R2,target_context,12,0,surface,analysis_mse_latw,0.0003000289417008095,6075,1,0.037078857421875,hyperda_v4_final_2015_2025_context2022_query2023_2025_k0_4_12
forecast_only_latw_audit_US-R2,forecast_only_latw_audit_US-R2_forecast_only_10592,forecast_only,2022-09-27,10592,9,SON,,artifacts/splits/US_loro_kdate_splits.json,artifacts/regions/US_region_masks.nc,US,US-R2,US-R5,US-R2,target_context,12,0,surface,analysis_rmse_latw,0.01732134353047735,6075,1,0.037078857421875,hyperda_v4_final_2015_2025_context2022_query2023_2025_k0_4_12
forecast_only_latw_audit_US-R2,forecast_only_latw_audit_US-R2_forecast_only_10592,forecast_only,2022-09-27,10592,9,SON,,artifacts/splits/US_loro_kdate_splits.json,artifacts/regions/US_region_masks.nc,US,US-R2,US-R5,US-R2,target_context,12,0,surface,analysis_rmse_sqrt_before_time_avg_latw,0.01732134353047735,6075,1,0.037078857421875,hyperda_v4_final_2015_2025_context2022_query2023_2025_k0_4_12
forecast_only_latw_audit_US-R2,forecast_only_latw_audit_US-R2_forecast_only_10592,forecast_only,2022-09-27,10592,9,SON,,artifacts/splits/US_loro_kdate_splits.json,artifacts/regions/US_region_masks.nc,US,US-R2,US-R5,US-R2,target_context,12,0,surface,analysis_skill_vs_forecast_latw,0.0,6075,1,0.037078857421875,hyperda_v4_final_2015_2025_context2022_query2023_2025_k0_4_12
forecast_only_latw_audit_US-R2,forecast_only_latw_audit_US-R2_forecast_only_10592,forecast_only,2022-09-27,10592,9,SON,,artifacts/splits/US_loro_kdate_splits.json,artifacts/regions/US_region_masks.nc,US,US-R2,US-R5,US-R2,target_context,12,0,surface,increment_mse_latw,0.00030002894169173217,6075,1,0.037078857421875,hyperda_v4_final_2015_2025_context2022_query2023_2025_k0_4_12
forecast_only_latw_audit_US-R2,forecast_only_latw_audit_US-R2_forecast_only_10592,forecast_only,2022-09-27,10592,9,SON,,artifacts/splits/US_loro_kdate_splits.json,artifacts/regions/US_region_masks.nc,US,US-R2,US-R5,US-R2,target_context,12,0,surface,increment_rmse_latw,0.017321343530215322,6075,1,0.037078857421875,hyperda_v4_final_2015_2025_context2022_query2023_2025_k0_4_12
forecast_only_latw_audit_US-R2,forecast_only_latw_audit_US-R2_forecast_only_10592,forecast_only,2022-09-27,10592,9,SON,,artifacts/splits/US_loro_kdate_splits.json,artifacts/regions/US_region_masks.nc,US,US-R2,US-R5,US-R2,target_context,12,0,surface,increment_rmse_sqrt_before_time_avg_latw,0.017321343530215322,6075,1,0.037078857421875,hyperda_v4_final_2015_2025_context2022_query2023_2025_k0_4_12
forecast_only_latw_audit_US-R2,forecast_only_latw_audit_US-R2_forecast_only_10592,forecast_only,2022-09-27,10592,9,SON,,artifacts/splits/US_loro_kdate_splits.json,artifacts/regions/US_region_masks.nc,US,US-R2,US-R5,US-R2,target_context,12,0,surface,increment_mae_latw,0.015114065490445017,6075,1,0.037078857421875,hyperda_v4_final_2015_2025_context2022_query2023_2025_k0_4_12
forecast_only_latw_audit_US-R2,forecast_only_latw_audit_US-R2_forecast_only_10592,forecast_only,2022-09-27,10592,9,SON,,artifacts/splits/US_loro_kdate_splits.json,artifacts/regions/US_region_masks.nc,US,US-R2,US-R5,US-R2,target_context,12,0,surface,increment_bias_latw,0.012328206604893746,6075,1,0.037078857421875,hyperda_v4_final_2015_2025_context2022_query2023_2025_k0_4_12
forecast_only_latw_audit_US-R2,forecast_only_latw_audit_US-R2_forecast_only_10592,forecast_only,2022-09-27,10592,9,SON,,artifacts/splits/US_loro_kdate_splits.json,artifacts/regions/US_region_masks.nc,US,US-R2,US-R5,US-R2,target_context,12,0,surface,increment_corr_latw,,6075,1,0.037078857421875,hyperda_v4_final_2015_2025_context2022_query2023_2025_k0_4_12
forecast_only_latw_audit_US-R2,forecast_only_latw_audit_US-R2_forecast_only_10592,forecast_only,2022-09-27,10592,9,SON,,artifacts/splits/US_loro_kdate_splits.json,artifacts/regions/US_region_masks.nc,US,US-R2,US-R5,US-R2,target_context,12,0,rootzone,analysis_rmse,0.000997004109798851,6075,1,0.037078857421875,hyperda_v4_final_2015_2025_context2022_query2023_2025_k0_4_12
forecast_only_latw_audit_US-R2,forecast_only_latw_audit_US-R2_forecast_only_10592,forecast_only,2022-09-27,10592,9,SON,,artifacts/splits/US_loro_kdate_splits.json,artifacts/regions/US_region_masks.nc,US,US-R2,US-R5,US-R2,target_context,12,0,rootzone,analysis_mae,0.0008292804830113556,6075,1,0.037078857421875,hyperda_v4_final_2015_2025_context2022_query2023_2025_k0_4_12
forecast_only_latw_audit_US-R2,forecast_only_latw_audit_US-R2_forecast_only_10592,forecast_only,2022-09-27,10592,9,SON,,artifacts/splits/US_loro_kdate_splits.json,artifacts/regions/US_region_masks.nc,US,US-R2,US-R5,US-R2,target_context,12,0,rootzone,analysis_skill_vs_forecast,0.0,6075,1,0.037078857421875,hyperda_v4_final_2015_2025_context2022_query2023_2025_k0_4_12
forecast_only_latw_audit_US-R2,forecast_only_latw_audit_US-R2_forecast_only_10592,forecast_only,2022-09-27,10592,9,SON,,artifacts/splits/US_loro_kdate_splits.json,artifacts/regions/US_region_masks.nc,US,US-R2,US-R5,US-R2,target_context,12,0,rootzone,increment_rmse,0.000997004109798851,6075,1,0.037078857421875,hyperda_v4_final_2015_2025_context2022_query2023_2025_k0_4_12
forecast_only_latw_audit_US-R2,forecast_only_latw_audit_US-R2_forecast_only_10592,forecast_only,2022-09-27,10592,9,SON,,artifacts/splits/US_loro_kdate_splits.json,artifacts/regions/US_region_masks.nc,US,US-R2,US-R5,US-R2,target_context,12,0,rootzone,increment_mae,0.0008292804830113556,6075,1,0.037078857421875,hyperda_v4_final_2015_2025_context2022_query2023_2025_k0_4_12
forecast_only_latw_audit_US-R2,forecast_only_latw_audit_US-R2_forecast_only_10592,forecast_only,2022-09-27,10592,9,SON,,artifacts/splits/US_loro_kdate_splits.json,artifacts/regions/US_region_masks.nc,US,US-R2,US-R5,US-R2,target_context,12,0,rootzone,increment_bias,0.0006453621822865411,6075,1,0.037078857421875,hyperda_v4_final_2015_2025_context2022_query2023_2025_k0_4_12
forecast_only_latw_audit_US-R2,forecast_only_latw_audit_US-R2_forecast_only_10592,forecast_only,2022-09-27,10592,9,SON,,artifacts/splits/US_loro_kdate_splits.json,artifacts/regions/US_region_masks.nc,US,US-R2,US-R5,US-R2,target_context,12,0,rootzone,increment_corr,,6075,1,0.037078857421875,hyperda_v4_final_2015_2025_context2022_query2023_2025_k0_4_12
forecast_only_latw_audit_US-R2,forecast_only_latw_audit_US-R2_forecast_only_10592,forecast_only,2022-09-27,10592,9,SON,,artifacts/splits/US_loro_kdate_splits.json,artifacts/regions/US_region_masks.nc,US,US-R2,US-R5,US-R2,target_context,12,0,rootzone,sign_accuracy_deadzone,,6075,1,0.037078857421875,hyperda_v4_final_2015_2025_context2022_query2023_2025_k0_4_12
forecast_only_latw_audit_US-R2,forecast_only_latw_audit_US-R2_forecast_only_10592,forecast_only,2022-09-27,10592,9,SON,,artifacts/splits/US_loro_kdate_splits.json,artifacts/regions/US_region_masks.nc,US,US-R2,US-R5,US-R2,target_context,12,0,rootzone,high_update_increment_skill,0.0,6075,1,0.037078857421875,hyperda_v4_final_2015_2025_context2022_query2023_2025_k0_4_12
forecast_only_latw_audit_US-R2,forecast_only_latw_audit_US-R2_forecast_only_10592,forecast_only,2022-09-27,10592,9,SON,,artifacts/splits/US_loro_kdate_splits.json,artifacts/regions/US_region_masks.nc,US,US-R2,US-R5,US-R2,target_context,12,0,rootzone,analysis_mse_latw,9.895673247018082e-07,6075,1,0.037078857421875,hyperda_v4_final_2015_2025_context2022_query2023_2025_k0_4_12
forecast_only_latw_audit_US-R2,forecast_only_latw_audit_US-R2_forecast_only_10592,forecast_only,2022-09-27,10592,9,SON,,artifacts/splits/US_loro_kdate_splits.json,artifacts/regions/US_region_masks.nc,US,US-R2,US-R5,US-R2,target_context,12,0,rootzone,analysis_rmse_latw,0.000994769985826778,6075,1,0.037078857421875,hyperda_v4_final_2015_2025_context2022_query2023_2025_k0_4_12
forecast_only_latw_audit_US-R2,forecast_only_latw_audit_US-R2_forecast_only_10592,forecast_only,2022-09-27,10592,9,SON,,artifacts/splits/US_loro_kdate_splits.json,artifacts/regions/US_region_masks.nc,US,US-R2,US-R5,US-R2,target_context,12,0,rootzone,analysis_rmse_sqrt_before_time_avg_latw,0.000994769985826778,6075,1,0.037078857421875,hyperda_v4_final_2015_2025_context2022_query2023_2025_k0_4_12
forecast_only_latw_audit_US-R2,forecast_only_latw_audit_US-R2_forecast_only_10592,forecast_only,2022-09-27,10592,9,SON,,artifacts/splits/US_loro_kdate_splits.json,artifacts/regions/US_region_masks.nc,US,US-R2,US-R5,US-R2,target_context,12,0,rootzone,analysis_skill_vs_forecast_latw,0.0,6075,1,0.037078857421875,hyperda_v4_final_2015_2025_context2022_query2023_2025_k0_4_12
forecast_only_latw_audit_US-R2,forecast_only_latw_audit_US-R2_forecast_only_10592,forecast_only,2022-09-27,10592,9,SON,,artifacts/splits/US_loro_kdate_splits.json,artifacts/regions/US_region_masks.nc,US,US-R2,US-R5,US-R2,target_context,12,0,rootzone,increment_mse_latw,9.895673247018082e-07,6075,1,0.037078857421875,hyperda_v4_final_2015_2025_context2022_query2023_2025_k0_4_12
forecast_only_latw_audit_US-R2,forecast_only_latw_audit_US-R2_forecast_only_10592,forecast_only,2022-09-27,10592,9,SON,,artifacts/splits/US_loro_kdate_splits.json,artifacts/regions/US_region_masks.nc,US,US-R2,US-R5,US-R2,target_context,12,0,rootzone,increment_rmse_latw,0.000994769985826778,6075,1,0.037078857421875,hyperda_v4_final_2015_2025_context2022_query2023_2025_k0_4_12
forecast_only_latw_audit_US-R2,forecast_only_latw_audit_US-R2_forecast_only_10592,forecast_only,2022-09-27,10592,9,SON,,artifacts/splits/US_loro_kdate_splits.json,artifacts/regions/US_region_masks.nc,US,US-R2,US-R5,US-R2,target_context,12,0,rootzone,increment_rmse_sqrt_before_time_avg_latw,0.000994769985826778,6075,1,0.037078857421875,hyperda_v4_final_2015_2025_context2022_query2023_2025_k0_4_12
forecast_only_latw_audit_US-R2,forecast_only_latw_audit_US-R2_forecast_only_10592,forecast_only,2022-09-27,10592,9,SON,,artifacts/splits/US_loro_kdate_splits.json,artifacts/regions/US_region_masks.nc,US,US-R2,US-R5,US-R2,target_context,12,0,rootzone,increment_mae_latw,0.000827953314033804,6075,1,0.037078857421875,hyperda_v4_final_2015_2025_context2022_query2023_2025_k0_4_12
forecast_only_latw_audit_US-R2,forecast_only_latw_audit_US-R2_forecast_only_10592,forecast_only,2022-09-27,10592,9,SON,,artifacts/splits/US_loro_kdate_splits.json,artifacts/regions/US_region_masks.nc,US,US-R2,US-R5,US-R2,target_context,12,0,rootzone,increment_bias_latw,0.0006505489873404711,6075,1,0.037078857421875,hyperda_v4_final_2015_2025_context2022_query2023_2025_k0_4_12
forecast_only_latw_audit_US-R2,forecast_only_latw_audit_US-R2_forecast_only_10592,forecast_only,2022-09-27,10592,9,SON,,artifacts/splits/US_loro_kdate_splits.json,artifacts/regions/US_region_masks.nc,US,US-R2,US-R5,US-R2,target_context,12,0,rootzone,increment_corr_latw,,6075,1,0.037078857421875,hyperda_v4_final_2015_2025_context2022_query2023_2025_k0_4_12
forecast_only_latw_audit_US-R2,forecast_only_latw_audit_US-R2_forecast_only_10702,forecast_only,2022-10-23,10702,10,SON,,artifacts/splits/US_loro_kdate_splits.json,artifacts/regions/US_region_masks.nc,US,US-R2,US-R5,US-R2,target_context,12,0,surface,analysis_rmse,0.010919279124221333,6075,1,0.037078857421875,hyperda_v4_final_2015_2025_context2022_query2023_2025_k0_4_12
forecast_only_latw_audit_US-R2,forecast_only_latw_audit_US-R2_forecast_only_10702,forecast_only,2022-10-23,10702,10,SON,,artifacts/splits/US_loro_kdate_splits.json,artifacts/regions/US_region_masks.nc,US,US-R2,US-R5,US-R2,target_context,12,0,surface,analysis_mae,0.006694055508837533,6075,1,0.037078857421875,hyperda_v4_final_2015_2025_context2022_query2023_2025_k0_4_12
forecast_only_latw_audit_US-R2,forecast_only_latw_audit_US-R2_forecast_only_10702,forecast_only,2022-10-23,10702,10,SON,,artifacts/splits/US_loro_kdate_splits.json,artifacts/regions/US_region_masks.nc,US,US-R2,US-R5,US-R2,target_context,12,0,surface,analysis_skill_vs_forecast,0.0,6075,1,0.037078857421875,hyperda_v4_final_2015_2025_context2022_query2023_2025_k0_4_12
forecast_only_latw_audit_US-R2,forecast_only_latw_audit_US-R2_forecast_only_10702,forecast_only,2022-10-23,10702,10,SON,,artifacts/splits/US_loro_kdate_splits.json,artifacts/regions/US_region_masks.nc,US,US-R2,US-R5,US-R2,target_context,12,0,surface,increment_rmse,0.010919279124221333,6075,1,0.037078857421875,hyperda_v4_final_2015_2025_context2022_query2023_2025_k0_4_12
forecast_only_latw_audit_US-R2,forecast_only_latw_audit_US-R2_forecast_only_10702,forecast_only,2022-10-23,10702,10,SON,,artifacts/splits/US_loro_kdate_splits.json,artifacts/regions/US_region_masks.nc,US,US-R2,US-R5,US-R2,target_context,12,0,surface,increment_mae,0.006694055508837533,6075,1,0.037078857421875,hyperda_v4_final_2015_2025_context2022_query2023_2025_k0_4_12
forecast_only_latw_audit_US-R2,forecast_only_latw_audit_US-R2_forecast_only_10702,forecast_only,2022-10-23,10702,10,SON,,artifacts/splits/US_loro_kdate_splits.json,artifacts/regions/US_region_masks.nc,US,US-R2,US-R5,US-R2,target_context,12,0,surface,increment_bias,0.005652556120276206,6075,1,0.037078857421875,hyperda_v4_final_2015_2025_context2022_query2023_2025_k0_4_12
forecast_only_latw_audit_US-R2,forecast_only_latw_audit_US-R2_forecast_only_10702,forecast_only,2022-10-23,10702,10,SON,,artifacts/splits/US_loro_kdate_splits.json,artifacts/regions/US_region_masks.nc,US,US-R2,US-R5,US-R2,target_context,12,0,surface,increment_corr,,6075,1,0.037078857421875,hyperda_v4_final_2015_2025_context2022_query2023_2025_k0_4_12
forecast_only_latw_audit_US-R2,forecast_only_latw_audit_US-R2_forecast_only_10702,forecast_only,2022-10-23,10702,10,SON,,artifacts/splits/US_loro_kdate_splits.json,artifacts/regions/US_region_masks.nc,US,US-R2,US-R5,US-R2,target_context,12,0,surface,sign_accuracy_deadzone,0.0,6075,1,0.037078857421875,hyperda_v4_final_2015_2025_context2022_query2023_2025_k0_4_12
forecast_only_latw_audit_US-R2,forecast_only_latw_audit_US-R2_forecast_only_10702,forecast_only,2022-10-23,10702,10,SON,,artifacts/splits/US_loro_kdate_splits.json,artifacts/regions/US_region_masks.nc,US,US-R2,US-R5,US-R2,target_context,12,0,surface,high_update_increment_skill,0.0,6075,1,0.037078857421875,hyperda_v4_final_2015_2025_context2022_query2023_2025_k0_4_12
forecast_only_latw_audit_US-R2,forecast_only_latw_audit_US-R2_forecast_only_10702,forecast_only,2022-10-23,10702,10,SON,,artifacts/splits/US_loro_kdate_splits.json,artifacts/regions/US_region_masks.nc,US,US-R2,US-R5,US-R2,target_context,12,0,surface,analysis_mse_latw,0.00012028893966940224,6075,1,0.037078857421875,hyperda_v4_final_2015_2025_context2022_query2023_2025_k0_4_12
forecast_only_latw_audit_US-R2,forecast_only_latw_audit_US-R2_forecast_only_10702,forecast_only,2022-10-23,10702,10,SON,,artifacts/splits/US_loro_kdate_splits.json,artifacts/regions/US_region_masks.nc,US,US-R2,US-R5,US-R2,target_context,12,0,surface,analysis_rmse_latw,0.010967631452114091,6075,1,0.037078857421875,hyperda_v4_final_2015_2025_context2022_query2023_2025_k0_4_12
forecast_only_latw_audit_US-R2,forecast_only_latw_audit_US-R2_forecast_only_10702,forecast_only,2022-10-23,10702,10,SON,,artifacts/splits/US_loro_kdate_splits.json,artifacts/regions/US_region_masks.nc,US,US-R2,US-R5,US-R2,target_context,12,0,surface,analysis_rmse_sqrt_before_time_avg_latw,0.010967631452114091,6075,1,0.037078857421875,hyperda_v4_final_2015_2025_context2022_query2023_2025_k0_4_12
forecast_only_latw_audit_US-R2,forecast_only_latw_audit_US-R2_forecast_only_10702,forecast_only,2022-10-23,10702,10,SON,,artifacts/splits/US_loro_kdate_splits.json,artifacts/regions/US_region_masks.nc,US,US-R2,US-R5,US-R2,target_context,12,0,surface,analysis_skill_vs_forecast_latw,0.0,6075,1,0.037078857421875,hyperda_v4_final_2015_2025_context2022_query2023_2025_k0_4_12
forecast_only_latw_audit_US-R2,forecast_only_latw_audit_US-R2_forecast_only_10702,forecast_only,2022-10-23,10702,10,SON,,artifacts/splits/US_loro_kdate_splits.json,artifacts/regions/US_region_masks.nc,US,US-R2,US-R5,US-R2,target_context,12,0,surface,increment_mse_latw,0.00012028893966940224,6075,1,0.037078857421875,hyperda_v4_final_2015_2025_context2022_query2023_2025_k0_4_12
forecast_only_latw_audit_US-R2,forecast_only_latw_audit_US-R2_forecast_only_10702,forecast_only,2022-10-23,10702,10,SON,,artifacts/splits/US_loro_kdate_splits.json,artifacts/regions/US_region_masks.nc,US,US-R2,US-R5,US-R2,target_context,12,0,surface,increment_rmse_latw,0.010967631452114091,6075,1,0.037078857421875,hyperda_v4_final_2015_2025_context2022_query2023_2025_k0_4_12
forecast_only_latw_audit_US-R2,forecast_only_latw_audit_US-R2_forecast_only_10702,forecast_only,2022-10-23,10702,10,SON,,artifacts/splits/US_loro_kdate_splits.json,artifacts/regions/US_region_masks.nc,US,US-R2,US-R5,US-R2,target_context,12,0,surface,increment_rmse_sqrt_before_time_avg_latw,0.010967631452114091,6075,1,0.037078857421875,hyperda_v4_final_2015_2025_context2022_query2023_2025_k0_4_12
forecast_only_latw_audit_US-R2,forecast_only_latw_audit_US-R2_forecast_only_10702,forecast_only,2022-10-23,10702,10,SON,,artifacts/splits/US_loro_kdate_splits.json,artifacts/regions/US_region_masks.nc,US,US-R2,US-R5,US-R2,target_context,12,0,surface,increment_mae_latw,0.006737299541381524,6075,1,0.037078857421875,hyperda_v4_final_2015_2025_context2022_query2023_2025_k0_4_12
forecast_only_latw_audit_US-R2,forecast_only_latw_audit_US-R2_forecast_only_10702,forecast_only,2022-10-23,10702,10,SON,,artifacts/splits/US_loro_kdate_splits.json,artifacts/regions/US_region_masks.nc,US,US-R2,US-R5,US-R2,target_context,12,0,surface,increment_bias_latw,0.005669753766512794,6075,1,0.037078857421875,hyperda_v4_final_2015_2025_context2022_query2023_2025_k0_4_12
forecast_only_latw_audit_US-R2,forecast_only_latw_audit_US-R2_forecast_only_10702,forecast_only,2022-10-23,10702,10,SON,,artifacts/splits/US_loro_kdate_splits.json,artifacts/regions/US_region_masks.nc,US,US-R2,US-R5,US-R2,target_context,12,0,surface,increment_corr_latw,,6075,1,0.037078857421875,hyperda_v4_final_2015_2025_context2022_query2023_2025_k0_4_12
forecast_only_latw_audit_US-R2,forecast_only_latw_audit_US-R2_forecast_only_10702,forecast_only,2022-10-23,10702,10,SON,,artifacts/splits/US_loro_kdate_splits.json,artifacts/regions/US_region_masks.nc,US,US-R2,US-R5,US-R2,target_context,12,0,rootzone,analysis_rmse,0.0005910692068794959,6075,1,0.037078857421875,hyperda_v4_final_2015_2025_context2022_query2023_2025_k0_4_12
forecast_only_latw_audit_US-R2,forecast_only_latw_audit_US-R2_forecast_only_10702,forecast_only,2022-10-23,10702,10,SON,,artifacts/splits/US_loro_kdate_splits.json,artifacts/regions/US_region_masks.nc,US,US-R2,US-R5,US-R2,target_context,12,0,rootzone,analysis_mae,0.00035206598417503843,6075,1,0.037078857421875,hyperda_v4_final_2015_2025_context2022_query2023_2025_k0_4_12
forecast_only_latw_audit_US-R2,forecast_only_latw_audit_US-R2_forecast_only_10702,forecast_only,2022-10-23,10702,10,SON,,artifacts/splits/US_loro_kdate_splits.json,artifacts/regions/US_region_masks.nc,US,US-R2,US-R5,US-R2,target_context,12,0,rootzone,analysis_skill_vs_forecast,0.0,6075,1,0.037078857421875,hyperda_v4_final_2015_2025_context2022_query2023_2025_k0_4_12
forecast_only_latw_audit_US-R2,forecast_only_latw_audit_US-R2_forecast_only_10702,forecast_only,2022-10-23,10702,10,SON,,artifacts/splits/US_loro_kdate_splits.json,artifacts/regions/US_region_masks.nc,US,US-R2,US-R5,US-R2,target_context,12,0,rootzone,increment_rmse,0.0005910692068794959,6075,1,0.037078857421875,hyperda_v4_final_2015_2025_context2022_query2023_2025_k0_4_12
forecast_only_latw_audit_US-R2,forecast_only_latw_audit_US-R2_forecast_only_10702,forecast_only,2022-10-23,10702,10,SON,,artifacts/splits/US_loro_kdate_splits.json,artifacts/regions/US_region_masks.nc,US,US-R2,US-R5,US-R2,target_context,12,0,rootzone,increment_mae,0.00035206598417503843,6075,1,0.037078857421875,hyperda_v4_final_2015_2025_context2022_query2023_2025_k0_4_12
forecast_only_latw_audit_US-R2,forecast_only_latw_audit_US-R2_forecast_only_10702,forecast_only,2022-10-23,10702,10,SON,,artifacts/splits/US_loro_kdate_splits.json,artifacts/regions/US_region_masks.nc,US,US-R2,US-R5,US-R2,target_context,12,0,rootzone,increment_bias,0.0002920414516587316,6075,1,0.037078857421875,hyperda_v4_final_2015_2025_context2022_query2023_2025_k0_4_12
forecast_only_latw_audit_US-R2,forecast_only_latw_audit_US-R2_forecast_only_10702,forecast_only,2022-10-23,10702,10,SON,,artifacts/splits/US_loro_kdate_splits.json,artifacts/regions/US_region_masks.nc,US,US-R2,US-R5,US-R2,target_context,12,0,rootzone,increment_corr,,6075,1,0.037078857421875,hyperda_v4_final_2015_2025_context2022_query2023_2025_k0_4_12
forecast_only_latw_audit_US-R2,forecast_only_latw_audit_US-R2_forecast_only_10702,forecast_only,2022-10-23,10702,10,SON,,artifacts/splits/US_loro_kdate_splits.json,artifacts/regions/US_region_masks.nc,US,US-R2,US-R5,US-R2,target_context,12,0,rootzone,sign_accuracy_deadzone,,6075,1,0.037078857421875,hyperda_v4_final_2015_2025_context2022_query2023_2025_k0_4_12
forecast_only_latw_audit_US-R2,forecast_only_latw_audit_US-R2_forecast_only_10702,forecast_only,2022-10-23,10702,10,SON,,artifacts/splits/US_loro_kdate_splits.json,artifacts/regions/US_region_masks.nc,US,US-R2,US-R5,US-R2,target_context,12,0,rootzone,high_update_increment_skill,0.0,6075,1,0.037078857421875,hyperda_v4_final_2015_2025_context2022_query2023_2025_k0_4_12
forecast_only_latw_audit_US-R2,forecast_only_latw_audit_US-R2_forecast_only_10702,forecast_only,2022-10-23,10702,10,SON,,artifacts/splits/US_loro_kdate_splits.json,artifacts/regions/US_region_masks.nc,US,US-R2,US-R5,US-R2,target_context,12,0,rootzone,analysis_mse_latw,3.525151632749513e-07,6075,1,0.037078857421875,hyperda_v4_final_2015_2025_context2022_query2023_2025_k0_4_12
forecast_only_latw_audit_US-R2,forecast_only_latw_audit_US-R2_forecast_only_10702,forecast_only,2022-10-23,10702,10,SON,,artifacts/splits/US_loro_kdate_splits.json,artifacts/regions/US_region_masks.nc,US,US-R2,US-R5,US-R2,target_context,12,0,rootzone,analysis_rmse_latw,0.0005937298739957013,6075,1,0.037078857421875,hyperda_v4_final_2015_2025_context2022_query2023_2025_k0_4_12
forecast_only_latw_audit_US-R2,forecast_only_latw_audit_US-R2_forecast_only_10702,forecast_only,2022-10-23,10702,10,SON,,artifacts/splits/US_loro_kdate_splits.json,artifacts/regions/US_region_masks.nc,US,US-R2,US-R5,US-R2,target_context,12,0,rootzone,analysis_rmse_sqrt_before_time_avg_latw,0.0005937298739957013,6075,1,0.037078857421875,hyperda_v4_final_2015_2025_context2022_query2023_2025_k0_4_12
forecast_only_latw_audit_US-R2,forecast_only_latw_audit_US-R2_forecast_only_10702,forecast_only,2022-10-23,10702,10,SON,,artifacts/splits/US_loro_kdate_splits.json,artifacts/regions/US_region_masks.nc,US,US-R2,US-R5,US-R2,target_context,12,0,rootzone,analysis_skill_vs_forecast_latw,0.0,6075,1,0.037078857421875,hyperda_v4_final_2015_2025_context2022_query2023_2025_k0_4_12
forecast_only_latw_audit_US-R2,forecast_only_latw_audit_US-R2_forecast_only_10702,forecast_only,2022-10-23,10702,10,SON,,artifacts/splits/US_loro_kdate_splits.json,artifacts/regions/US_region_masks.nc,US,US-R2,US-R5,US-R2,target_context,12,0,rootzone,increment_mse_latw,3.525151632749513e-07,6075,1,0.037078857421875,hyperda_v4_final_2015_2025_context2022_query2023_2025_k0_4_12
forecast_only_latw_audit_US-R2,forecast_only_latw_audit_US-R2_forecast_only_10702,forecast_only,2022-10-23,10702,10,SON,,artifacts/splits/US_loro_kdate_splits.json,artifacts/regions/US_region_masks.nc,US,US-R2,US-R5,US-R2,target_context,12,0,rootzone,increment_rmse_latw,0.0005937298739957013,6075,1,0.037078857421875,hyperda_v4_final_2015_2025_context2022_query2023_2025_k0_4_12
forecast_only_latw_audit_US-R2,forecast_only_latw_audit_US-R2_forecast_only_10702,forecast_only,2022-10-23,10702,10,SON,,artifacts/splits/US_loro_kdate_splits.json,artifacts/regions/US_region_masks.nc,US,US-R2,US-R5,US-R2,target_context,12,0,rootzone,increment_rmse_sqrt_before_time_avg_latw,0.0005937298739957013,6075,1,0.037078857421875,hyperda_v4_final_2015_2025_context2022_query2023_2025_k0_4_12
forecast_only_latw_audit_US-R2,forecast_only_latw_audit_US-R2_forecast_only_10702,forecast_only,2022-10-23,10702,10,SON,,artifacts/splits/US_loro_kdate_splits.json,artifacts/regions/US_region_masks.nc,US,US-R2,US-R5,US-R2,target_context,12,0,rootzone,increment_mae_latw,0.0003543411977218845,6075,1,0.037078857421875,hyperda_v4_final_2015_2025_context2022_query2023_2025_k0_4_12
forecast_only_latw_audit_US-R2,forecast_only_latw_audit_US-R2_forecast_only_10702,forecast_only,2022-10-23,10702,10,SON,,artifacts/splits/US_loro_kdate_splits.json,artifacts/regions/US_region_masks.nc,US,US-R2,US-R5,US-R2,target_context,12,0,rootzone,increment_bias_latw,0.0002928868101395318,6075,1,0.037078857421875,hyperda_v4_final_2015_2025_context2022_query2023_2025_k0_4_12
forecast_only_latw_audit_US-R2,forecast_only_latw_audit_US-R2_forecast_only_10702,forecast_only,2022-10-23,10702,10,SON,,artifacts/splits/US_loro_kdate_splits.json,artifacts/regions/US_region_masks.nc,US,US-R2,US-R5,US-R2,target_context,12,0,rootzone,increment_corr_latw,,6075,1,0.037078857421875,hyperda_v4_final_2015_2025_context2022_query2023_2025_k0_4_12
forecast_only_latw_audit_US-R2,forecast_only_latw_audit_US-R2_forecast_only_10762,forecast_only,2022-11-06,10762,11,SON,,artifacts/splits/US_loro_kdate_splits.json,artifacts/regions/US_region_masks.nc,US,US-R2,US-R5,US-R2,target_context,12,0,surface,analysis_rmse,0.037106875072680755,6075,1,0.037078857421875,hyperda_v4_final_2015_2025_context2022_query2023_2025_k0_4_12
forecast_only_latw_audit_US-R2,forecast_only_latw_audit_US-R2_forecast_only_10762,forecast_only,2022-11-06,10762,11,SON,,artifacts/splits/US_loro_kdate_splits.json,artifacts/regions/US_region_masks.nc,US,US-R2,US-R5,US-R2,target_context,12,0,surface,analysis_mae,0.026685723792838217,6075,1,0.037078857421875,hyperda_v4_final_2015_2025_context2022_query2023_2025_k0_4_12
forecast_only_latw_audit_US-R2,forecast_only_latw_audit_US-R2_forecast_only_10762,forecast_only,2022-11-06,10762,11,SON,,artifacts/splits/US_loro_kdate_splits.json,artifacts/regions/US_region_masks.nc,US,US-R2,US-R5,US-R2,target_context,12,0,surface,analysis_skill_vs_forecast,0.0,6075,1,0.037078857421875,hyperda_v4_final_2015_2025_context2022_query2023_2025_k0_4_12
forecast_only_latw_audit_US-R2,forecast_only_latw_audit_US-R2_forecast_only_10762,forecast_only,2022-11-06,10762,11,SON,,artifacts/splits/US_loro_kdate_splits.json,artifacts/regions/US_region_masks.nc,US,US-R2,US-R5,US-R2,target_context,12,0,surface,increment_rmse,0.03710687507293624,6075,1,0.037078857421875,hyperda_v4_final_2015_2025_context2022_query2023_2025_k0_4_12
forecast_only_latw_audit_US-R2,forecast_only_latw_audit_US-R2_forecast_only_10762,forecast_only,2022-11-06,10762,11,SON,,artifacts/splits/US_loro_kdate_splits.json,artifacts/regions/US_region_masks.nc,US,US-R2,US-R5,US-R2,target_context,12,0,surface,increment_mae,0.02668572379299152,6075,1,0.037078857421875,hyperda_v4_final_2015_2025_context2022_query2023_2025_k0_4_12
forecast_only_latw_audit_US-R2,forecast_only_latw_audit_US-R2_forecast_only_10762,forecast_only,2022-11-06,10762,11,SON,,artifacts/splits/US_loro_kdate_splits.json,artifacts/regions/US_region_masks.nc,US,US-R2,US-R5,US-R2,target_context,12,0,surface,increment_bias,-0.019334157713278823,6075,1,0.037078857421875,hyperda_v4_final_2015_2025_context2022_query2023_2025_k0_4_12
forecast_only_latw_audit_US-R2,forecast_only_latw_audit_US-R2_forecast_only_10762,forecast_only,2022-11-06,10762,11,SON,,artifacts/splits/US_loro_kdate_splits.json,artifacts/regions/US_region_masks.nc,US,US-R2,US-R5,US-R2,target_context,12,0,surface,increment_corr,,6075,1,0.037078857421875,hyperda_v4_final_2015_2025_context2022_query2023_2025_k0_4_12
forecast_only_latw_audit_US-R2,forecast_only_latw_audit_US-R2_forecast_only_10762,forecast_only,2022-11-06,10762,11,SON,,artifacts/splits/US_loro_kdate_splits.json,artifacts/regions/US_region_masks.nc,US,US-R2,US-R5,US-R2,target_context,12,0,surface,sign_accuracy_deadzone,0.0,6075,1,0.037078857421875,hyperda_v4_final_2015_2025_context2022_query2023_2025_k0_4_12
forecast_only_latw_audit_US-R2,forecast_only_latw_audit_US-R2_forecast_only_10762,forecast_only,2022-11-06,10762,11,SON,,artifacts/splits/US_loro_kdate_splits.json,artifacts/regions/US_region_masks.nc,US,US-R2,US-R5,US-R2,target_context,12,0,surface,high_update_increment_skill,0.0,6075,1,0.037078857421875,hyperda_v4_final_2015_2025_context2022_query2023_2025_k0_4_12
forecast_only_latw_audit_US-R2,forecast_only_latw_audit_US-R2_forecast_only_10762,forecast_only,2022-11-06,10762,11,SON,,artifacts/splits/US_loro_kdate_splits.json,artifacts/regions/US_region_masks.nc,US,US-R2,US-R5,US-R2,target_context,12,0,surface,analysis_mse_latw,0.0013625776705020627,6075,1,0.037078857421875,hyperda_v4_final_2015_2025_context2022_query2023_2025_k0_4_12
forecast_only_latw_audit_US-R2,forecast_only_latw_audit_US-R2_forecast_only_10762,forecast_only,2022-11-06,10762,11,SON,,artifacts/splits/US_loro_kdate_splits.json,artifacts/regions/US_region_masks.nc,US,US-R2,US-R5,US-R2,target_context,12,0,surface,analysis_rmse_latw,0.036913109737626584,6075,1,0.037078857421875,hyperda_v4_final_2015_2025_context2022_query2023_2025_k0_4_12
forecast_only_latw_audit_US-R2,forecast_only_latw_audit_US-R2_forecast_only_10762,forecast_only,2022-11-06,10762,11,SON,,artifacts/splits/US_loro_kdate_splits.json,artifacts/regions/US_region_masks.nc,US,US-R2,US-R5,US-R2,target_context,12,0,surface,analysis_rmse_sqrt_before_time_avg_latw,0.036913109737626584,6075,1,0.037078857421875,hyperda_v4_final_2015_2025_context2022_query2023_2025_k0_4_12
forecast_only_latw_audit_US-R2,forecast_only_latw_audit_US-R2_forecast_only_10762,forecast_only,2022-11-06,10762,11,SON,,artifacts/splits/US_loro_kdate_splits.json,artifacts/regions/US_region_masks.nc,US,US-R2,US-R5,US-R2,target_context,12,0,surface,analysis_skill_vs_forecast_latw,0.0,6075,1,0.037078857421875,hyperda_v4_final_2015_2025_context2022_query2023_2025_k0_4_12
forecast_only_latw_audit_US-R2,forecast_only_latw_audit_US-R2_forecast_only_10762,forecast_only,2022-11-06,10762,11,SON,,artifacts/splits/US_loro_kdate_splits.json,artifacts/regions/US_region_masks.nc,US,US-R2,US-R5,US-R2,target_context,12,0,surface,increment_mse_latw,0.0013625776705221083,6075,1,0.037078857421875,hyperda_v4_final_2015_2025_context2022_query2023_2025_k0_4_12
forecast_only_latw_audit_US-R2,forecast_only_latw_audit_US-R2_forecast_only_10762,forecast_only,2022-11-06,10762,11,SON,,artifacts/splits/US_loro_kdate_splits.json,artifacts/regions/US_region_masks.nc,US,US-R2,US-R5,US-R2,target_context,12,0,surface,increment_rmse_latw,0.03691310973789811,6075,1,0.037078857421875,hyperda_v4_final_2015_2025_context2022_query2023_2025_k0_4_12
forecast_only_latw_audit_US-R2,forecast_only_latw_audit_US-R2_forecast_only_10762,forecast_only,2022-11-06,10762,11,SON,,artifacts/splits/US_loro_kdate_splits.json,artifacts/regions/US_region_masks.nc,US,US-R2,US-R5,US-R2,target_context,12,0,surface,increment_rmse_sqrt_before_time_avg_latw,0.03691310973789811,6075,1,0.037078857421875,hyperda_v4_final_2015_2025_context2022_query2023_2025_k0_4_12
forecast_only_latw_audit_US-R2,forecast_only_latw_audit_US-R2_forecast_only_10762,forecast_only,2022-11-06,10762,11,SON,,artifacts/splits/US_loro_kdate_splits.json,artifacts/regions/US_region_masks.nc,US,US-R2,US-R5,US-R2,target_context,12,0,surface,increment_mae_latw,0.026576178782541114,6075,1,0.037078857421875,hyperda_v4_final_2015_2025_context2022_query2023_2025_k0_4_12
forecast_only_latw_audit_US-R2,forecast_only_latw_audit_US-R2_forecast_only_10762,forecast_only,2022-11-06,10762,11,SON,,artifacts/splits/US_loro_kdate_splits.json,artifacts/regions/US_region_masks.nc,US,US-R2,US-R5,US-R2,target_context,12,0,surface,increment_bias_latw,-0.019172086537748767,6075,1,0.037078857421875,hyperda_v4_final_2015_2025_context2022_query2023_2025_k0_4_12
forecast_only_latw_audit_US-R2,forecast_only_latw_audit_US-R2_forecast_only_10762,forecast_only,2022-11-06,10762,11,SON,,artifacts/splits/US_loro_kdate_splits.json,artifacts/regions/US_region_masks.nc,US,US-R2,US-R5,US-R2,target_context,12,0,surface,increment_corr_latw,,6075,1,0.037078857421875,hyperda_v4_final_2015_2025_context2022_query2023_2025_k0_4_12
forecast_only_latw_audit_US-R2,forecast_only_latw_audit_US-R2_forecast_only_10762,forecast_only,2022-11-06,10762,11,SON,,artifacts/splits/US_loro_kdate_splits.json,artifacts/regions/US_region_masks.nc,US,US-R2,US-R5,US-R2,target_context,12,0,rootzone,analysis_rmse,0.003764263021172183,6075,1,0.037078857421875,hyperda_v4_final_2015_2025_context2022_query2023_2025_k0_4_12
forecast_only_latw_audit_US-R2,forecast_only_latw_audit_US-R2_forecast_only_10762,forecast_only,2022-11-06,10762,11,SON,,artifacts/splits/US_loro_kdate_splits.json,artifacts/regions/US_region_masks.nc,US,US-R2,US-R5,US-R2,target_context,12,0,rootzone,analysis_mae,0.002220730287455973,6075,1,0.037078857421875,hyperda_v4_final_2015_2025_context2022_query2023_2025_k0_4_12
forecast_only_latw_audit_US-R2,forecast_only_latw_audit_US-R2_forecast_only_10762,forecast_only,2022-11-06,10762,11,SON,,artifacts/splits/US_loro_kdate_splits.json,artifacts/regions/US_region_masks.nc,US,US-R2,US-R5,US-R2,target_context,12,0,rootzone,analysis_skill_vs_forecast,0.0,6075,1,0.037078857421875,hyperda_v4_final_2015_2025_context2022_query2023_2025_k0_4_12
forecast_only_latw_audit_US-R2,forecast_only_latw_audit_US-R2_forecast_only_10762,forecast_only,2022-11-06,10762,11,SON,,artifacts/splits/US_loro_kdate_splits.json,artifacts/regions/US_region_masks.nc,US,US-R2,US-R5,US-R2,target_context,12,0,rootzone,increment_rmse,0.003764263021172183,6075,1,0.037078857421875,hyperda_v4_final_2015_2025_context2022_query2023_2025_k0_4_12
forecast_only_latw_audit_US-R2,forecast_only_latw_audit_US-R2_forecast_only_10762,forecast_only,2022-11-06,10762,11,SON,,artifacts/splits/US_loro_kdate_splits.json,artifacts/regions/US_region_masks.nc,US,US-R2,US-R5,US-R2,target_context,12,0,rootzone,increment_mae,0.002220730287455973,6075,1,0.037078857421875,hyperda_v4_final_2015_2025_context2022_query2023_2025_k0_4_12
forecast_only_latw_audit_US-R2,forecast_only_latw_audit_US-R2_forecast_only_10762,forecast_only,2022-11-06,10762,11,SON,,artifacts/splits/US_loro_kdate_splits.json,artifacts/regions/US_region_masks.nc,US,US-R2,US-R5,US-R2,target_context,12,0,rootzone,increment_bias,-0.0017585265475474757,6075,1,0.037078857421875,hyperda_v4_final_2015_2025_context2022_query2023_2025_k0_4_12
forecast_only_latw_audit_US-R2,forecast_only_latw_audit_US-R2_forecast_only_10762,forecast_only,2022-11-06,10762,11,SON,,artifacts/splits/US_loro_kdate_splits.json,artifacts/regions/US_region_masks.nc,US,US-R2,US-R5,US-R2,target_context,12,0,rootzone,increment_corr,,6075,1,0.037078857421875,hyperda_v4_final_2015_2025_context2022_query2023_2025_k0_4_12
forecast_only_latw_audit_US-R2,forecast_only_latw_audit_US-R2_forecast_only_10762,forecast_only,2022-11-06,10762,11,SON,,artifacts/splits/US_loro_kdate_splits.json,artifacts/regions/US_region_masks.nc,US,US-R2,US-R5,US-R2,target_context,12,0,rootzone,sign_accuracy_deadzone,0.0,6075,1,0.037078857421875,hyperda_v4_final_2015_2025_context2022_query2023_2025_k0_4_12
forecast_only_latw_audit_US-R2,forecast_only_latw_audit_US-R2_forecast_only_10762,forecast_only,2022-11-06,10762,11,SON,,artifacts/splits/US_loro_kdate_splits.json,artifacts/regions/US_region_masks.nc,US,US-R2,US-R5,US-R2,target_context,12,0,rootzone,high_update_increment_skill,0.0,6075,1,0.037078857421875,hyperda_v4_final_2015_2025_context2022_query2023_2025_k0_4_12
forecast_only_latw_audit_US-R2,forecast_only_latw_audit_US-R2_forecast_only_10762,forecast_only,2022-11-06,10762,11,SON,,artifacts/splits/US_loro_kdate_splits.json,artifacts/regions/US_region_masks.nc,US,US-R2,US-R5,US-R2,target_context,12,0,rootzone,analysis_mse_latw,1.3923048992448807e-05,6075,1,0.037078857421875,hyperda_v4_final_2015_2025_context2022_query2023_2025_k0_4_12
forecast_only_latw_audit_US-R2,forecast_only_latw_audit_US-R2_forecast_only_10762,forecast_only,2022-11-06,10762,11,SON,,artifacts/splits/US_loro_kdate_splits.json,artifacts/regions/US_region_masks.nc,US,US-R2,US-R5,US-R2,target_context,12,0,rootzone,analysis_rmse_latw,0.0037313602067408085,6075,1,0.037078857421875,hyperda_v4_final_2015_2025_context2022_query2023_2025_k0_4_12
forecast_only_latw_audit_US-R2,forecast_only_latw_audit_US-R2_forecast_only_10762,forecast_only,2022-11-06,10762,11,SON,,artifacts/splits/US_loro_kdate_splits.json,artifacts/regions/US_region_masks.nc,US,US-R2,US-R5,US-R2,target_context,12,0,rootzone,analysis_rmse_sqrt_before_time_avg_latw,0.0037313602067408085,6075,1,0.037078857421875,hyperda_v4_final_2015_2025_context2022_query2023_2025_k0_4_12
forecast_only_latw_audit_US-R2,forecast_only_latw_audit_US-R2_forecast_only_10762,forecast_only,2022-11-06,10762,11,SON,,artifacts/splits/US_loro_kdate_splits.json,artifacts/regions/US_region_masks.nc,US,US-R2,US-R5,US-R2,target_context,12,0,rootzone,analysis_skill_vs_forecast_latw,0.0,6075,1,0.037078857421875,hyperda_v4_final_2015_2025_context2022_query2023_2025_k0_4_12
forecast_only_latw_audit_US-R2,forecast_only_latw_audit_US-R2_forecast_only_10762,forecast_only,2022-11-06,10762,11,SON,,artifacts/splits/US_loro_kdate_splits.json,artifacts/regions/US_region_masks.nc,US,US-R2,US-R5,US-R2,target_context,12,0,rootzone,increment_mse_latw,1.3923048992448807e-05,6075,1,0.037078857421875,hyperda_v4_final_2015_2025_context2022_query2023_2025_k0_4_12
forecast_only_latw_audit_US-R2,forecast_only_latw_audit_US-R2_forecast_only_10762,forecast_only,2022-11-06,10762,11,SON,,artifacts/splits/US_loro_kdate_splits.json,artifacts/regions/US_region_masks.nc,US,US-R2,US-R5,US-R2,target_context,12,0,rootzone,increment_rmse_latw,0.0037313602067408085,6075,1,0.037078857421875,hyperda_v4_final_2015_2025_context2022_query2023_2025_k0_4_12
forecast_only_latw_audit_US-R2,forecast_only_latw_audit_US-R2_forecast_only_10762,forecast_only,2022-11-06,10762,11,SON,,artifacts/splits/US_loro_kdate_splits.json,artifacts/regions/US_region_masks.nc,US,US-R2,US-R5,US-R2,target_context,12,0,rootzone,increment_rmse_sqrt_before_time_avg_latw,0.0037313602067408085,6075,1,0.037078857421875,hyperda_v4_final_2015_2025_context2022_query2023_2025_k0_4_12
forecast_only_latw_audit_US-R2,forecast_only_latw_audit_US-R2_forecast_only_10762,forecast_only,2022-11-06,10762,11,SON,,artifacts/splits/US_loro_kdate_splits.json,artifacts/regions/US_region_masks.nc,US,US-R2,US-R5,US-R2,target_context,12,0,rootzone,increment_mae_latw,0.002200967977768381,6075,1,0.037078857421875,hyperda_v4_final_2015_2025_context2022_query2023_2025_k0_4_12
forecast_only_latw_audit_US-R2,forecast_only_latw_audit_US-R2_forecast_only_10762,forecast_only,2022-11-06,10762,11,SON,,artifacts/splits/US_loro_kdate_splits.json,artifacts/regions/US_region_masks.nc,US,US-R2,US-R5,US-R2,target_context,12,0,rootzone,increment_bias_latw,-0.001737540239467835,6075,1,0.037078857421875,hyperda_v4_final_2015_2025_context2022_query2023_2025_k0_4_12
forecast_only_latw_audit_US-R2,forecast_only_latw_audit_US-R2_forecast_only_10762,forecast_only,2022-11-06,10762,11,SON,,artifacts/splits/US_loro_kdate_splits.json,artifacts/regions/US_region_masks.nc,US,US-R2,US-R5,US-R2,target_context,12,0,rootzone,increment_corr_latw,,6075,1,0.037078857421875,hyperda_v4_final_2015_2025_context2022_query2023_2025_k0_4_12
forecast_only_latw_audit_US-R2,forecast_only_latw_audit_US-R2_forecast_only_10884,forecast_only,2022-12-10,10884,12,DJF,,artifacts/splits/US_loro_kdate_splits.json,artifacts/regions/US_region_masks.nc,US,US-R2,US-R5,US-R2,target_context,12,0,surface,analysis_rmse,0.019811272011953592,6075,1,0.037078857421875,hyperda_v4_final_2015_2025_context2022_query2023_2025_k0_4_12
forecast_only_latw_audit_US-R2,forecast_only_latw_audit_US-R2_forecast_only_10884,forecast_only,2022-12-10,10884,12,DJF,,artifacts/splits/US_loro_kdate_splits.json,artifacts/regions/US_region_masks.nc,US,US-R2,US-R5,US-R2,target_context,12,0,surface,analysis_mae,0.011938703249787352,6075,1,0.037078857421875,hyperda_v4_final_2015_2025_context2022_query2023_2025_k0_4_12
forecast_only_latw_audit_US-R2,forecast_only_latw_audit_US-R2_forecast_only_10884,forecast_only,2022-12-10,10884,12,DJF,,artifacts/splits/US_loro_kdate_splits.json,artifacts/regions/US_region_masks.nc,US,US-R2,US-R5,US-R2,target_context,12,0,surface,analysis_skill_vs_forecast,0.0,6075,1,0.037078857421875,hyperda_v4_final_2015_2025_context2022_query2023_2025_k0_4_12
forecast_only_latw_audit_US-R2,forecast_only_latw_audit_US-R2_forecast_only_10884,forecast_only,2022-12-10,10884,12,DJF,,artifacts/splits/US_loro_kdate_splits.json,artifacts/regions/US_region_masks.nc,US,US-R2,US-R5,US-R2,target_context,12,0,surface,increment_rmse,0.019811272011953592,6075,1,0.037078857421875,hyperda_v4_final_2015_2025_context2022_query2023_2025_k0_4_12
forecast_only_latw_audit_US-R2,forecast_only_latw_audit_US-R2_forecast_only_10884,forecast_only,2022-12-10,10884,12,DJF,,artifacts/splits/US_loro_kdate_splits.json,artifacts/regions/US_region_masks.nc,US,US-R2,US-R5,US-R2,target_context,12,0,surface,increment_mae,0.011938703249787352,6075,1,0.037078857421875,hyperda_v4_final_2015_2025_context2022_query2023_2025_k0_4_12
forecast_only_latw_audit_US-R2,forecast_only_latw_audit_US-R2_forecast_only_10884,forecast_only,2022-12-10,10884,12,DJF,,artifacts/splits/US_loro_kdate_splits.json,artifacts/regions/US_region_masks.nc,US,US-R2,US-R5,US-R2,target_context,12,0,surface,increment_bias,-0.0022294312462578583,6075,1,0.037078857421875,hyperda_v4_final_2015_2025_context2022_query2023_2025_k0_4_12
forecast_only_latw_audit_US-R2,forecast_only_latw_audit_US-R2_forecast_only_10884,forecast_only,2022-12-10,10884,12,DJF,,artifacts/splits/US_loro_kdate_splits.json,artifacts/regions/US_region_masks.nc,US,US-R2,US-R5,US-R2,target_context,12,0,surface,increment_corr,,6075,1,0.037078857421875,hyperda_v4_final_2015_2025_context2022_query2023_2025_k0_4_12
forecast_only_latw_audit_US-R2,forecast_only_latw_audit_US-R2_forecast_only_10884,forecast_only,2022-12-10,10884,12,DJF,,artifacts/splits/US_loro_kdate_splits.json,artifacts/regions/US_region_masks.nc,US,US-R2,US-R5,US-R2,target_context,12,0,surface,sign_accuracy_deadzone,0.0,6075,1,0.037078857421875,hyperda_v4_final_2015_2025_context2022_query2023_2025_k0_4_12
forecast_only_latw_audit_US-R2,forecast_only_latw_audit_US-R2_forecast_only_10884,forecast_only,2022-12-10,10884,12,DJF,,artifacts/splits/US_loro_kdate_splits.json,artifacts/regions/US_region_masks.nc,US,US-R2,US-R5,US-R2,target_context,12,0,surface,high_update_increment_skill,0.0,6075,1,0.037078857421875,hyperda_v4_final_2015_2025_context2022_query2023_2025_k0_4_12
forecast_only_latw_audit_US-R2,forecast_only_latw_audit_US-R2_forecast_only_10884,forecast_only,2022-12-10,10884,12,DJF,,artifacts/splits/US_loro_kdate_splits.json,artifacts/regions/US_region_masks.nc,US,US-R2,US-R5,US-R2,target_context,12,0,surface,analysis_mse_latw,0.0003980534158786318,6075,1,0.037078857421875,hyperda_v4_final_2015_2025_context2022_query2023_2025_k0_4_12
forecast_only_latw_audit_US-R2,forecast_only_latw_audit_US-R2_forecast_only_10884,forecast_only,2022-12-10,10884,12,DJF,,artifacts/splits/US_loro_kdate_splits.json,artifacts/regions/US_region_masks.nc,US,US-R2,US-R5,US-R2,target_context,12,0,surface,analysis_rmse_latw,0.019951276046374374,6075,1,0.037078857421875,hyperda_v4_final_2015_2025_context2022_query2023_2025_k0_4_12
forecast_only_latw_audit_US-R2,forecast_only_latw_audit_US-R2_forecast_only_10884,forecast_only,2022-12-10,10884,12,DJF,,artifacts/splits/US_loro_kdate_splits.json,artifacts/regions/US_region_masks.nc,US,US-R2,US-R5,US-R2,target_context,12,0,surface,analysis_rmse_sqrt_before_time_avg_latw,0.019951276046374374,6075,1,0.037078857421875,hyperda_v4_final_2015_2025_context2022_query2023_2025_k0_4_12
forecast_only_latw_audit_US-R2,forecast_only_latw_audit_US-R2_forecast_only_10884,forecast_only,2022-12-10,10884,12,DJF,,artifacts/splits/US_loro_kdate_splits.json,artifacts/regions/US_region_masks.nc,US,US-R2,US-R5,US-R2,target_context,12,0,surface,analysis_skill_vs_forecast_latw,0.0,6075,1,0.037078857421875,hyperda_v4_final_2015_2025_context2022_query2023_2025_k0_4_12
forecast_only_latw_audit_US-R2,forecast_only_latw_audit_US-R2_forecast_only_10884,forecast_only,2022-12-10,10884,12,DJF,,artifacts/splits/US_loro_kdate_splits.json,artifacts/regions/US_region_masks.nc,US,US-R2,US-R5,US-R2,target_context,12,0,surface,increment_mse_latw,0.0003980534158786318,6075,1,0.037078857421875,hyperda_v4_final_2015_2025_context2022_query2023_2025_k0_4_12
forecast_only_latw_audit_US-R2,forecast_only_latw_audit_US-R2_forecast_only_10884,forecast_only,2022-12-10,10884,12,DJF,,artifacts/splits/US_loro_kdate_splits.json,artifacts/regions/US_region_masks.nc,US,US-R2,US-R5,US-R2,target_context,12,0,surface,increment_rmse_latw,0.019951276046374374,6075,1,0.037078857421875,hyperda_v4_final_2015_2025_context2022_query2023_2025_k0_4_12
forecast_only_latw_audit_US-R2,forecast_only_latw_audit_US-R2_forecast_only_10884,forecast_only,2022-12-10,10884,12,DJF,,artifacts/splits/US_loro_kdate_splits.json,artifacts/regions/US_region_masks.nc,US,US-R2,US-R5,US-R2,target_context,12,0,surface,increment_rmse_sqrt_before_time_avg_latw,0.019951276046374374,6075,1,0.037078857421875,hyperda_v4_final_2015_2025_context2022_query2023_2025_k0_4_12
forecast_only_latw_audit_US-R2,forecast_only_latw_audit_US-R2_forecast_only_10884,forecast_only,2022-12-10,10884,12,DJF,,artifacts/splits/US_loro_kdate_splits.json,artifacts/regions/US_region_masks.nc,US,US-R2,US-R5,US-R2,target_context,12,0,surface,increment_mae_latw,0.01203740412613685,6075,1,0.037078857421875,hyperda_v4_final_2015_2025_context2022_query2023_2025_k0_4_12
forecast_only_latw_audit_US-R2,forecast_only_latw_audit_US-R2_forecast_only_10884,forecast_only,2022-12-10,10884,12,DJF,,artifacts/splits/US_loro_kdate_splits.json,artifacts/regions/US_region_masks.nc,US,US-R2,US-R5,US-R2,target_context,12,0,surface,increment_bias_latw,-0.0024346565510596514,6075,1,0.037078857421875,hyperda_v4_final_2015_2025_context2022_query2023_2025_k0_4_12
forecast_only_latw_audit_US-R2,forecast_only_latw_audit_US-R2_forecast_only_10884,forecast_only,2022-12-10,10884,12,DJF,,artifacts/splits/US_loro_kdate_splits.json,artifacts/regions/US_region_masks.nc,US,US-R2,US-R5,US-R2,target_context,12,0,surface,increment_corr_latw,,6075,1,0.037078857421875,hyperda_v4_final_2015_2025_context2022_query2023_2025_k0_4_12
forecast_only_latw_audit_US-R2,forecast_only_latw_audit_US-R2_forecast_only_10884,forecast_only,2022-12-10,10884,12,DJF,,artifacts/splits/US_loro_kdate_splits.json,artifacts/regions/US_region_masks.nc,US,US-R2,US-R5,US-R2,target_context,12,0,rootzone,analysis_rmse,0.0014853385245220702,6075,1,0.037078857421875,hyperda_v4_final_2015_2025_context2022_query2023_2025_k0_4_12
forecast_only_latw_audit_US-R2,forecast_only_latw_audit_US-R2_forecast_only_10884,forecast_only,2022-12-10,10884,12,DJF,,artifacts/splits/US_loro_kdate_splits.json,artifacts/regions/US_region_masks.nc,US,US-R2,US-R5,US-R2,target_context,12,0,rootzone,analysis_mae,0.0008212459205416005,6075,1,0.037078857421875,hyperda_v4_final_2015_2025_context2022_query2023_2025_k0_4_12
forecast_only_latw_audit_US-R2,forecast_only_latw_audit_US-R2_forecast_only_10884,forecast_only,2022-12-10,10884,12,DJF,,artifacts/splits/US_loro_kdate_splits.json,artifacts/regions/US_region_masks.nc,US,US-R2,US-R5,US-R2,target_context,12,0,rootzone,analysis_skill_vs_forecast,0.0,6075,1,0.037078857421875,hyperda_v4_final_2015_2025_context2022_query2023_2025_k0_4_12
forecast_only_latw_audit_US-R2,forecast_only_latw_audit_US-R2_forecast_only_10884,forecast_only,2022-12-10,10884,12,DJF,,artifacts/splits/US_loro_kdate_splits.json,artifacts/regions/US_region_masks.nc,US,US-R2,US-R5,US-R2,target_context,12,0,rootzone,increment_rmse,0.0014853385245220702,6075,1,0.037078857421875,hyperda_v4_final_2015_2025_context2022_query2023_2025_k0_4_12
forecast_only_latw_audit_US-R2,forecast_only_latw_audit_US-R2_forecast_only_10884,forecast_only,2022-12-10,10884,12,DJF,,artifacts/splits/US_loro_kdate_splits.json,artifacts/regions/US_region_masks.nc,US,US-R2,US-R5,US-R2,target_context,12,0,rootzone,increment_mae,0.0008212459205416005,6075,1,0.037078857421875,hyperda_v4_final_2015_2025_context2022_query2023_2025_k0_4_12
forecast_only_latw_audit_US-R2,forecast_only_latw_audit_US-R2_forecast_only_10884,forecast_only,2022-12-10,10884,12,DJF,,artifacts/splits/US_loro_kdate_splits.json,artifacts/regions/US_region_masks.nc,US,US-R2,US-R5,US-R2,target_context,12,0,rootzone,increment_bias,-0.00028739906924129025,6075,1,0.037078857421875,hyperda_v4_final_2015_2025_context2022_query2023_2025_k0_4_12
forecast_only_latw_audit_US-R2,forecast_only_latw_audit_US-R2_forecast_only_10884,forecast_only,2022-12-10,10884,12,DJF,,artifacts/splits/US_loro_kdate_splits.json,artifacts/regions/US_region_masks.nc,US,US-R2,US-R5,US-R2,target_context,12,0,rootzone,increment_corr,,6075,1,0.037078857421875,hyperda_v4_final_2015_2025_context2022_query2023_2025_k0_4_12
forecast_only_latw_audit_US-R2,forecast_only_latw_audit_US-R2_forecast_only_10884,forecast_only,2022-12-10,10884,12,DJF,,artifacts/splits/US_loro_kdate_splits.json,artifacts/regions/US_region_masks.nc,US,US-R2,US-R5,US-R2,target_context,12,0,rootzone,sign_accuracy_deadzone,0.0,6075,1,0.037078857421875,hyperda_v4_final_2015_2025_context2022_query2023_2025_k0_4_12
forecast_only_latw_audit_US-R2,forecast_only_latw_audit_US-R2_forecast_only_10884,forecast_only,2022-12-10,10884,12,DJF,,artifacts/splits/US_loro_kdate_splits.json,artifacts/regions/US_region_masks.nc,US,US-R2,US-R5,US-R2,target_context,12,0,rootzone,high_update_increment_skill,0.0,6075,1,0.037078857421875,hyperda_v4_final_2015_2025_context2022_query2023_2025_k0_4_12
forecast_only_latw_audit_US-R2,forecast_only_latw_audit_US-R2_forecast_only_10884,forecast_only,2022-12-10,10884,12,DJF,,artifacts/splits/US_loro_kdate_splits.json,artifacts/regions/US_region_masks.nc,US,US-R2,US-R5,US-R2,target_context,12,0,rootzone,analysis_mse_latw,2.247404683414448e-06,6075,1,0.037078857421875,hyperda_v4_final_2015_2025_context2022_query2023_2025_k0_4_12
forecast_only_latw_audit_US-R2,forecast_only_latw_audit_US-R2_forecast_only_10884,forecast_only,2022-12-10,10884,12,DJF,,artifacts/splits/US_loro_kdate_splits.json,artifacts/regions/US_region_masks.nc,US,US-R2,US-R5,US-R2,target_context,12,0,rootzone,analysis_rmse_latw,0.001499134644858309,6075,1,0.037078857421875,hyperda_v4_final_2015_2025_context2022_query2023_2025_k0_4_12
forecast_only_latw_audit_US-R2,forecast_only_latw_audit_US-R2_forecast_only_10884,forecast_only,2022-12-10,10884,12,DJF,,artifacts/splits/US_loro_kdate_splits.json,artifacts/regions/US_region_masks.nc,US,US-R2,US-R5,US-R2,target_context,12,0,rootzone,analysis_rmse_sqrt_before_time_avg_latw,0.001499134644858309,6075,1,0.037078857421875,hyperda_v4_final_2015_2025_context2022_query2023_2025_k0_4_12
forecast_only_latw_audit_US-R2,forecast_only_latw_audit_US-R2_forecast_only_10884,forecast_only,2022-12-10,10884,12,DJF,,artifacts/splits/US_loro_kdate_splits.json,artifacts/regions/US_region_masks.nc,US,US-R2,US-R5,US-R2,target_context,12,0,rootzone,analysis_skill_vs_forecast_latw,0.0,6075,1,0.037078857421875,hyperda_v4_final_2015_2025_context2022_query2023_2025_k0_4_12
forecast_only_latw_audit_US-R2,forecast_only_latw_audit_US-R2_forecast_only_10884,forecast_only,2022-12-10,10884,12,DJF,,artifacts/splits/US_loro_kdate_splits.json,artifacts/regions/US_region_masks.nc,US,US-R2,US-R5,US-R2,target_context,12,0,rootzone,increment_mse_latw,2.247404683414448e-06,6075,1,0.037078857421875,hyperda_v4_final_2015_2025_context2022_query2023_2025_k0_4_12
forecast_only_latw_audit_US-R2,forecast_only_latw_audit_US-R2_forecast_only_10884,forecast_only,2022-12-10,10884,12,DJF,,artifacts/splits/US_loro_kdate_splits.json,artifacts/regions/US_region_masks.nc,US,US-R2,US-R5,US-R2,target_context,12,0,rootzone,increment_rmse_latw,0.001499134644858309,6075,1,0.037078857421875,hyperda_v4_final_2015_2025_context2022_query2023_2025_k0_4_12
forecast_only_latw_audit_US-R2,forecast_only_latw_audit_US-R2_forecast_only_10884,forecast_only,2022-12-10,10884,12,DJF,,artifacts/splits/US_loro_kdate_splits.json,artifacts/regions/US_region_masks.nc,US,US-R2,US-R5,US-R2,target_context,12,0,rootzone,increment_rmse_sqrt_before_time_avg_latw,0.001499134644858309,6075,1,0.037078857421875,hyperda_v4_final_2015_2025_context2022_query2023_2025_k0_4_12
forecast_only_latw_audit_US-R2,forecast_only_latw_audit_US-R2_forecast_only_10884,forecast_only,2022-12-10,10884,12,DJF,,artifacts/splits/US_loro_kdate_splits.json,artifacts/regions/US_region_masks.nc,US,US-R2,US-R5,US-R2,target_context,12,0,rootzone,increment_mae_latw,0.0008309078291790941,6075,1,0.037078857421875,hyperda_v4_final_2015_2025_context2022_query2023_2025_k0_4_12
forecast_only_latw_audit_US-R2,forecast_only_latw_audit_US-R2_forecast_only_10884,forecast_only,2022-12-10,10884,12,DJF,,artifacts/splits/US_loro_kdate_splits.json,artifacts/regions/US_region_masks.nc,US,US-R2,US-R5,US-R2,target_context,12,0,rootzone,increment_bias_latw,-0.0003020284562065047,6075,1,0.037078857421875,hyperda_v4_final_2015_2025_context2022_query2023_2025_k0_4_12
forecast_only_latw_audit_US-R2,forecast_only_latw_audit_US-R2_forecast_only_10884,forecast_only,2022-12-10,10884,12,DJF,,artifacts/splits/US_loro_kdate_splits.json,artifacts/regions/US_region_masks.nc,US,US-R2,US-R5,US-R2,target_context,12,0,rootzone,increment_corr_latw,,6075,1,0.037078857421875,hyperda_v4_final_2015_2025_context2022_query2023_2025_k0_4_12
forecast_only_latw_audit_US-R3,forecast_only_latw_audit_US-R3_forecast_only_9860,forecast_only,2022-02-13,9860,2,DJF,,artifacts/splits/US_loro_kdate_splits.json,artifacts/regions/US_region_masks.nc,US,US-R3,US-R5,US-R3,target_context,12,0,surface,analysis_rmse,0.013491922206866376,2666,1,0.01627197265625,hyperda_v4_final_2015_2025_context2022_query2023_2025_k0_4_12
forecast_only_latw_audit_US-R3,forecast_only_latw_audit_US-R3_forecast_only_9860,forecast_only,2022-02-13,9860,2,DJF,,artifacts/splits/US_loro_kdate_splits.json,artifacts/regions/US_region_masks.nc,US,US-R3,US-R5,US-R3,target_context,12,0,surface,analysis_mae,0.00873161968757627,2666,1,0.01627197265625,hyperda_v4_final_2015_2025_context2022_query2023_2025_k0_4_12
forecast_only_latw_audit_US-R3,forecast_only_latw_audit_US-R3_forecast_only_9860,forecast_only,2022-02-13,9860,2,DJF,,artifacts/splits/US_loro_kdate_splits.json,artifacts/regions/US_region_masks.nc,US,US-R3,US-R5,US-R3,target_context,12,0,surface,analysis_skill_vs_forecast,0.0,2666,1,0.01627197265625,hyperda_v4_final_2015_2025_context2022_query2023_2025_k0_4_12
forecast_only_latw_audit_US-R3,forecast_only_latw_audit_US-R3_forecast_only_9860,forecast_only,2022-02-13,9860,2,DJF,,artifacts/splits/US_loro_kdate_splits.json,artifacts/regions/US_region_masks.nc,US,US-R3,US-R5,US-R3,target_context,12,0,surface,increment_rmse,0.013491922206866376,2666,1,0.01627197265625,hyperda_v4_final_2015_2025_context2022_query2023_2025_k0_4_12
forecast_only_latw_audit_US-R3,forecast_only_latw_audit_US-R3_forecast_only_9860,forecast_only,2022-02-13,9860,2,DJF,,artifacts/splits/US_loro_kdate_splits.json,artifacts/regions/US_region_masks.nc,US,US-R3,US-R5,US-R3,target_context,12,0,surface,increment_mae,0.00873161968757627,2666,1,0.01627197265625,hyperda_v4_final_2015_2025_context2022_query2023_2025_k0_4_12
forecast_only_latw_audit_US-R3,forecast_only_latw_audit_US-R3_forecast_only_9860,forecast_only,2022-02-13,9860,2,DJF,,artifacts/splits/US_loro_kdate_splits.json,artifacts/regions/US_region_masks.nc,US,US-R3,US-R5,US-R3,target_context,12,0,surface,increment_bias,0.008571481469121537,2666,1,0.01627197265625,hyperda_v4_final_2015_2025_context2022_query2023_2025_k0_4_12
forecast_only_latw_audit_US-R3,forecast_only_latw_audit_US-R3_forecast_only_9860,forecast_only,2022-02-13,9860,2,DJF,,artifacts/splits/US_loro_kdate_splits.json,artifacts/regions/US_region_masks.nc,US,US-R3,US-R5,US-R3,target_context,12,0,surface,increment_corr,,2666,1,0.01627197265625,hyperda_v4_final_2015_2025_context2022_query2023_2025_k0_4_12
forecast_only_latw_audit_US-R3,forecast_only_latw_audit_US-R3_forecast_only_9860,forecast_only,2022-02-13,9860,2,DJF,,artifacts/splits/US_loro_kdate_splits.json,artifacts/regions/US_region_masks.nc,US,US-R3,US-R5,US-R3,target_context,12,0,surface,sign_accuracy_deadzone,0.0,2666,1,0.01627197265625,hyperda_v4_final_2015_2025_context2022_query2023_2025_k0_4_12
forecast_only_latw_audit_US-R3,forecast_only_latw_audit_US-R3_forecast_only_9860,forecast_only,2022-02-13,9860,2,DJF,,artifacts/splits/US_loro_kdate_splits.json,artifacts/regions/US_region_masks.nc,US,US-R3,US-R5,US-R3,target_context,12,0,surface,high_update_increment_skill,0.0,2666,1,0.01627197265625,hyperda_v4_final_2015_2025_context2022_query2023_2025_k0_4_12
forecast_only_latw_audit_US-R3,forecast_only_latw_audit_US-R3_forecast_only_9860,forecast_only,2022-02-13,9860,2,DJF,,artifacts/splits/US_loro_kdate_splits.json,artifacts/regions/US_region_masks.nc,US,US-R3,US-R5,US-R3,target_context,12,0,surface,analysis_mse_latw,0.00017975129873623805,2666,1,0.01627197265625,hyperda_v4_final_2015_2025_context2022_query2023_2025_k0_4_12
forecast_only_latw_audit_US-R3,forecast_only_latw_audit_US-R3_forecast_only_9860,forecast_only,2022-02-13,9860,2,DJF,,artifacts/splits/US_loro_kdate_splits.json,artifacts/regions/US_region_masks.nc,US,US-R3,US-R5,US-R3,target_context,12,0,surface,analysis_rmse_latw,0.013407136112393208,2666,1,0.01627197265625,hyperda_v4_final_2015_2025_context2022_query2023_2025_k0_4_12
forecast_only_latw_audit_US-R3,forecast_only_latw_audit_US-R3_forecast_only_9860,forecast_only,2022-02-13,9860,2,DJF,,artifacts/splits/US_loro_kdate_splits.json,artifacts/regions/US_region_masks.nc,US,US-R3,US-R5,US-R3,target_context,12,0,surface,analysis_rmse_sqrt_before_time_avg_latw,0.013407136112393208,2666,1,0.01627197265625,hyperda_v4_final_2015_2025_context2022_query2023_2025_k0_4_12
forecast_only_latw_audit_US-R3,forecast_only_latw_audit_US-R3_forecast_only_9860,forecast_only,2022-02-13,9860,2,DJF,,artifacts/splits/US_loro_kdate_splits.json,artifacts/regions/US_region_masks.nc,US,US-R3,US-R5,US-R3,target_context,12,0,surface,analysis_skill_vs_forecast_latw,0.0,2666,1,0.01627197265625,hyperda_v4_final_2015_2025_context2022_query2023_2025_k0_4_12
forecast_only_latw_audit_US-R3,forecast_only_latw_audit_US-R3_forecast_only_9860,forecast_only,2022-02-13,9860,2,DJF,,artifacts/splits/US_loro_kdate_splits.json,artifacts/regions/US_region_masks.nc,US,US-R3,US-R5,US-R3,target_context,12,0,surface,increment_mse_latw,0.00017975129873623805,2666,1,0.01627197265625,hyperda_v4_final_2015_2025_context2022_query2023_2025_k0_4_12
forecast_only_latw_audit_US-R3,forecast_only_latw_audit_US-R3_forecast_only_9860,forecast_only,2022-02-13,9860,2,DJF,,artifacts/splits/US_loro_kdate_splits.json,artifacts/regions/US_region_masks.nc,US,US-R3,US-R5,US-R3,target_context,12,0,surface,increment_rmse_latw,0.013407136112393208,2666,1,0.01627197265625,hyperda_v4_final_2015_2025_context2022_query2023_2025_k0_4_12
forecast_only_latw_audit_US-R3,forecast_only_latw_audit_US-R3_forecast_only_9860,forecast_only,2022-02-13,9860,2,DJF,,artifacts/splits/US_loro_kdate_splits.json,artifacts/regions/US_region_masks.nc,US,US-R3,US-R5,US-R3,target_context,12,0,surface,increment_rmse_sqrt_before_time_avg_latw,0.013407136112393208,2666,1,0.01627197265625,hyperda_v4_final_2015_2025_context2022_query2023_2025_k0_4_12
forecast_only_latw_audit_US-R3,forecast_only_latw_audit_US-R3_forecast_only_9860,forecast_only,2022-02-13,9860,2,DJF,,artifacts/splits/US_loro_kdate_splits.json,artifacts/regions/US_region_masks.nc,US,US-R3,US-R5,US-R3,target_context,12,0,surface,increment_mae_latw,0.008673945674131085,2666,1,0.01627197265625,hyperda_v4_final_2015_2025_context2022_query2023_2025_k0_4_12
forecast_only_latw_audit_US-R3,forecast_only_latw_audit_US-R3_forecast_only_9860,forecast_only,2022-02-13,9860,2,DJF,,artifacts/splits/US_loro_kdate_splits.json,artifacts/regions/US_region_masks.nc,US,US-R3,US-R5,US-R3,target_context,12,0,surface,increment_bias_latw,0.00851486793261054,2666,1,0.01627197265625,hyperda_v4_final_2015_2025_context2022_query2023_2025_k0_4_12
forecast_only_latw_audit_US-R3,forecast_only_latw_audit_US-R3_forecast_only_9860,forecast_only,2022-02-13,9860,2,DJF,,artifacts/splits/US_loro_kdate_splits.json,artifacts/regions/US_region_masks.nc,US,US-R3,US-R5,US-R3,target_context,12,0,surface,increment_corr_latw,,2666,1,0.01627197265625,hyperda_v4_final_2015_2025_context2022_query2023_2025_k0_4_12
forecast_only_latw_audit_US-R3,forecast_only_latw_audit_US-R3_forecast_only_9860,forecast_only,2022-02-13,9860,2,DJF,,artifacts/splits/US_loro_kdate_splits.json,artifacts/regions/US_region_masks.nc,US,US-R3,US-R5,US-R3,target_context,12,0,rootzone,analysis_rmse,0.0008917181180507275,2666,1,0.01627197265625,hyperda_v4_final_2015_2025_context2022_query2023_2025_k0_4_12
forecast_only_latw_audit_US-R3,forecast_only_latw_audit_US-R3_forecast_only_9860,forecast_only,2022-02-13,9860,2,DJF,,artifacts/splits/US_loro_kdate_splits.json,artifacts/regions/US_region_masks.nc,US,US-R3,US-R5,US-R3,target_context,12,0,rootzone,analysis_mae,0.0005461170512062217,2666,1,0.01627197265625,hyperda_v4_final_2015_2025_context2022_query2023_2025_k0_4_12
forecast_only_latw_audit_US-R3,forecast_only_latw_audit_US-R3_forecast_only_9860,forecast_only,2022-02-13,9860,2,DJF,,artifacts/splits/US_loro_kdate_splits.json,artifacts/regions/US_region_masks.nc,US,US-R3,US-R5,US-R3,target_context,12,0,rootzone,analysis_skill_vs_forecast,0.0,2666,1,0.01627197265625,hyperda_v4_final_2015_2025_context2022_query2023_2025_k0_4_12
forecast_only_latw_audit_US-R3,forecast_only_latw_audit_US-R3_forecast_only_9860,forecast_only,2022-02-13,9860,2,DJF,,artifacts/splits/US_loro_kdate_splits.json,artifacts/regions/US_region_masks.nc,US,US-R3,US-R5,US-R3,target_context,12,0,rootzone,increment_rmse,0.0008917181180507275,2666,1,0.01627197265625,hyperda_v4_final_2015_2025_context2022_query2023_2025_k0_4_12
forecast_only_latw_audit_US-R3,forecast_only_latw_audit_US-R3_forecast_only_9860,forecast_only,2022-02-13,9860,2,DJF,,artifacts/splits/US_loro_kdate_splits.json,artifacts/regions/US_region_masks.nc,US,US-R3,US-R5,US-R3,target_context,12,0,rootzone,increment_mae,0.0005461170512062217,2666,1,0.01627197265625,hyperda_v4_final_2015_2025_context2022_query2023_2025_k0_4_12
forecast_only_latw_audit_US-R3,forecast_only_latw_audit_US-R3_forecast_only_9860,forecast_only,2022-02-13,9860,2,DJF,,artifacts/splits/US_loro_kdate_splits.json,artifacts/regions/US_region_masks.nc,US,US-R3,US-R5,US-R3,target_context,12,0,rootzone,increment_bias,0.000528849852784898,2666,1,0.01627197265625,hyperda_v4_final_2015_2025_context2022_query2023_2025_k0_4_12
forecast_only_latw_audit_US-R3,forecast_only_latw_audit_US-R3_forecast_only_9860,forecast_only,2022-02-13,9860,2,DJF,,artifacts/splits/US_loro_kdate_splits.json,artifacts/regions/US_region_masks.nc,US,US-R3,US-R5,US-R3,target_context,12,0,rootzone,increment_corr,,2666,1,0.01627197265625,hyperda_v4_final_2015_2025_context2022_query2023_2025_k0_4_12
forecast_only_latw_audit_US-R3,forecast_only_latw_audit_US-R3_forecast_only_9860,forecast_only,2022-02-13,9860,2,DJF,,artifacts/splits/US_loro_kdate_splits.json,artifacts/regions/US_region_masks.nc,US,US-R3,US-R5,US-R3,target_context,12,0,rootzone,sign_accuracy_deadzone,0.0,2666,1,0.01627197265625,hyperda_v4_final_2015_2025_context2022_query2023_2025_k0_4_12
forecast_only_latw_audit_US-R3,forecast_only_latw_audit_US-R3_forecast_only_9860,forecast_only,2022-02-13,9860,2,DJF,,artifacts/splits/US_loro_kdate_splits.json,artifacts/regions/US_region_masks.nc,US,US-R3,US-R5,US-R3,target_context,12,0,rootzone,high_update_increment_skill,0.0,2666,1,0.01627197265625,hyperda_v4_final_2015_2025_context2022_query2023_2025_k0_4_12
forecast_only_latw_audit_US-R3,forecast_only_latw_audit_US-R3_forecast_only_9860,forecast_only,2022-02-13,9860,2,DJF,,artifacts/splits/US_loro_kdate_splits.json,artifacts/regions/US_region_masks.nc,US,US-R3,US-R5,US-R3,target_context,12,0,rootzone,analysis_mse_latw,7.858750270098506e-07,2666,1,0.01627197265625,hyperda_v4_final_2015_2025_context2022_query2023_2025_k0_4_12
forecast_only_latw_audit_US-R3,forecast_only_latw_audit_US-R3_forecast_only_9860,forecast_only,2022-02-13,9860,2,DJF,,artifacts/splits/US_loro_kdate_splits.json,artifacts/regions/US_region_masks.nc,US,US-R3,US-R5,US-R3,target_context,12,0,rootzone,analysis_rmse_latw,0.0008864959261101264,2666,1,0.01627197265625,hyperda_v4_final_2015_2025_context2022_query2023_2025_k0_4_12
forecast_only_latw_audit_US-R3,forecast_only_latw_audit_US-R3_forecast_only_9860,forecast_only,2022-02-13,9860,2,DJF,,artifacts/splits/US_loro_kdate_splits.json,artifacts/regions/US_region_masks.nc,US,US-R3,US-R5,US-R3,target_context,12,0,rootzone,analysis_rmse_sqrt_before_time_avg_latw,0.0008864959261101264,2666,1,0.01627197265625,hyperda_v4_final_2015_2025_context2022_query2023_2025_k0_4_12
forecast_only_latw_audit_US-R3,forecast_only_latw_audit_US-R3_forecast_only_9860,forecast_only,2022-02-13,9860,2,DJF,,artifacts/splits/US_loro_kdate_splits.json,artifacts/regions/US_region_masks.nc,US,US-R3,US-R5,US-R3,target_context,12,0,rootzone,analysis_skill_vs_forecast_latw,0.0,2666,1,0.01627197265625,hyperda_v4_final_2015_2025_context2022_query2023_2025_k0_4_12
forecast_only_latw_audit_US-R3,forecast_only_latw_audit_US-R3_forecast_only_9860,forecast_only,2022-02-13,9860,2,DJF,,artifacts/splits/US_loro_kdate_splits.json,artifacts/regions/US_region_masks.nc,US,US-R3,US-R5,US-R3,target_context,12,0,rootzone,increment_mse_latw,7.858750270098506e-07,2666,1,0.01627197265625,hyperda_v4_final_2015_2025_context2022_query2023_2025_k0_4_12
forecast_only_latw_audit_US-R3,forecast_only_latw_audit_US-R3_forecast_only_9860,forecast_only,2022-02-13,9860,2,DJF,,artifacts/splits/US_loro_kdate_splits.json,artifacts/regions/US_region_masks.nc,US,US-R3,US-R5,US-R3,target_context,12,0,rootzone,increment_rmse_latw,0.0008864959261101264,2666,1,0.01627197265625,hyperda_v4_final_2015_2025_context2022_query2023_2025_k0_4_12
forecast_only_latw_audit_US-R3,forecast_only_latw_audit_US-R3_forecast_only_9860,forecast_only,2022-02-13,9860,2,DJF,,artifacts/splits/US_loro_kdate_splits.json,artifacts/regions/US_region_masks.nc,US,US-R3,US-R5,US-R3,target_context,12,0,rootzone,increment_rmse_sqrt_before_time_avg_latw,0.0008864959261101264,2666,1,0.01627197265625,hyperda_v4_final_2015_2025_context2022_query2023_2025_k0_4_12
forecast_only_latw_audit_US-R3,forecast_only_latw_audit_US-R3_forecast_only_9860,forecast_only,2022-02-13,9860,2,DJF,,artifacts/splits/US_loro_kdate_splits.json,artifacts/regions/US_region_masks.nc,US,US-R3,US-R5,US-R3,target_context,12,0,rootzone,increment_mae_latw,0.0005421316320987862,2666,1,0.01627197265625,hyperda_v4_final_2015_2025_context2022_query2023_2025_k0_4_12
forecast_only_latw_audit_US-R3,forecast_only_latw_audit_US-R3_forecast_only_9860,forecast_only,2022-02-13,9860,2,DJF,,artifacts/splits/US_loro_kdate_splits.json,artifacts/regions/US_region_masks.nc,US,US-R3,US-R5,US-R3,target_context,12,0,rootzone,increment_bias_latw,0.0005249305787317375,2666,1,0.01627197265625,hyperda_v4_final_2015_2025_context2022_query2023_2025_k0_4_12
forecast_only_latw_audit_US-R3,forecast_only_latw_audit_US-R3_forecast_only_9860,forecast_only,2022-02-13,9860,2,DJF,,artifacts/splits/US_loro_kdate_splits.json,artifacts/regions/US_region_masks.nc,US,US-R3,US-R5,US-R3,target_context,12,0,rootzone,increment_corr_latw,,2666,1,0.01627197265625,hyperda_v4_final_2015_2025_context2022_query2023_2025_k0_4_12
forecast_only_latw_audit_US-R3,forecast_only_latw_audit_US-R3_forecast_only_10007,forecast_only,2022-03-25,10007,3,MAM,,artifacts/splits/US_loro_kdate_splits.json,artifacts/regions/US_region_masks.nc,US,US-R3,US-R5,US-R3,target_context,12,0,surface,analysis_rmse,0.0072509092825198684,2666,1,0.01627197265625,hyperda_v4_final_2015_2025_context2022_query2023_2025_k0_4_12
forecast_only_latw_audit_US-R3,forecast_only_latw_audit_US-R3_forecast_only_10007,forecast_only,2022-03-25,10007,3,MAM,,artifacts/splits/US_loro_kdate_splits.json,artifacts/regions/US_region_masks.nc,US,US-R3,US-R5,US-R3,target_context,12,0,surface,analysis_mae,0.004988032498656138,2666,1,0.01627197265625,hyperda_v4_final_2015_2025_context2022_query2023_2025_k0_4_12
forecast_only_latw_audit_US-R3,forecast_only_latw_audit_US-R3_forecast_only_10007,forecast_only,2022-03-25,10007,3,MAM,,artifacts/splits/US_loro_kdate_splits.json,artifacts/regions/US_region_masks.nc,US,US-R3,US-R5,US-R3,target_context,12,0,surface,analysis_skill_vs_forecast,0.0,2666,1,0.01627197265625,hyperda_v4_final_2015_2025_context2022_query2023_2025_k0_4_12
forecast_only_latw_audit_US-R3,forecast_only_latw_audit_US-R3_forecast_only_10007,forecast_only,2022-03-25,10007,3,MAM,,artifacts/splits/US_loro_kdate_splits.json,artifacts/regions/US_region_masks.nc,US,US-R3,US-R5,US-R3,target_context,12,0,surface,increment_rmse,0.0072509092825198684,2666,1,0.01627197265625,hyperda_v4_final_2015_2025_context2022_query2023_2025_k0_4_12
forecast_only_latw_audit_US-R3,forecast_only_latw_audit_US-R3_forecast_only_10007,forecast_only,2022-03-25,10007,3,MAM,,artifacts/splits/US_loro_kdate_splits.json,artifacts/regions/US_region_masks.nc,US,US-R3,US-R5,US-R3,target_context,12,0,surface,increment_mae,0.004988032498656138,2666,1,0.01627197265625,hyperda_v4_final_2015_2025_context2022_query2023_2025_k0_4_12
forecast_only_latw_audit_US-R3,forecast_only_latw_audit_US-R3_forecast_only_10007,forecast_only,2022-03-25,10007,3,MAM,,artifacts/splits/US_loro_kdate_splits.json,artifacts/regions/US_region_masks.nc,US,US-R3,US-R5,US-R3,target_context,12,0,surface,increment_bias,0.0026021566135782277,2666,1,0.01627197265625,hyperda_v4_final_2015_2025_context2022_query2023_2025_k0_4_12
forecast_only_latw_audit_US-R3,forecast_only_latw_audit_US-R3_forecast_only_10007,forecast_only,2022-03-25,10007,3,MAM,,artifacts/splits/US_loro_kdate_splits.json,artifacts/regions/US_region_masks.nc,US,US-R3,US-R5,US-R3,target_context,12,0,surface,increment_corr,,2666,1,0.01627197265625,hyperda_v4_final_2015_2025_context2022_query2023_2025_k0_4_12
forecast_only_latw_audit_US-R3,forecast_only_latw_audit_US-R3_forecast_only_10007,forecast_only,2022-03-25,10007,3,MAM,,artifacts/splits/US_loro_kdate_splits.json,artifacts/regions/US_region_masks.nc,US,US-R3,US-R5,US-R3,target_context,12,0,surface,sign_accuracy_deadzone,0.0,2666,1,0.01627197265625,hyperda_v4_final_2015_2025_context2022_query2023_2025_k0_4_12
forecast_only_latw_audit_US-R3,forecast_only_latw_audit_US-R3_forecast_only_10007,forecast_only,2022-03-25,10007,3,MAM,,artifacts/splits/US_loro_kdate_splits.json,artifacts/regions/US_region_masks.nc,US,US-R3,US-R5,US-R3,target_context,12,0,surface,high_update_increment_skill,0.0,2666,1,0.01627197265625,hyperda_v4_final_2015_2025_context2022_query2023_2025_k0_4_12
forecast_only_latw_audit_US-R3,forecast_only_latw_audit_US-R3_forecast_only_10007,forecast_only,2022-03-25,10007,3,MAM,,artifacts/splits/US_loro_kdate_splits.json,artifacts/regions/US_region_masks.nc,US,US-R3,US-R5,US-R3,target_context,12,0,surface,analysis_mse_latw,5.217599316778473e-05,2666,1,0.01627197265625,hyperda_v4_final_2015_2025_context2022_query2023_2025_k0_4_12
forecast_only_latw_audit_US-R3,forecast_only_latw_audit_US-R3_forecast_only_10007,forecast_only,2022-03-25,10007,3,MAM,,artifacts/splits/US_loro_kdate_splits.json,artifacts/regions/US_region_masks.nc,US,US-R3,US-R5,US-R3,target_context,12,0,surface,analysis_rmse_latw,0.00722329517379601,2666,1,0.01627197265625,hyperda_v4_final_2015_2025_context2022_query2023_2025_k0_4_12
forecast_only_latw_audit_US-R3,forecast_only_latw_audit_US-R3_forecast_only_10007,forecast_only,2022-03-25,10007,3,MAM,,artifacts/splits/US_loro_kdate_splits.json,artifacts/regions/US_region_masks.nc,US,US-R3,US-R5,US-R3,target_context,12,0,surface,analysis_rmse_sqrt_before_time_avg_latw,0.00722329517379601,2666,1,0.01627197265625,hyperda_v4_final_2015_2025_context2022_query2023_2025_k0_4_12
forecast_only_latw_audit_US-R3,forecast_only_latw_audit_US-R3_forecast_only_10007,forecast_only,2022-03-25,10007,3,MAM,,artifacts/splits/US_loro_kdate_splits.json,artifacts/regions/US_region_masks.nc,US,US-R3,US-R5,US-R3,target_context,12,0,surface,analysis_skill_vs_forecast_latw,0.0,2666,1,0.01627197265625,hyperda_v4_final_2015_2025_context2022_query2023_2025_k0_4_12
forecast_only_latw_audit_US-R3,forecast_only_latw_audit_US-R3_forecast_only_10007,forecast_only,2022-03-25,10007,3,MAM,,artifacts/splits/US_loro_kdate_splits.json,artifacts/regions/US_region_masks.nc,US,US-R3,US-R5,US-R3,target_context,12,0,surface,increment_mse_latw,5.217599316778473e-05,2666,1,0.01627197265625,hyperda_v4_final_2015_2025_context2022_query2023_2025_k0_4_12
forecast_only_latw_audit_US-R3,forecast_only_latw_audit_US-R3_forecast_only_10007,forecast_only,2022-03-25,10007,3,MAM,,artifacts/splits/US_loro_kdate_splits.json,artifacts/regions/US_region_masks.nc,US,US-R3,US-R5,US-R3,target_context,12,0,surface,increment_rmse_latw,0.00722329517379601,2666,1,0.01627197265625,hyperda_v4_final_2015_2025_context2022_query2023_2025_k0_4_12
forecast_only_latw_audit_US-R3,forecast_only_latw_audit_US-R3_forecast_only_10007,forecast_only,2022-03-25,10007,3,MAM,,artifacts/splits/US_loro_kdate_splits.json,artifacts/regions/US_region_masks.nc,US,US-R3,US-R5,US-R3,target_context,12,0,surface,increment_rmse_sqrt_before_time_avg_latw,0.00722329517379601,2666,1,0.01627197265625,hyperda_v4_final_2015_2025_context2022_query2023_2025_k0_4_12
forecast_only_latw_audit_US-R3,forecast_only_latw_audit_US-R3_forecast_only_10007,forecast_only,2022-03-25,10007,3,MAM,,artifacts/splits/US_loro_kdate_splits.json,artifacts/regions/US_region_masks.nc,US,US-R3,US-R5,US-R3,target_context,12,0,surface,increment_mae_latw,0.004962406605683422,2666,1,0.01627197265625,hyperda_v4_final_2015_2025_context2022_query2023_2025_k0_4_12
forecast_only_latw_audit_US-R3,forecast_only_latw_audit_US-R3_forecast_only_10007,forecast_only,2022-03-25,10007,3,MAM,,artifacts/splits/US_loro_kdate_splits.json,artifacts/regions/US_region_masks.nc,US,US-R3,US-R5,US-R3,target_context,12,0,surface,increment_bias_latw,0.002601643301005033,2666,1,0.01627197265625,hyperda_v4_final_2015_2025_context2022_query2023_2025_k0_4_12
forecast_only_latw_audit_US-R3,forecast_only_latw_audit_US-R3_forecast_only_10007,forecast_only,2022-03-25,10007,3,MAM,,artifacts/splits/US_loro_kdate_splits.json,artifacts/regions/US_region_masks.nc,US,US-R3,US-R5,US-R3,target_context,12,0,surface,increment_corr_latw,,2666,1,0.01627197265625,hyperda_v4_final_2015_2025_context2022_query2023_2025_k0_4_12
forecast_only_latw_audit_US-R3,forecast_only_latw_audit_US-R3_forecast_only_10007,forecast_only,2022-03-25,10007,3,MAM,,artifacts/splits/US_loro_kdate_splits.json,artifacts/regions/US_region_masks.nc,US,US-R3,US-R5,US-R3,target_context,12,0,rootzone,analysis_rmse,0.00043103624675837847,2666,1,0.01627197265625,hyperda_v4_final_2015_2025_context2022_query2023_2025_k0_4_12
forecast_only_latw_audit_US-R3,forecast_only_latw_audit_US-R3_forecast_only_10007,forecast_only,2022-03-25,10007,3,MAM,,artifacts/splits/US_loro_kdate_splits.json,artifacts/regions/US_region_masks.nc,US,US-R3,US-R5,US-R3,target_context,12,0,rootzone,analysis_mae,0.00029289757026623535,2666,1,0.01627197265625,hyperda_v4_final_2015_2025_context2022_query2023_2025_k0_4_12
forecast_only_latw_audit_US-R3,forecast_only_latw_audit_US-R3_forecast_only_10007,forecast_only,2022-03-25,10007,3,MAM,,artifacts/splits/US_loro_kdate_splits.json,artifacts/regions/US_region_masks.nc,US,US-R3,US-R5,US-R3,target_context,12,0,rootzone,analysis_skill_vs_forecast,0.0,2666,1,0.01627197265625,hyperda_v4_final_2015_2025_context2022_query2023_2025_k0_4_12
forecast_only_latw_audit_US-R3,forecast_only_latw_audit_US-R3_forecast_only_10007,forecast_only,2022-03-25,10007,3,MAM,,artifacts/splits/US_loro_kdate_splits.json,artifacts/regions/US_region_masks.nc,US,US-R3,US-R5,US-R3,target_context,12,0,rootzone,increment_rmse,0.00043103624675837847,2666,1,0.01627197265625,hyperda_v4_final_2015_2025_context2022_query2023_2025_k0_4_12
forecast_only_latw_audit_US-R3,forecast_only_latw_audit_US-R3_forecast_only_10007,forecast_only,2022-03-25,10007,3,MAM,,artifacts/splits/US_loro_kdate_splits.json,artifacts/regions/US_region_masks.nc,US,US-R3,US-R5,US-R3,target_context,12,0,rootzone,increment_mae,0.00029289757026623535,2666,1,0.01627197265625,hyperda_v4_final_2015_2025_context2022_query2023_2025_k0_4_12
forecast_only_latw_audit_US-R3,forecast_only_latw_audit_US-R3_forecast_only_10007,forecast_only,2022-03-25,10007,3,MAM,,artifacts/splits/US_loro_kdate_splits.json,artifacts/regions/US_region_masks.nc,US,US-R3,US-R5,US-R3,target_context,12,0,rootzone,increment_bias,0.00012851764908408368,2666,1,0.01627197265625,hyperda_v4_final_2015_2025_context2022_query2023_2025_k0_4_12
forecast_only_latw_audit_US-R3,forecast_only_latw_audit_US-R3_forecast_only_10007,forecast_only,2022-03-25,10007,3,MAM,,artifacts/splits/US_loro_kdate_splits.json,artifacts/regions/US_region_masks.nc,US,US-R3,US-R5,US-R3,target_context,12,0,rootzone,increment_corr,,2666,1,0.01627197265625,hyperda_v4_final_2015_2025_context2022_query2023_2025_k0_4_12
forecast_only_latw_audit_US-R3,forecast_only_latw_audit_US-R3_forecast_only_10007,forecast_only,2022-03-25,10007,3,MAM,,artifacts/splits/US_loro_kdate_splits.json,artifacts/regions/US_region_masks.nc,US,US-R3,US-R5,US-R3,target_context,12,0,rootzone,sign_accuracy_deadzone,,2666,1,0.01627197265625,hyperda_v4_final_2015_2025_context2022_query2023_2025_k0_4_12
forecast_only_latw_audit_US-R3,forecast_only_latw_audit_US-R3_forecast_only_10007,forecast_only,2022-03-25,10007,3,MAM,,artifacts/splits/US_loro_kdate_splits.json,artifacts/regions/US_region_masks.nc,US,US-R3,US-R5,US-R3,target_context,12,0,rootzone,high_update_increment_skill,0.0,2666,1,0.01627197265625,hyperda_v4_final_2015_2025_context2022_query2023_2025_k0_4_12
forecast_only_latw_audit_US-R3,forecast_only_latw_audit_US-R3_forecast_only_10007,forecast_only,2022-03-25,10007,3,MAM,,artifacts/splits/US_loro_kdate_splits.json,artifacts/regions/US_region_masks.nc,US,US-R3,US-R5,US-R3,target_context,12,0,rootzone,analysis_mse_latw,1.8415087439349576e-07,2666,1,0.01627197265625,hyperda_v4_final_2015_2025_context2022_query2023_2025_k0_4_12
forecast_only_latw_audit_US-R3,forecast_only_latw_audit_US-R3_forecast_only_10007,forecast_only,2022-03-25,10007,3,MAM,,artifacts/splits/US_loro_kdate_splits.json,artifacts/regions/US_region_masks.nc,US,US-R3,US-R5,US-R3,target_context,12,0,rootzone,analysis_rmse_latw,0.0004291280396262819,2666,1,0.01627197265625,hyperda_v4_final_2015_2025_context2022_query2023_2025_k0_4_12
forecast_only_latw_audit_US-R3,forecast_only_latw_audit_US-R3_forecast_only_10007,forecast_only,2022-03-25,10007,3,MAM,,artifacts/splits/US_loro_kdate_splits.json,artifacts/regions/US_region_masks.nc,US,US-R3,US-R5,US-R3,target_context,12,0,rootzone,analysis_rmse_sqrt_before_time_avg_latw,0.0004291280396262819,2666,1,0.01627197265625,hyperda_v4_final_2015_2025_context2022_query2023_2025_k0_4_12
forecast_only_latw_audit_US-R3,forecast_only_latw_audit_US-R3_forecast_only_10007,forecast_only,2022-03-25,10007,3,MAM,,artifacts/splits/US_loro_kdate_splits.json,artifacts/regions/US_region_masks.nc,US,US-R3,US-R5,US-R3,target_context,12,0,rootzone,analysis_skill_vs_forecast_latw,0.0,2666,1,0.01627197265625,hyperda_v4_final_2015_2025_context2022_query2023_2025_k0_4_12
forecast_only_latw_audit_US-R3,forecast_only_latw_audit_US-R3_forecast_only_10007,forecast_only,2022-03-25,10007,3,MAM,,artifacts/splits/US_loro_kdate_splits.json,artifacts/regions/US_region_masks.nc,US,US-R3,US-R5,US-R3,target_context,12,0,rootzone,increment_mse_latw,1.8415087439349576e-07,2666,1,0.01627197265625,hyperda_v4_final_2015_2025_context2022_query2023_2025_k0_4_12
forecast_only_latw_audit_US-R3,forecast_only_latw_audit_US-R3_forecast_only_10007,forecast_only,2022-03-25,10007,3,MAM,,artifacts/splits/US_loro_kdate_splits.json,artifacts/regions/US_region_masks.nc,US,US-R3,US-R5,US-R3,target_context,12,0,rootzone,increment_rmse_latw,0.0004291280396262819,2666,1,0.01627197265625,hyperda_v4_final_2015_2025_context2022_query2023_2025_k0_4_12
forecast_only_latw_audit_US-R3,forecast_only_latw_audit_US-R3_forecast_only_10007,forecast_only,2022-03-25,10007,3,MAM,,artifacts/splits/US_loro_kdate_splits.json,artifacts/regions/US_region_masks.nc,US,US-R3,US-R5,US-R3,target_context,12,0,rootzone,increment_rmse_sqrt_before_time_avg_latw,0.0004291280396262819,2666,1,0.01627197265625,hyperda_v4_final_2015_2025_context2022_query2023_2025_k0_4_12
forecast_only_latw_audit_US-R3,forecast_only_latw_audit_US-R3_forecast_only_10007,forecast_only,2022-03-25,10007,3,MAM,,artifacts/splits/US_loro_kdate_splits.json,artifacts/regions/US_region_masks.nc,US,US-R3,US-R5,US-R3,target_context,12,0,rootzone,increment_mae_latw,0.000291193207426533,2666,1,0.01627197265625,hyperda_v4_final_2015_2025_context2022_query2023_2025_k0_4_12
forecast_only_latw_audit_US-R3,forecast_only_latw_audit_US-R3_forecast_only_10007,forecast_only,2022-03-25,10007,3,MAM,,artifacts/splits/US_loro_kdate_splits.json,artifacts/regions/US_region_masks.nc,US,US-R3,US-R5,US-R3,target_context,12,0,rootzone,increment_bias_latw,0.00012856559948758173,2666,1,0.01627197265625,hyperda_v4_final_2015_2025_context2022_query2023_2025_k0_4_12
forecast_only_latw_audit_US-R3,forecast_only_latw_audit_US-R3_forecast_only_10007,forecast_only,2022-03-25,10007,3,MAM,,artifacts/splits/US_loro_kdate_splits.json,artifacts/regions/US_region_masks.nc,US,US-R3,US-R5,US-R3,target_context,12,0,rootzone,increment_corr_latw,,2666,1,0.01627197265625,hyperda_v4_final_2015_2025_context2022_query2023_2025_k0_4_12
forecast_only_latw_audit_US-R3,forecast_only_latw_audit_US-R3_forecast_only_10037,forecast_only,2022-04-02,10037,4,MAM,,artifacts/splits/US_loro_kdate_splits.json,artifacts/regions/US_region_masks.nc,US,US-R3,US-R5,US-R3,target_context,12,0,surface,analysis_rmse,0.0083298596982246,2666,1,0.01627197265625,hyperda_v4_final_2015_2025_context2022_query2023_2025_k0_4_12
forecast_only_latw_audit_US-R3,forecast_only_latw_audit_US-R3_forecast_only_10037,forecast_only,2022-04-02,10037,4,MAM,,artifacts/splits/US_loro_kdate_splits.json,artifacts/regions/US_region_masks.nc,US,US-R3,US-R5,US-R3,target_context,12,0,surface,analysis_mae,0.005548148068745424,2666,1,0.01627197265625,hyperda_v4_final_2015_2025_context2022_query2023_2025_k0_4_12
forecast_only_latw_audit_US-R3,forecast_only_latw_audit_US-R3_forecast_only_10037,forecast_only,2022-04-02,10037,4,MAM,,artifacts/splits/US_loro_kdate_splits.json,artifacts/regions/US_region_masks.nc,US,US-R3,US-R5,US-R3,target_context,12,0,surface,analysis_skill_vs_forecast,0.0,2666,1,0.01627197265625,hyperda_v4_final_2015_2025_context2022_query2023_2025_k0_4_12
forecast_only_latw_audit_US-R3,forecast_only_latw_audit_US-R3_forecast_only_10037,forecast_only,2022-04-02,10037,4,MAM,,artifacts/splits/US_loro_kdate_splits.json,artifacts/regions/US_region_masks.nc,US,US-R3,US-R5,US-R3,target_context,12,0,surface,increment_rmse,0.0083298596982246,2666,1,0.01627197265625,hyperda_v4_final_2015_2025_context2022_query2023_2025_k0_4_12
forecast_only_latw_audit_US-R3,forecast_only_latw_audit_US-R3_forecast_only_10037,forecast_only,2022-04-02,10037,4,MAM,,artifacts/splits/US_loro_kdate_splits.json,artifacts/regions/US_region_masks.nc,US,US-R3,US-R5,US-R3,target_context,12,0,surface,increment_mae,0.005548148068745424,2666,1,0.01627197265625,hyperda_v4_final_2015_2025_context2022_query2023_2025_k0_4_12
forecast_only_latw_audit_US-R3,forecast_only_latw_audit_US-R3_forecast_only_10037,forecast_only,2022-04-02,10037,4,MAM,,artifacts/splits/US_loro_kdate_splits.json,artifacts/regions/US_region_masks.nc,US,US-R3,US-R5,US-R3,target_context,12,0,surface,increment_bias,0.0008253076945872389,2666,1,0.01627197265625,hyperda_v4_final_2015_2025_context2022_query2023_2025_k0_4_12
forecast_only_latw_audit_US-R3,forecast_only_latw_audit_US-R3_forecast_only_10037,forecast_only,2022-04-02,10037,4,MAM,,artifacts/splits/US_loro_kdate_splits.json,artifacts/regions/US_region_masks.nc,US,US-R3,US-R5,US-R3,target_context,12,0,surface,increment_corr,,2666,1,0.01627197265625,hyperda_v4_final_2015_2025_context2022_query2023_2025_k0_4_12
forecast_only_latw_audit_US-R3,forecast_only_latw_audit_US-R3_forecast_only_10037,forecast_only,2022-04-02,10037,4,MAM,,artifacts/splits/US_loro_kdate_splits.json,artifacts/regions/US_region_masks.nc,US,US-R3,US-R5,US-R3,target_context,12,0,surface,sign_accuracy_deadzone,0.0,2666,1,0.01627197265625,hyperda_v4_final_2015_2025_context2022_query2023_2025_k0_4_12
forecast_only_latw_audit_US-R3,forecast_only_latw_audit_US-R3_forecast_only_10037,forecast_only,2022-04-02,10037,4,MAM,,artifacts/splits/US_loro_kdate_splits.json,artifacts/regions/US_region_masks.nc,US,US-R3,US-R5,US-R3,target_context,12,0,surface,high_update_increment_skill,0.0,2666,1,0.01627197265625,hyperda_v4_final_2015_2025_context2022_query2023_2025_k0_4_12
forecast_only_latw_audit_US-R3,forecast_only_latw_audit_US-R3_forecast_only_10037,forecast_only,2022-04-02,10037,4,MAM,,artifacts/splits/US_loro_kdate_splits.json,artifacts/regions/US_region_masks.nc,US,US-R3,US-R5,US-R3,target_context,12,0,surface,analysis_mse_latw,6.870806137368949e-05,2666,1,0.01627197265625,hyperda_v4_final_2015_2025_context2022_query2023_2025_k0_4_12
forecast_only_latw_audit_US-R3,forecast_only_latw_audit_US-R3_forecast_only_10037,forecast_only,2022-04-02,10037,4,MAM,,artifacts/splits/US_loro_kdate_splits.json,artifacts/regions/US_region_masks.nc,US,US-R3,US-R5,US-R3,target_context,12,0,surface,analysis_rmse_latw,0.0082890325957671,2666,1,0.01627197265625,hyperda_v4_final_2015_2025_context2022_query2023_2025_k0_4_12
forecast_only_latw_audit_US-R3,forecast_only_latw_audit_US-R3_forecast_only_10037,forecast_only,2022-04-02,10037,4,MAM,,artifacts/splits/US_loro_kdate_splits.json,artifacts/regions/US_region_masks.nc,US,US-R3,US-R5,US-R3,target_context,12,0,surface,analysis_rmse_sqrt_before_time_avg_latw,0.0082890325957671,2666,1,0.01627197265625,hyperda_v4_final_2015_2025_context2022_query2023_2025_k0_4_12
forecast_only_latw_audit_US-R3,forecast_only_latw_audit_US-R3_forecast_only_10037,forecast_only,2022-04-02,10037,4,MAM,,artifacts/splits/US_loro_kdate_splits.json,artifacts/regions/US_region_masks.nc,US,US-R3,US-R5,US-R3,target_context,12,0,surface,analysis_skill_vs_forecast_latw,0.0,2666,1,0.01627197265625,hyperda_v4_final_2015_2025_context2022_query2023_2025_k0_4_12
forecast_only_latw_audit_US-R3,forecast_only_latw_audit_US-R3_forecast_only_10037,forecast_only,2022-04-02,10037,4,MAM,,artifacts/splits/US_loro_kdate_splits.json,artifacts/regions/US_region_masks.nc,US,US-R3,US-R5,US-R3,target_context,12,0,surface,increment_mse_latw,6.870806137368949e-05,2666,1,0.01627197265625,hyperda_v4_final_2015_2025_context2022_query2023_2025_k0_4_12
forecast_only_latw_audit_US-R3,forecast_only_latw_audit_US-R3_forecast_only_10037,forecast_only,2022-04-02,10037,4,MAM,,artifacts/splits/US_loro_kdate_splits.json,artifacts/regions/US_region_masks.nc,US,US-R3,US-R5,US-R3,target_context,12,0,surface,increment_rmse_latw,0.0082890325957671,2666,1,0.01627197265625,hyperda_v4_final_2015_2025_context2022_query2023_2025_k0_4_12
forecast_only_latw_audit_US-R3,forecast_only_latw_audit_US-R3_forecast_only_10037,forecast_only,2022-04-02,10037,4,MAM,,artifacts/splits/US_loro_kdate_splits.json,artifacts/regions/US_region_masks.nc,US,US-R3,US-R5,US-R3,target_context,12,0,surface,increment_rmse_sqrt_before_time_avg_latw,0.0082890325957671,2666,1,0.01627197265625,hyperda_v4_final_2015_2025_context2022_query2023_2025_k0_4_12
forecast_only_latw_audit_US-R3,forecast_only_latw_audit_US-R3_forecast_only_10037,forecast_only,2022-04-02,10037,4,MAM,,artifacts/splits/US_loro_kdate_splits.json,artifacts/regions/US_region_masks.nc,US,US-R3,US-R5,US-R3,target_context,12,0,surface,increment_mae_latw,0.005516293878464813,2666,1,0.01627197265625,hyperda_v4_final_2015_2025_context2022_query2023_2025_k0_4_12
forecast_only_latw_audit_US-R3,forecast_only_latw_audit_US-R3_forecast_only_10037,forecast_only,2022-04-02,10037,4,MAM,,artifacts/splits/US_loro_kdate_splits.json,artifacts/regions/US_region_masks.nc,US,US-R3,US-R5,US-R3,target_context,12,0,surface,increment_bias_latw,0.0007391307784515963,2666,1,0.01627197265625,hyperda_v4_final_2015_2025_context2022_query2023_2025_k0_4_12
forecast_only_latw_audit_US-R3,forecast_only_latw_audit_US-R3_forecast_only_10037,forecast_only,2022-04-02,10037,4,MAM,,artifacts/splits/US_loro_kdate_splits.json,artifacts/regions/US_region_masks.nc,US,US-R3,US-R5,US-R3,target_context,12,0,surface,increment_corr_latw,,2666,1,0.01627197265625,hyperda_v4_final_2015_2025_context2022_query2023_2025_k0_4_12
forecast_only_latw_audit_US-R3,forecast_only_latw_audit_US-R3_forecast_only_10037,forecast_only,2022-04-02,10037,4,MAM,,artifacts/splits/US_loro_kdate_splits.json,artifacts/regions/US_region_masks.nc,US,US-R3,US-R5,US-R3,target_context,12,0,rootzone,analysis_rmse,0.0005603276173050411,2666,1,0.01627197265625,hyperda_v4_final_2015_2025_context2022_query2023_2025_k0_4_12
forecast_only_latw_audit_US-R3,forecast_only_latw_audit_US-R3_forecast_only_10037,forecast_only,2022-04-02,10037,4,MAM,,artifacts/splits/US_loro_kdate_splits.json,artifacts/regions/US_region_masks.nc,US,US-R3,US-R5,US-R3,target_context,12,0,rootzone,analysis_mae,0.0003704009423925299,2666,1,0.01627197265625,hyperda_v4_final_2015_2025_context2022_query2023_2025_k0_4_12
forecast_only_latw_audit_US-R3,forecast_only_latw_audit_US-R3_forecast_only_10037,forecast_only,2022-04-02,10037,4,MAM,,artifacts/splits/US_loro_kdate_splits.json,artifacts/regions/US_region_masks.nc,US,US-R3,US-R5,US-R3,target_context,12,0,rootzone,analysis_skill_vs_forecast,0.0,2666,1,0.01627197265625,hyperda_v4_final_2015_2025_context2022_query2023_2025_k0_4_12
forecast_only_latw_audit_US-R3,forecast_only_latw_audit_US-R3_forecast_only_10037,forecast_only,2022-04-02,10037,4,MAM,,artifacts/splits/US_loro_kdate_splits.json,artifacts/regions/US_region_masks.nc,US,US-R3,US-R5,US-R3,target_context,12,0,rootzone,increment_rmse,0.0005603276173050411,2666,1,0.01627197265625,hyperda_v4_final_2015_2025_context2022_query2023_2025_k0_4_12
forecast_only_latw_audit_US-R3,forecast_only_latw_audit_US-R3_forecast_only_10037,forecast_only,2022-04-02,10037,4,MAM,,artifacts/splits/US_loro_kdate_splits.json,artifacts/regions/US_region_masks.nc,US,US-R3,US-R5,US-R3,target_context,12,0,rootzone,increment_mae,0.0003704009423925299,2666,1,0.01627197265625,hyperda_v4_final_2015_2025_context2022_query2023_2025_k0_4_12
forecast_only_latw_audit_US-R3,forecast_only_latw_audit_US-R3_forecast_only_10037,forecast_only,2022-04-02,10037,4,MAM,,artifacts/splits/US_loro_kdate_splits.json,artifacts/regions/US_region_masks.nc,US,US-R3,US-R5,US-R3,target_context,12,0,rootzone,increment_bias,6.148892972514938e-05,2666,1,0.01627197265625,hyperda_v4_final_2015_2025_context2022_query2023_2025_k0_4_12
forecast_only_latw_audit_US-R3,forecast_only_latw_audit_US-R3_forecast_only_10037,forecast_only,2022-04-02,10037,4,MAM,,artifacts/splits/US_loro_kdate_splits.json,artifacts/regions/US_region_masks.nc,US,US-R3,US-R5,US-R3,target_context,12,0,rootzone,increment_corr,,2666,1,0.01627197265625,hyperda_v4_final_2015_2025_context2022_query2023_2025_k0_4_12
forecast_only_latw_audit_US-R3,forecast_only_latw_audit_US-R3_forecast_only_10037,forecast_only,2022-04-02,10037,4,MAM,,artifacts/splits/US_loro_kdate_splits.json,artifacts/regions/US_region_masks.nc,US,US-R3,US-R5,US-R3,target_context,12,0,rootzone,sign_accuracy_deadzone,,2666,1,0.01627197265625,hyperda_v4_final_2015_2025_context2022_query2023_2025_k0_4_12
forecast_only_latw_audit_US-R3,forecast_only_latw_audit_US-R3_forecast_only_10037,forecast_only,2022-04-02,10037,4,MAM,,artifacts/splits/US_loro_kdate_splits.json,artifacts/regions/US_region_masks.nc,US,US-R3,US-R5,US-R3,target_context,12,0,rootzone,high_update_increment_skill,0.0,2666,1,0.01627197265625,hyperda_v4_final_2015_2025_context2022_query2023_2025_k0_4_12
forecast_only_latw_audit_US-R3,forecast_only_latw_audit_US-R3_forecast_only_10037,forecast_only,2022-04-02,10037,4,MAM,,artifacts/splits/US_loro_kdate_splits.json,artifacts/regions/US_region_masks.nc,US,US-R3,US-R5,US-R3,target_context,12,0,rootzone,analysis_mse_latw,3.1088047470768217e-07,2666,1,0.01627197265625,hyperda_v4_final_2015_2025_context2022_query2023_2025_k0_4_12
forecast_only_latw_audit_US-R3,forecast_only_latw_audit_US-R3_forecast_only_10037,forecast_only,2022-04-02,10037,4,MAM,,artifacts/splits/US_loro_kdate_splits.json,artifacts/regions/US_region_masks.nc,US,US-R3,US-R5,US-R3,target_context,12,0,rootzone,analysis_rmse_latw,0.000557566565270625,2666,1,0.01627197265625,hyperda_v4_final_2015_2025_context2022_query2023_2025_k0_4_12
forecast_only_latw_audit_US-R3,forecast_only_latw_audit_US-R3_forecast_only_10037,forecast_only,2022-04-02,10037,4,MAM,,artifacts/splits/US_loro_kdate_splits.json,artifacts/regions/US_region_masks.nc,US,US-R3,US-R5,US-R3,target_context,12,0,rootzone,analysis_rmse_sqrt_before_time_avg_latw,0.000557566565270625,2666,1,0.01627197265625,hyperda_v4_final_2015_2025_context2022_query2023_2025_k0_4_12
forecast_only_latw_audit_US-R3,forecast_only_latw_audit_US-R3_forecast_only_10037,forecast_only,2022-04-02,10037,4,MAM,,artifacts/splits/US_loro_kdate_splits.json,artifacts/regions/US_region_masks.nc,US,US-R3,US-R5,US-R3,target_context,12,0,rootzone,analysis_skill_vs_forecast_latw,0.0,2666,1,0.01627197265625,hyperda_v4_final_2015_2025_context2022_query2023_2025_k0_4_12
forecast_only_latw_audit_US-R3,forecast_only_latw_audit_US-R3_forecast_only_10037,forecast_only,2022-04-02,10037,4,MAM,,artifacts/splits/US_loro_kdate_splits.json,artifacts/regions/US_region_masks.nc,US,US-R3,US-R5,US-R3,target_context,12,0,rootzone,increment_mse_latw,3.1088047470768217e-07,2666,1,0.01627197265625,hyperda_v4_final_2015_2025_context2022_query2023_2025_k0_4_12
forecast_only_latw_audit_US-R3,forecast_only_latw_audit_US-R3_forecast_only_10037,forecast_only,2022-04-02,10037,4,MAM,,artifacts/splits/US_loro_kdate_splits.json,artifacts/regions/US_region_masks.nc,US,US-R3,US-R5,US-R3,target_context,12,0,rootzone,increment_rmse_latw,0.000557566565270625,2666,1,0.01627197265625,hyperda_v4_final_2015_2025_context2022_query2023_2025_k0_4_12
forecast_only_latw_audit_US-R3,forecast_only_latw_audit_US-R3_forecast_only_10037,forecast_only,2022-04-02,10037,4,MAM,,artifacts/splits/US_loro_kdate_splits.json,artifacts/regions/US_region_masks.nc,US,US-R3,US-R5,US-R3,target_context,12,0,rootzone,increment_rmse_sqrt_before_time_avg_latw,0.000557566565270625,2666,1,0.01627197265625,hyperda_v4_final_2015_2025_context2022_query2023_2025_k0_4_12
forecast_only_latw_audit_US-R3,forecast_only_latw_audit_US-R3_forecast_only_10037,forecast_only,2022-04-02,10037,4,MAM,,artifacts/splits/US_loro_kdate_splits.json,artifacts/regions/US_region_masks.nc,US,US-R3,US-R5,US-R3,target_context,12,0,rootzone,increment_mae_latw,0.0003681484883250363,2666,1,0.01627197265625,hyperda_v4_final_2015_2025_context2022_query2023_2025_k0_4_12
forecast_only_latw_audit_US-R3,forecast_only_latw_audit_US-R3_forecast_only_10037,forecast_only,2022-04-02,10037,4,MAM,,artifacts/splits/US_loro_kdate_splits.json,artifacts/regions/US_region_masks.nc,US,US-R3,US-R5,US-R3,target_context,12,0,rootzone,increment_bias_latw,5.567094919722405e-05,2666,1,0.01627197265625,hyperda_v4_final_2015_2025_context2022_query2023_2025_k0_4_12
forecast_only_latw_audit_US-R3,forecast_only_latw_audit_US-R3_forecast_only_10037,forecast_only,2022-04-02,10037,4,MAM,,artifacts/splits/US_loro_kdate_splits.json,artifacts/regions/US_region_masks.nc,US,US-R3,US-R5,US-R3,target_context,12,0,rootzone,increment_corr_latw,,2666,1,0.01627197265625,hyperda_v4_final_2015_2025_context2022_query2023_2025_k0_4_12
forecast_only_latw_audit_US-R3,forecast_only_latw_audit_US-R3_forecast_only_10179,forecast_only,2022-05-07,10179,5,MAM,,artifacts/splits/US_loro_kdate_splits.json,artifacts/regions/US_region_masks.nc,US,US-R3,US-R5,US-R3,target_context,12,0,surface,analysis_rmse,0.006195675364158464,2666,1,0.01627197265625,hyperda_v4_final_2015_2025_context2022_query2023_2025_k0_4_12
forecast_only_latw_audit_US-R3,forecast_only_latw_audit_US-R3_forecast_only_10179,forecast_only,2022-05-07,10179,5,MAM,,artifacts/splits/US_loro_kdate_splits.json,artifacts/regions/US_region_masks.nc,US,US-R3,US-R5,US-R3,target_context,12,0,surface,analysis_mae,0.00413299699028184,2666,1,0.01627197265625,hyperda_v4_final_2015_2025_context2022_query2023_2025_k0_4_12
forecast_only_latw_audit_US-R3,forecast_only_latw_audit_US-R3_forecast_only_10179,forecast_only,2022-05-07,10179,5,MAM,,artifacts/splits/US_loro_kdate_splits.json,artifacts/regions/US_region_masks.nc,US,US-R3,US-R5,US-R3,target_context,12,0,surface,analysis_skill_vs_forecast,0.0,2666,1,0.01627197265625,hyperda_v4_final_2015_2025_context2022_query2023_2025_k0_4_12
forecast_only_latw_audit_US-R3,forecast_only_latw_audit_US-R3_forecast_only_10179,forecast_only,2022-05-07,10179,5,MAM,,artifacts/splits/US_loro_kdate_splits.json,artifacts/regions/US_region_masks.nc,US,US-R3,US-R5,US-R3,target_context,12,0,surface,increment_rmse,0.006195675364158464,2666,1,0.01627197265625,hyperda_v4_final_2015_2025_context2022_query2023_2025_k0_4_12
forecast_only_latw_audit_US-R3,forecast_only_latw_audit_US-R3_forecast_only_10179,forecast_only,2022-05-07,10179,5,MAM,,artifacts/splits/US_loro_kdate_splits.json,artifacts/regions/US_region_masks.nc,US,US-R3,US-R5,US-R3,target_context,12,0,surface,increment_mae,0.00413299699028184,2666,1,0.01627197265625,hyperda_v4_final_2015_2025_context2022_query2023_2025_k0_4_12
forecast_only_latw_audit_US-R3,forecast_only_latw_audit_US-R3_forecast_only_10179,forecast_only,2022-05-07,10179,5,MAM,,artifacts/splits/US_loro_kdate_splits.json,artifacts/regions/US_region_masks.nc,US,US-R3,US-R5,US-R3,target_context,12,0,surface,increment_bias,0.003545471662005713,2666,1,0.01627197265625,hyperda_v4_final_2015_2025_context2022_query2023_2025_k0_4_12
forecast_only_latw_audit_US-R3,forecast_only_latw_audit_US-R3_forecast_only_10179,forecast_only,2022-05-07,10179,5,MAM,,artifacts/splits/US_loro_kdate_splits.json,artifacts/regions/US_region_masks.nc,US,US-R3,US-R5,US-R3,target_context,12,0,surface,increment_corr,,2666,1,0.01627197265625,hyperda_v4_final_2015_2025_context2022_query2023_2025_k0_4_12
forecast_only_latw_audit_US-R3,forecast_only_latw_audit_US-R3_forecast_only_10179,forecast_only,2022-05-07,10179,5,MAM,,artifacts/splits/US_loro_kdate_splits.json,artifacts/regions/US_region_masks.nc,US,US-R3,US-R5,US-R3,target_context,12,0,surface,sign_accuracy_deadzone,0.0,2666,1,0.01627197265625,hyperda_v4_final_2015_2025_context2022_query2023_2025_k0_4_12
forecast_only_latw_audit_US-R3,forecast_only_latw_audit_US-R3_forecast_only_10179,forecast_only,2022-05-07,10179,5,MAM,,artifacts/splits/US_loro_kdate_splits.json,artifacts/regions/US_region_masks.nc,US,US-R3,US-R5,US-R3,target_context,12,0,surface,high_update_increment_skill,0.0,2666,1,0.01627197265625,hyperda_v4_final_2015_2025_context2022_query2023_2025_k0_4_12
forecast_only_latw_audit_US-R3,forecast_only_latw_audit_US-R3_forecast_only_10179,forecast_only,2022-05-07,10179,5,MAM,,artifacts/splits/US_loro_kdate_splits.json,artifacts/regions/US_region_masks.nc,US,US-R3,US-R5,US-R3,target_context,12,0,surface,analysis_mse_latw,3.824791781047079e-05,2666,1,0.01627197265625,hyperda_v4_final_2015_2025_context2022_query2023_2025_k0_4_12
forecast_only_latw_audit_US-R3,forecast_only_latw_audit_US-R3_forecast_only_10179,forecast_only,2022-05-07,10179,5,MAM,,artifacts/splits/US_loro_kdate_splits.json,artifacts/regions/US_region_masks.nc,US,US-R3,US-R5,US-R3,target_context,12,0,surface,analysis_rmse_latw,0.006184490101089239,2666,1,0.01627197265625,hyperda_v4_final_2015_2025_context2022_query2023_2025_k0_4_12
forecast_only_latw_audit_US-R3,forecast_only_latw_audit_US-R3_forecast_only_10179,forecast_only,2022-05-07,10179,5,MAM,,artifacts/splits/US_loro_kdate_splits.json,artifacts/regions/US_region_masks.nc,US,US-R3,US-R5,US-R3,target_context,12,0,surface,analysis_rmse_sqrt_before_time_avg_latw,0.006184490101089239,2666,1,0.01627197265625,hyperda_v4_final_2015_2025_context2022_query2023_2025_k0_4_12
forecast_only_latw_audit_US-R3,forecast_only_latw_audit_US-R3_forecast_only_10179,forecast_only,2022-05-07,10179,5,MAM,,artifacts/splits/US_loro_kdate_splits.json,artifacts/regions/US_region_masks.nc,US,US-R3,US-R5,US-R3,target_context,12,0,surface,analysis_skill_vs_forecast_latw,0.0,2666,1,0.01627197265625,hyperda_v4_final_2015_2025_context2022_query2023_2025_k0_4_12
forecast_only_latw_audit_US-R3,forecast_only_latw_audit_US-R3_forecast_only_10179,forecast_only,2022-05-07,10179,5,MAM,,artifacts/splits/US_loro_kdate_splits.json,artifacts/regions/US_region_masks.nc,US,US-R3,US-R5,US-R3,target_context,12,0,surface,increment_mse_latw,3.824791781047079e-05,2666,1,0.01627197265625,hyperda_v4_final_2015_2025_context2022_query2023_2025_k0_4_12
forecast_only_latw_audit_US-R3,forecast_only_latw_audit_US-R3_forecast_only_10179,forecast_only,2022-05-07,10179,5,MAM,,artifacts/splits/US_loro_kdate_splits.json,artifacts/regions/US_region_masks.nc,US,US-R3,US-R5,US-R3,target_context,12,0,surface,increment_rmse_latw,0.006184490101089239,2666,1,0.01627197265625,hyperda_v4_final_2015_2025_context2022_query2023_2025_k0_4_12
forecast_only_latw_audit_US-R3,forecast_only_latw_audit_US-R3_forecast_only_10179,forecast_only,2022-05-07,10179,5,MAM,,artifacts/splits/US_loro_kdate_splits.json,artifacts/regions/US_region_masks.nc,US,US-R3,US-R5,US-R3,target_context,12,0,surface,increment_rmse_sqrt_before_time_avg_latw,0.006184490101089239,2666,1,0.01627197265625,hyperda_v4_final_2015_2025_context2022_query2023_2025_k0_4_12
forecast_only_latw_audit_US-R3,forecast_only_latw_audit_US-R3_forecast_only_10179,forecast_only,2022-05-07,10179,5,MAM,,artifacts/splits/US_loro_kdate_splits.json,artifacts/regions/US_region_masks.nc,US,US-R3,US-R5,US-R3,target_context,12,0,surface,increment_mae_latw,0.004120553920531656,2666,1,0.01627197265625,hyperda_v4_final_2015_2025_context2022_query2023_2025_k0_4_12
forecast_only_latw_audit_US-R3,forecast_only_latw_audit_US-R3_forecast_only_10179,forecast_only,2022-05-07,10179,5,MAM,,artifacts/splits/US_loro_kdate_splits.json,artifacts/regions/US_region_masks.nc,US,US-R3,US-R5,US-R3,target_context,12,0,surface,increment_bias_latw,0.0035376704687789477,2666,1,0.01627197265625,hyperda_v4_final_2015_2025_context2022_query2023_2025_k0_4_12
forecast_only_latw_audit_US-R3,forecast_only_latw_audit_US-R3_forecast_only_10179,forecast_only,2022-05-07,10179,5,MAM,,artifacts/splits/US_loro_kdate_splits.json,artifacts/regions/US_region_masks.nc,US,US-R3,US-R5,US-R3,target_context,12,0,surface,increment_corr_latw,,2666,1,0.01627197265625,hyperda_v4_final_2015_2025_context2022_query2023_2025_k0_4_12
forecast_only_latw_audit_US-R3,forecast_only_latw_audit_US-R3_forecast_only_10179,forecast_only,2022-05-07,10179,5,MAM,,artifacts/splits/US_loro_kdate_splits.json,artifacts/regions/US_region_masks.nc,US,US-R3,US-R5,US-R3,target_context,12,0,rootzone,analysis_rmse,0.0003640118501802887,2666,1,0.01627197265625,hyperda_v4_final_2015_2025_context2022_query2023_2025_k0_4_12
forecast_only_latw_audit_US-R3,forecast_only_latw_audit_US-R3_forecast_only_10179,forecast_only,2022-05-07,10179,5,MAM,,artifacts/splits/US_loro_kdate_splits.json,artifacts/regions/US_region_masks.nc,US,US-R3,US-R5,US-R3,target_context,12,0,rootzone,analysis_mae,0.0002324218035236124,2666,1,0.01627197265625,hyperda_v4_final_2015_2025_context2022_query2023_2025_k0_4_12
forecast_only_latw_audit_US-R3,forecast_only_latw_audit_US-R3_forecast_only_10179,forecast_only,2022-05-07,10179,5,MAM,,artifacts/splits/US_loro_kdate_splits.json,artifacts/regions/US_region_masks.nc,US,US-R3,US-R5,US-R3,target_context,12,0,rootzone,analysis_skill_vs_forecast,0.0,2666,1,0.01627197265625,hyperda_v4_final_2015_2025_context2022_query2023_2025_k0_4_12
forecast_only_latw_audit_US-R3,forecast_only_latw_audit_US-R3_forecast_only_10179,forecast_only,2022-05-07,10179,5,MAM,,artifacts/splits/US_loro_kdate_splits.json,artifacts/regions/US_region_masks.nc,US,US-R3,US-R5,US-R3,target_context,12,0,rootzone,increment_rmse,0.0003640118501802887,2666,1,0.01627197265625,hyperda_v4_final_2015_2025_context2022_query2023_2025_k0_4_12
forecast_only_latw_audit_US-R3,forecast_only_latw_audit_US-R3_forecast_only_10179,forecast_only,2022-05-07,10179,5,MAM,,artifacts/splits/US_loro_kdate_splits.json,artifacts/regions/US_region_masks.nc,US,US-R3,US-R5,US-R3,target_context,12,0,rootzone,increment_mae,0.0002324218035236124,2666,1,0.01627197265625,hyperda_v4_final_2015_2025_context2022_query2023_2025_k0_4_12
forecast_only_latw_audit_US-R3,forecast_only_latw_audit_US-R3_forecast_only_10179,forecast_only,2022-05-07,10179,5,MAM,,artifacts/splits/US_loro_kdate_splits.json,artifacts/regions/US_region_masks.nc,US,US-R3,US-R5,US-R3,target_context,12,0,rootzone,increment_bias,0.00018602970146363782,2666,1,0.01627197265625,hyperda_v4_final_2015_2025_context2022_query2023_2025_k0_4_12
forecast_only_latw_audit_US-R3,forecast_only_latw_audit_US-R3_forecast_only_10179,forecast_only,2022-05-07,10179,5,MAM,,artifacts/splits/US_loro_kdate_splits.json,artifacts/regions/US_region_masks.nc,US,US-R3,US-R5,US-R3,target_context,12,0,rootzone,increment_corr,,2666,1,0.01627197265625,hyperda_v4_final_2015_2025_context2022_query2023_2025_k0_4_12
forecast_only_latw_audit_US-R3,forecast_only_latw_audit_US-R3_forecast_only_10179,forecast_only,2022-05-07,10179,5,MAM,,artifacts/splits/US_loro_kdate_splits.json,artifacts/regions/US_region_masks.nc,US,US-R3,US-R5,US-R3,target_context,12,0,rootzone,sign_accuracy_deadzone,,2666,1,0.01627197265625,hyperda_v4_final_2015_2025_context2022_query2023_2025_k0_4_12
forecast_only_latw_audit_US-R3,forecast_only_latw_audit_US-R3_forecast_only_10179,forecast_only,2022-05-07,10179,5,MAM,,artifacts/splits/US_loro_kdate_splits.json,artifacts/regions/US_region_masks.nc,US,US-R3,US-R5,US-R3,target_context,12,0,rootzone,high_update_increment_skill,0.0,2666,1,0.01627197265625,hyperda_v4_final_2015_2025_context2022_query2023_2025_k0_4_12
forecast_only_latw_audit_US-R3,forecast_only_latw_audit_US-R3_forecast_only_10179,forecast_only,2022-05-07,10179,5,MAM,,artifacts/splits/US_loro_kdate_splits.json,artifacts/regions/US_region_masks.nc,US,US-R3,US-R5,US-R3,target_context,12,0,rootzone,analysis_mse_latw,1.320419827495962e-07,2666,1,0.01627197265625,hyperda_v4_final_2015_2025_context2022_query2023_2025_k0_4_12
forecast_only_latw_audit_US-R3,forecast_only_latw_audit_US-R3_forecast_only_10179,forecast_only,2022-05-07,10179,5,MAM,,artifacts/splits/US_loro_kdate_splits.json,artifacts/regions/US_region_masks.nc,US,US-R3,US-R5,US-R3,target_context,12,0,rootzone,analysis_rmse_latw,0.0003633758147560129,2666,1,0.01627197265625,hyperda_v4_final_2015_2025_context2022_query2023_2025_k0_4_12
forecast_only_latw_audit_US-R3,forecast_only_latw_audit_US-R3_forecast_only_10179,forecast_only,2022-05-07,10179,5,MAM,,artifacts/splits/US_loro_kdate_splits.json,artifacts/regions/US_region_masks.nc,US,US-R3,US-R5,US-R3,target_context,12,0,rootzone,analysis_rmse_sqrt_before_time_avg_latw,0.0003633758147560129,2666,1,0.01627197265625,hyperda_v4_final_2015_2025_context2022_query2023_2025_k0_4_12
forecast_only_latw_audit_US-R3,forecast_only_latw_audit_US-R3_forecast_only_10179,forecast_only,2022-05-07,10179,5,MAM,,artifacts/splits/US_loro_kdate_splits.json,artifacts/regions/US_region_masks.nc,US,US-R3,US-R5,US-R3,target_context,12,0,rootzone,analysis_skill_vs_forecast_latw,0.0,2666,1,0.01627197265625,hyperda_v4_final_2015_2025_context2022_query2023_2025_k0_4_12
forecast_only_latw_audit_US-R3,forecast_only_latw_audit_US-R3_forecast_only_10179,forecast_only,2022-05-07,10179,5,MAM,,artifacts/splits/US_loro_kdate_splits.json,artifacts/regions/US_region_masks.nc,US,US-R3,US-R5,US-R3,target_context,12,0,rootzone,increment_mse_latw,1.320419827495962e-07,2666,1,0.01627197265625,hyperda_v4_final_2015_2025_context2022_query2023_2025_k0_4_12
forecast_only_latw_audit_US-R3,forecast_only_latw_audit_US-R3_forecast_only_10179,forecast_only,2022-05-07,10179,5,MAM,,artifacts/splits/US_loro_kdate_splits.json,artifacts/regions/US_region_masks.nc,US,US-R3,US-R5,US-R3,target_context,12,0,rootzone,increment_rmse_latw,0.0003633758147560129,2666,1,0.01627197265625,hyperda_v4_final_2015_2025_context2022_query2023_2025_k0_4_12
forecast_only_latw_audit_US-R3,forecast_only_latw_audit_US-R3_forecast_only_10179,forecast_only,2022-05-07,10179,5,MAM,,artifacts/splits/US_loro_kdate_splits.json,artifacts/regions/US_region_masks.nc,US,US-R3,US-R5,US-R3,target_context,12,0,rootzone,increment_rmse_sqrt_before_time_avg_latw,0.0003633758147560129,2666,1,0.01627197265625,hyperda_v4_final_2015_2025_context2022_query2023_2025_k0_4_12
forecast_only_latw_audit_US-R3,forecast_only_latw_audit_US-R3_forecast_only_10179,forecast_only,2022-05-07,10179,5,MAM,,artifacts/splits/US_loro_kdate_splits.json,artifacts/regions/US_region_masks.nc,US,US-R3,US-R5,US-R3,target_context,12,0,rootzone,increment_mae_latw,0.00023168930876477998,2666,1,0.01627197265625,hyperda_v4_final_2015_2025_context2022_query2023_2025_k0_4_12
forecast_only_latw_audit_US-R3,forecast_only_latw_audit_US-R3_forecast_only_10179,forecast_only,2022-05-07,10179,5,MAM,,artifacts/splits/US_loro_kdate_splits.json,artifacts/regions/US_region_masks.nc,US,US-R3,US-R5,US-R3,target_context,12,0,rootzone,increment_bias_latw,0.00018549737936194964,2666,1,0.01627197265625,hyperda_v4_final_2015_2025_context2022_query2023_2025_k0_4_12
forecast_only_latw_audit_US-R3,forecast_only_latw_audit_US-R3_forecast_only_10179,forecast_only,2022-05-07,10179,5,MAM,,artifacts/splits/US_loro_kdate_splits.json,artifacts/regions/US_region_masks.nc,US,US-R3,US-R5,US-R3,target_context,12,0,rootzone,increment_corr_latw,,2666,1,0.01627197265625,hyperda_v4_final_2015_2025_context2022_query2023_2025_k0_4_12
forecast_only_latw_audit_US-R3,forecast_only_latw_audit_US-R3_forecast_only_10302,forecast_only,2022-06-05,10302,6,JJA,,artifacts/splits/US_loro_kdate_splits.json,artifacts/regions/US_region_masks.nc,US,US-R3,US-R5,US-R3,target_context,12,0,surface,analysis_rmse,0.011753233478417032,2666,1,0.01627197265625,hyperda_v4_final_2015_2025_context2022_query2023_2025_k0_4_12
forecast_only_latw_audit_US-R3,forecast_only_latw_audit_US-R3_forecast_only_10302,forecast_only,2022-06-05,10302,6,JJA,,artifacts/splits/US_loro_kdate_splits.json,artifacts/regions/US_region_masks.nc,US,US-R3,US-R5,US-R3,target_context,12,0,surface,analysis_mae,0.008435270030803235,2666,1,0.01627197265625,hyperda_v4_final_2015_2025_context2022_query2023_2025_k0_4_12
forecast_only_latw_audit_US-R3,forecast_only_latw_audit_US-R3_forecast_only_10302,forecast_only,2022-06-05,10302,6,JJA,,artifacts/splits/US_loro_kdate_splits.json,artifacts/regions/US_region_masks.nc,US,US-R3,US-R5,US-R3,target_context,12,0,surface,analysis_skill_vs_forecast,0.0,2666,1,0.01627197265625,hyperda_v4_final_2015_2025_context2022_query2023_2025_k0_4_12
forecast_only_latw_audit_US-R3,forecast_only_latw_audit_US-R3_forecast_only_10302,forecast_only,2022-06-05,10302,6,JJA,,artifacts/splits/US_loro_kdate_splits.json,artifacts/regions/US_region_masks.nc,US,US-R3,US-R5,US-R3,target_context,12,0,surface,increment_rmse,0.011753233472766002,2666,1,0.01627197265625,hyperda_v4_final_2015_2025_context2022_query2023_2025_k0_4_12
forecast_only_latw_audit_US-R3,forecast_only_latw_audit_US-R3_forecast_only_10302,forecast_only,2022-06-05,10302,6,JJA,,artifacts/splits/US_loro_kdate_splits.json,artifacts/regions/US_region_masks.nc,US,US-R3,US-R5,US-R3,target_context,12,0,surface,increment_mae,0.008435270029405901,2666,1,0.01627197265625,hyperda_v4_final_2015_2025_context2022_query2023_2025_k0_4_12
forecast_only_latw_audit_US-R3,forecast_only_latw_audit_US-R3_forecast_only_10302,forecast_only,2022-06-05,10302,6,JJA,,artifacts/splits/US_loro_kdate_splits.json,artifacts/regions/US_region_masks.nc,US,US-R3,US-R5,US-R3,target_context,12,0,surface,increment_bias,0.007906754861675924,2666,1,0.01627197265625,hyperda_v4_final_2015_2025_context2022_query2023_2025_k0_4_12
forecast_only_latw_audit_US-R3,forecast_only_latw_audit_US-R3_forecast_only_10302,forecast_only,2022-06-05,10302,6,JJA,,artifacts/splits/US_loro_kdate_splits.json,artifacts/regions/US_region_masks.nc,US,US-R3,US-R5,US-R3,target_context,12,0,surface,increment_corr,,2666,1,0.01627197265625,hyperda_v4_final_2015_2025_context2022_query2023_2025_k0_4_12
forecast_only_latw_audit_US-R3,forecast_only_latw_audit_US-R3_forecast_only_10302,forecast_only,2022-06-05,10302,6,JJA,,artifacts/splits/US_loro_kdate_splits.json,artifacts/regions/US_region_masks.nc,US,US-R3,US-R5,US-R3,target_context,12,0,surface,sign_accuracy_deadzone,0.0,2666,1,0.01627197265625,hyperda_v4_final_2015_2025_context2022_query2023_2025_k0_4_12
forecast_only_latw_audit_US-R3,forecast_only_latw_audit_US-R3_forecast_only_10302,forecast_only,2022-06-05,10302,6,JJA,,artifacts/splits/US_loro_kdate_splits.json,artifacts/regions/US_region_masks.nc,US,US-R3,US-R5,US-R3,target_context,12,0,surface,high_update_increment_skill,0.0,2666,1,0.01627197265625,hyperda_v4_final_2015_2025_context2022_query2023_2025_k0_4_12
forecast_only_latw_audit_US-R3,forecast_only_latw_audit_US-R3_forecast_only_10302,forecast_only,2022-06-05,10302,6,JJA,,artifacts/splits/US_loro_kdate_splits.json,artifacts/regions/US_region_masks.nc,US,US-R3,US-R5,US-R3,target_context,12,0,surface,analysis_mse_latw,0.00013584943471940355,2666,1,0.01627197265625,hyperda_v4_final_2015_2025_context2022_query2023_2025_k0_4_12
forecast_only_latw_audit_US-R3,forecast_only_latw_audit_US-R3_forecast_only_10302,forecast_only,2022-06-05,10302,6,JJA,,artifacts/splits/US_loro_kdate_splits.json,artifacts/regions/US_region_masks.nc,US,US-R3,US-R5,US-R3,target_context,12,0,surface,analysis_rmse_latw,0.011655446568853702,2666,1,0.01627197265625,hyperda_v4_final_2015_2025_context2022_query2023_2025_k0_4_12
forecast_only_latw_audit_US-R3,forecast_only_latw_audit_US-R3_forecast_only_10302,forecast_only,2022-06-05,10302,6,JJA,,artifacts/splits/US_loro_kdate_splits.json,artifacts/regions/US_region_masks.nc,US,US-R3,US-R5,US-R3,target_context,12,0,surface,analysis_rmse_sqrt_before_time_avg_latw,0.011655446568853702,2666,1,0.01627197265625,hyperda_v4_final_2015_2025_context2022_query2023_2025_k0_4_12
forecast_only_latw_audit_US-R3,forecast_only_latw_audit_US-R3_forecast_only_10302,forecast_only,2022-06-05,10302,6,JJA,,artifacts/splits/US_loro_kdate_splits.json,artifacts/regions/US_region_masks.nc,US,US-R3,US-R5,US-R3,target_context,12,0,surface,analysis_skill_vs_forecast_latw,0.0,2666,1,0.01627197265625,hyperda_v4_final_2015_2025_context2022_query2023_2025_k0_4_12
forecast_only_latw_audit_US-R3,forecast_only_latw_audit_US-R3_forecast_only_10302,forecast_only,2022-06-05,10302,6,JJA,,artifacts/splits/US_loro_kdate_splits.json,artifacts/regions/US_region_masks.nc,US,US-R3,US-R5,US-R3,target_context,12,0,surface,increment_mse_latw,0.0001358494345886107,2666,1,0.01627197265625,hyperda_v4_final_2015_2025_context2022_query2023_2025_k0_4_12
forecast_only_latw_audit_US-R3,forecast_only_latw_audit_US-R3_forecast_only_10302,forecast_only,2022-06-05,10302,6,JJA,,artifacts/splits/US_loro_kdate_splits.json,artifacts/regions/US_region_masks.nc,US,US-R3,US-R5,US-R3,target_context,12,0,surface,increment_rmse_latw,0.011655446563242898,2666,1,0.01627197265625,hyperda_v4_final_2015_2025_context2022_query2023_2025_k0_4_12
forecast_only_latw_audit_US-R3,forecast_only_latw_audit_US-R3_forecast_only_10302,forecast_only,2022-06-05,10302,6,JJA,,artifacts/splits/US_loro_kdate_splits.json,artifacts/regions/US_region_masks.nc,US,US-R3,US-R5,US-R3,target_context,12,0,surface,increment_rmse_sqrt_before_time_avg_latw,0.011655446563242898,2666,1,0.01627197265625,hyperda_v4_final_2015_2025_context2022_query2023_2025_k0_4_12
forecast_only_latw_audit_US-R3,forecast_only_latw_audit_US-R3_forecast_only_10302,forecast_only,2022-06-05,10302,6,JJA,,artifacts/splits/US_loro_kdate_splits.json,artifacts/regions/US_region_masks.nc,US,US-R3,US-R5,US-R3,target_context,12,0,surface,increment_mae_latw,0.008342827504603231,2666,1,0.01627197265625,hyperda_v4_final_2015_2025_context2022_query2023_2025_k0_4_12
forecast_only_latw_audit_US-R3,forecast_only_latw_audit_US-R3_forecast_only_10302,forecast_only,2022-06-05,10302,6,JJA,,artifacts/splits/US_loro_kdate_splits.json,artifacts/regions/US_region_masks.nc,US,US-R3,US-R5,US-R3,target_context,12,0,surface,increment_bias_latw,0.007823552310305043,2666,1,0.01627197265625,hyperda_v4_final_2015_2025_context2022_query2023_2025_k0_4_12
forecast_only_latw_audit_US-R3,forecast_only_latw_audit_US-R3_forecast_only_10302,forecast_only,2022-06-05,10302,6,JJA,,artifacts/splits/US_loro_kdate_splits.json,artifacts/regions/US_region_masks.nc,US,US-R3,US-R5,US-R3,target_context,12,0,surface,increment_corr_latw,,2666,1,0.01627197265625,hyperda_v4_final_2015_2025_context2022_query2023_2025_k0_4_12
forecast_only_latw_audit_US-R3,forecast_only_latw_audit_US-R3_forecast_only_10302,forecast_only,2022-06-05,10302,6,JJA,,artifacts/splits/US_loro_kdate_splits.json,artifacts/regions/US_region_masks.nc,US,US-R3,US-R5,US-R3,target_context,12,0,rootzone,analysis_rmse,0.0006511421608354983,2666,1,0.01627197265625,hyperda_v4_final_2015_2025_context2022_query2023_2025_k0_4_12
forecast_only_latw_audit_US-R3,forecast_only_latw_audit_US-R3_forecast_only_10302,forecast_only,2022-06-05,10302,6,JJA,,artifacts/splits/US_loro_kdate_splits.json,artifacts/regions/US_region_masks.nc,US,US-R3,US-R5,US-R3,target_context,12,0,rootzone,analysis_mae,0.00045278938123865495,2666,1,0.01627197265625,hyperda_v4_final_2015_2025_context2022_query2023_2025_k0_4_12
forecast_only_latw_audit_US-R3,forecast_only_latw_audit_US-R3_forecast_only_10302,forecast_only,2022-06-05,10302,6,JJA,,artifacts/splits/US_loro_kdate_splits.json,artifacts/regions/US_region_masks.nc,US,US-R3,US-R5,US-R3,target_context,12,0,rootzone,analysis_skill_vs_forecast,0.0,2666,1,0.01627197265625,hyperda_v4_final_2015_2025_context2022_query2023_2025_k0_4_12
forecast_only_latw_audit_US-R3,forecast_only_latw_audit_US-R3_forecast_only_10302,forecast_only,2022-06-05,10302,6,JJA,,artifacts/splits/US_loro_kdate_splits.json,artifacts/regions/US_region_masks.nc,US,US-R3,US-R5,US-R3,target_context,12,0,rootzone,increment_rmse,0.0006511421608354983,2666,1,0.01627197265625,hyperda_v4_final_2015_2025_context2022_query2023_2025_k0_4_12
forecast_only_latw_audit_US-R3,forecast_only_latw_audit_US-R3_forecast_only_10302,forecast_only,2022-06-05,10302,6,JJA,,artifacts/splits/US_loro_kdate_splits.json,artifacts/regions/US_region_masks.nc,US,US-R3,US-R5,US-R3,target_context,12,0,rootzone,increment_mae,0.00045278938123865495,2666,1,0.01627197265625,hyperda_v4_final_2015_2025_context2022_query2023_2025_k0_4_12
forecast_only_latw_audit_US-R3,forecast_only_latw_audit_US-R3_forecast_only_10302,forecast_only,2022-06-05,10302,6,JJA,,artifacts/splits/US_loro_kdate_splits.json,artifacts/regions/US_region_masks.nc,US,US-R3,US-R5,US-R3,target_context,12,0,rootzone,increment_bias,0.0004140824391817519,2666,1,0.01627197265625,hyperda_v4_final_2015_2025_context2022_query2023_2025_k0_4_12
forecast_only_latw_audit_US-R3,forecast_only_latw_audit_US-R3_forecast_only_10302,forecast_only,2022-06-05,10302,6,JJA,,artifacts/splits/US_loro_kdate_splits.json,artifacts/regions/US_region_masks.nc,US,US-R3,US-R5,US-R3,target_context,12,0,rootzone,increment_corr,,2666,1,0.01627197265625,hyperda_v4_final_2015_2025_context2022_query2023_2025_k0_4_12
forecast_only_latw_audit_US-R3,forecast_only_latw_audit_US-R3_forecast_only_10302,forecast_only,2022-06-05,10302,6,JJA,,artifacts/splits/US_loro_kdate_splits.json,artifacts/regions/US_region_masks.nc,US,US-R3,US-R5,US-R3,target_context,12,0,rootzone,sign_accuracy_deadzone,,2666,1,0.01627197265625,hyperda_v4_final_2015_2025_context2022_query2023_2025_k0_4_12
forecast_only_latw_audit_US-R3,forecast_only_latw_audit_US-R3_forecast_only_10302,forecast_only,2022-06-05,10302,6,JJA,,artifacts/splits/US_loro_kdate_splits.json,artifacts/regions/US_region_masks.nc,US,US-R3,US-R5,US-R3,target_context,12,0,rootzone,high_update_increment_skill,0.0,2666,1,0.01627197265625,hyperda_v4_final_2015_2025_context2022_query2023_2025_k0_4_12
forecast_only_latw_audit_US-R3,forecast_only_latw_audit_US-R3_forecast_only_10302,forecast_only,2022-06-05,10302,6,JJA,,artifacts/splits/US_loro_kdate_splits.json,artifacts/regions/US_region_masks.nc,US,US-R3,US-R5,US-R3,target_context,12,0,rootzone,analysis_mse_latw,4.1633926124494276e-07,2666,1,0.01627197265625,hyperda_v4_final_2015_2025_context2022_query2023_2025_k0_4_12
forecast_only_latw_audit_US-R3,forecast_only_latw_audit_US-R3_forecast_only_10302,forecast_only,2022-06-05,10302,6,JJA,,artifacts/splits/US_loro_kdate_splits.json,artifacts/regions/US_region_masks.nc,US,US-R3,US-R5,US-R3,target_context,12,0,rootzone,analysis_rmse_latw,0.0006452435673797476,2666,1,0.01627197265625,hyperda_v4_final_2015_2025_context2022_query2023_2025_k0_4_12
forecast_only_latw_audit_US-R3,forecast_only_latw_audit_US-R3_forecast_only_10302,forecast_only,2022-06-05,10302,6,JJA,,artifacts/splits/US_loro_kdate_splits.json,artifacts/regions/US_region_masks.nc,US,US-R3,US-R5,US-R3,target_context,12,0,rootzone,analysis_rmse_sqrt_before_time_avg_latw,0.0006452435673797476,2666,1,0.01627197265625,hyperda_v4_final_2015_2025_context2022_query2023_2025_k0_4_12
forecast_only_latw_audit_US-R3,forecast_only_latw_audit_US-R3_forecast_only_10302,forecast_only,2022-06-05,10302,6,JJA,,artifacts/splits/US_loro_kdate_splits.json,artifacts/regions/US_region_masks.nc,US,US-R3,US-R5,US-R3,target_context,12,0,rootzone,analysis_skill_vs_forecast_latw,0.0,2666,1,0.01627197265625,hyperda_v4_final_2015_2025_context2022_query2023_2025_k0_4_12
forecast_only_latw_audit_US-R3,forecast_only_latw_audit_US-R3_forecast_only_10302,forecast_only,2022-06-05,10302,6,JJA,,artifacts/splits/US_loro_kdate_splits.json,artifacts/regions/US_region_masks.nc,US,US-R3,US-R5,US-R3,target_context,12,0,rootzone,increment_mse_latw,4.1633926124494276e-07,2666,1,0.01627197265625,hyperda_v4_final_2015_2025_context2022_query2023_2025_k0_4_12
forecast_only_latw_audit_US-R3,forecast_only_latw_audit_US-R3_forecast_only_10302,forecast_only,2022-06-05,10302,6,JJA,,artifacts/splits/US_loro_kdate_splits.json,artifacts/regions/US_region_masks.nc,US,US-R3,US-R5,US-R3,target_context,12,0,rootzone,increment_rmse_latw,0.0006452435673797476,2666,1,0.01627197265625,hyperda_v4_final_2015_2025_context2022_query2023_2025_k0_4_12
forecast_only_latw_audit_US-R3,forecast_only_latw_audit_US-R3_forecast_only_10302,forecast_only,2022-06-05,10302,6,JJA,,artifacts/splits/US_loro_kdate_splits.json,artifacts/regions/US_region_masks.nc,US,US-R3,US-R5,US-R3,target_context,12,0,rootzone,increment_rmse_sqrt_before_time_avg_latw,0.0006452435673797476,2666,1,0.01627197265625,hyperda_v4_final_2015_2025_context2022_query2023_2025_k0_4_12
forecast_only_latw_audit_US-R3,forecast_only_latw_audit_US-R3_forecast_only_10302,forecast_only,2022-06-05,10302,6,JJA,,artifacts/splits/US_loro_kdate_splits.json,artifacts/regions/US_region_masks.nc,US,US-R3,US-R5,US-R3,target_context,12,0,rootzone,increment_mae_latw,0.0004472856531518848,2666,1,0.01627197265625,hyperda_v4_final_2015_2025_context2022_query2023_2025_k0_4_12
forecast_only_latw_audit_US-R3,forecast_only_latw_audit_US-R3_forecast_only_10302,forecast_only,2022-06-05,10302,6,JJA,,artifacts/splits/US_loro_kdate_splits.json,artifacts/regions/US_region_masks.nc,US,US-R3,US-R5,US-R3,target_context,12,0,rootzone,increment_bias_latw,0.0004091897454673199,2666,1,0.01627197265625,hyperda_v4_final_2015_2025_context2022_query2023_2025_k0_4_12
forecast_only_latw_audit_US-R3,forecast_only_latw_audit_US-R3_forecast_only_10302,forecast_only,2022-06-05,10302,6,JJA,,artifacts/splits/US_loro_kdate_splits.json,artifacts/regions/US_region_masks.nc,US,US-R3,US-R5,US-R3,target_context,12,0,rootzone,increment_corr_latw,,2666,1,0.01627197265625,hyperda_v4_final_2015_2025_context2022_query2023_2025_k0_4_12
forecast_only_latw_audit_US-R3,forecast_only_latw_audit_US-R3_forecast_only_10445,forecast_only,2022-07-09,10445,7,JJA,,artifacts/splits/US_loro_kdate_splits.json,artifacts/regions/US_region_masks.nc,US,US-R3,US-R5,US-R3,target_context,12,0,surface,analysis_rmse,0.0043366869155608955,2666,1,0.01627197265625,hyperda_v4_final_2015_2025_context2022_query2023_2025_k0_4_12
forecast_only_latw_audit_US-R3,forecast_only_latw_audit_US-R3_forecast_only_10445,forecast_only,2022-07-09,10445,7,JJA,,artifacts/splits/US_loro_kdate_splits.json,artifacts/regions/US_region_masks.nc,US,US-R3,US-R5,US-R3,target_context,12,0,surface,analysis_mae,0.002850863629489556,2666,1,0.01627197265625,hyperda_v4_final_2015_2025_context2022_query2023_2025_k0_4_12
forecast_only_latw_audit_US-R3,forecast_only_latw_audit_US-R3_forecast_only_10445,forecast_only,2022-07-09,10445,7,JJA,,artifacts/splits/US_loro_kdate_splits.json,artifacts/regions/US_region_masks.nc,US,US-R3,US-R5,US-R3,target_context,12,0,surface,analysis_skill_vs_forecast,0.0,2666,1,0.01627197265625,hyperda_v4_final_2015_2025_context2022_query2023_2025_k0_4_12
forecast_only_latw_audit_US-R3,forecast_only_latw_audit_US-R3_forecast_only_10445,forecast_only,2022-07-09,10445,7,JJA,,artifacts/splits/US_loro_kdate_splits.json,artifacts/regions/US_region_masks.nc,US,US-R3,US-R5,US-R3,target_context,12,0,surface,increment_rmse,0.004336686914194033,2666,1,0.01627197265625,hyperda_v4_final_2015_2025_context2022_query2023_2025_k0_4_12
forecast_only_latw_audit_US-R3,forecast_only_latw_audit_US-R3_forecast_only_10445,forecast_only,2022-07-09,10445,7,JJA,,artifacts/splits/US_loro_kdate_splits.json,artifacts/regions/US_region_masks.nc,US,US-R3,US-R5,US-R3,target_context,12,0,surface,increment_mae,0.0028508636291402225,2666,1,0.01627197265625,hyperda_v4_final_2015_2025_context2022_query2023_2025_k0_4_12
forecast_only_latw_audit_US-R3,forecast_only_latw_audit_US-R3_forecast_only_10445,forecast_only,2022-07-09,10445,7,JJA,,artifacts/splits/US_loro_kdate_splits.json,artifacts/regions/US_region_masks.nc,US,US-R3,US-R5,US-R3,target_context,12,0,surface,increment_bias,0.0014880691366430878,2666,1,0.01627197265625,hyperda_v4_final_2015_2025_context2022_query2023_2025_k0_4_12
forecast_only_latw_audit_US-R3,forecast_only_latw_audit_US-R3_forecast_only_10445,forecast_only,2022-07-09,10445,7,JJA,,artifacts/splits/US_loro_kdate_splits.json,artifacts/regions/US_region_masks.nc,US,US-R3,US-R5,US-R3,target_context,12,0,surface,increment_corr,,2666,1,0.01627197265625,hyperda_v4_final_2015_2025_context2022_query2023_2025_k0_4_12
forecast_only_latw_audit_US-R3,forecast_only_latw_audit_US-R3_forecast_only_10445,forecast_only,2022-07-09,10445,7,JJA,,artifacts/splits/US_loro_kdate_splits.json,artifacts/regions/US_region_masks.nc,US,US-R3,US-R5,US-R3,target_context,12,0,surface,sign_accuracy_deadzone,0.0,2666,1,0.01627197265625,hyperda_v4_final_2015_2025_context2022_query2023_2025_k0_4_12
forecast_only_latw_audit_US-R3,forecast_only_latw_audit_US-R3_forecast_only_10445,forecast_only,2022-07-09,10445,7,JJA,,artifacts/splits/US_loro_kdate_splits.json,artifacts/regions/US_region_masks.nc,US,US-R3,US-R5,US-R3,target_context,12,0,surface,high_update_increment_skill,0.0,2666,1,0.01627197265625,hyperda_v4_final_2015_2025_context2022_query2023_2025_k0_4_12
forecast_only_latw_audit_US-R3,forecast_only_latw_audit_US-R3_forecast_only_10445,forecast_only,2022-07-09,10445,7,JJA,,artifacts/splits/US_loro_kdate_splits.json,artifacts/regions/US_region_masks.nc,US,US-R3,US-R5,US-R3,target_context,12,0,surface,analysis_mse_latw,1.8654894575821736e-05,2666,1,0.01627197265625,hyperda_v4_final_2015_2025_context2022_query2023_2025_k0_4_12
forecast_only_latw_audit_US-R3,forecast_only_latw_audit_US-R3_forecast_only_10445,forecast_only,2022-07-09,10445,7,JJA,,artifacts/splits/US_loro_kdate_splits.json,artifacts/regions/US_region_masks.nc,US,US-R3,US-R5,US-R3,target_context,12,0,surface,analysis_rmse_latw,0.004319131229289258,2666,1,0.01627197265625,hyperda_v4_final_2015_2025_context2022_query2023_2025_k0_4_12
forecast_only_latw_audit_US-R3,forecast_only_latw_audit_US-R3_forecast_only_10445,forecast_only,2022-07-09,10445,7,JJA,,artifacts/splits/US_loro_kdate_splits.json,artifacts/regions/US_region_masks.nc,US,US-R3,US-R5,US-R3,target_context,12,0,surface,analysis_rmse_sqrt_before_time_avg_latw,0.004319131229289258,2666,1,0.01627197265625,hyperda_v4_final_2015_2025_context2022_query2023_2025_k0_4_12
forecast_only_latw_audit_US-R3,forecast_only_latw_audit_US-R3_forecast_only_10445,forecast_only,2022-07-09,10445,7,JJA,,artifacts/splits/US_loro_kdate_splits.json,artifacts/regions/US_region_masks.nc,US,US-R3,US-R5,US-R3,target_context,12,0,surface,analysis_skill_vs_forecast_latw,0.0,2666,1,0.01627197265625,hyperda_v4_final_2015_2025_context2022_query2023_2025_k0_4_12
forecast_only_latw_audit_US-R3,forecast_only_latw_audit_US-R3_forecast_only_10445,forecast_only,2022-07-09,10445,7,JJA,,artifacts/splits/US_loro_kdate_splits.json,artifacts/regions/US_region_masks.nc,US,US-R3,US-R5,US-R3,target_context,12,0,surface,increment_mse_latw,1.8654894564216764e-05,2666,1,0.01627197265625,hyperda_v4_final_2015_2025_context2022_query2023_2025_k0_4_12
forecast_only_latw_audit_US-R3,forecast_only_latw_audit_US-R3_forecast_only_10445,forecast_only,2022-07-09,10445,7,JJA,,artifacts/splits/US_loro_kdate_splits.json,artifacts/regions/US_region_masks.nc,US,US-R3,US-R5,US-R3,target_context,12,0,surface,increment_rmse_latw,0.00431913122794582,2666,1,0.01627197265625,hyperda_v4_final_2015_2025_context2022_query2023_2025_k0_4_12
forecast_only_latw_audit_US-R3,forecast_only_latw_audit_US-R3_forecast_only_10445,forecast_only,2022-07-09,10445,7,JJA,,artifacts/splits/US_loro_kdate_splits.json,artifacts/regions/US_region_masks.nc,US,US-R3,US-R5,US-R3,target_context,12,0,surface,increment_rmse_sqrt_before_time_avg_latw,0.00431913122794582,2666,1,0.01627197265625,hyperda_v4_final_2015_2025_context2022_query2023_2025_k0_4_12
forecast_only_latw_audit_US-R3,forecast_only_latw_audit_US-R3_forecast_only_10445,forecast_only,2022-07-09,10445,7,JJA,,artifacts/splits/US_loro_kdate_splits.json,artifacts/regions/US_region_masks.nc,US,US-R3,US-R5,US-R3,target_context,12,0,surface,increment_mae_latw,0.002838042918720703,2666,1,0.01627197265625,hyperda_v4_final_2015_2025_context2022_query2023_2025_k0_4_12
forecast_only_latw_audit_US-R3,forecast_only_latw_audit_US-R3_forecast_only_10445,forecast_only,2022-07-09,10445,7,JJA,,artifacts/splits/US_loro_kdate_splits.json,artifacts/regions/US_region_masks.nc,US,US-R3,US-R5,US-R3,target_context,12,0,surface,increment_bias_latw,0.00147438825101649,2666,1,0.01627197265625,hyperda_v4_final_2015_2025_context2022_query2023_2025_k0_4_12
forecast_only_latw_audit_US-R3,forecast_only_latw_audit_US-R3_forecast_only_10445,forecast_only,2022-07-09,10445,7,JJA,,artifacts/splits/US_loro_kdate_splits.json,artifacts/regions/US_region_masks.nc,US,US-R3,US-R5,US-R3,target_context,12,0,surface,increment_corr_latw,,2666,1,0.01627197265625,hyperda_v4_final_2015_2025_context2022_query2023_2025_k0_4_12
forecast_only_latw_audit_US-R3,forecast_only_latw_audit_US-R3_forecast_only_10445,forecast_only,2022-07-09,10445,7,JJA,,artifacts/splits/US_loro_kdate_splits.json,artifacts/regions/US_region_masks.nc,US,US-R3,US-R5,US-R3,target_context,12,0,rootzone,analysis_rmse,0.0002286642582130671,2666,1,0.01627197265625,hyperda_v4_final_2015_2025_context2022_query2023_2025_k0_4_12
forecast_only_latw_audit_US-R3,forecast_only_latw_audit_US-R3_forecast_only_10445,forecast_only,2022-07-09,10445,7,JJA,,artifacts/splits/US_loro_kdate_splits.json,artifacts/regions/US_region_masks.nc,US,US-R3,US-R5,US-R3,target_context,12,0,rootzone,analysis_mae,0.00015297699272520812,2666,1,0.01627197265625,hyperda_v4_final_2015_2025_context2022_query2023_2025_k0_4_12
forecast_only_latw_audit_US-R3,forecast_only_latw_audit_US-R3_forecast_only_10445,forecast_only,2022-07-09,10445,7,JJA,,artifacts/splits/US_loro_kdate_splits.json,artifacts/regions/US_region_masks.nc,US,US-R3,US-R5,US-R3,target_context,12,0,rootzone,analysis_skill_vs_forecast,0.0,2666,1,0.01627197265625,hyperda_v4_final_2015_2025_context2022_query2023_2025_k0_4_12
forecast_only_latw_audit_US-R3,forecast_only_latw_audit_US-R3_forecast_only_10445,forecast_only,2022-07-09,10445,7,JJA,,artifacts/splits/US_loro_kdate_splits.json,artifacts/regions/US_region_masks.nc,US,US-R3,US-R5,US-R3,target_context,12,0,rootzone,increment_rmse,0.0002286642582130671,2666,1,0.01627197265625,hyperda_v4_final_2015_2025_context2022_query2023_2025_k0_4_12
forecast_only_latw_audit_US-R3,forecast_only_latw_audit_US-R3_forecast_only_10445,forecast_only,2022-07-09,10445,7,JJA,,artifacts/splits/US_loro_kdate_splits.json,artifacts/regions/US_region_masks.nc,US,US-R3,US-R5,US-R3,target_context,12,0,rootzone,increment_mae,0.00015297699272520812,2666,1,0.01627197265625,hyperda_v4_final_2015_2025_context2022_query2023_2025_k0_4_12
forecast_only_latw_audit_US-R3,forecast_only_latw_audit_US-R3_forecast_only_10445,forecast_only,2022-07-09,10445,7,JJA,,artifacts/splits/US_loro_kdate_splits.json,artifacts/regions/US_region_masks.nc,US,US-R3,US-R5,US-R3,target_context,12,0,rootzone,increment_bias,6.743009982592882e-05,2666,1,0.01627197265625,hyperda_v4_final_2015_2025_context2022_query2023_2025_k0_4_12
forecast_only_latw_audit_US-R3,forecast_only_latw_audit_US-R3_forecast_only_10445,forecast_only,2022-07-09,10445,7,JJA,,artifacts/splits/US_loro_kdate_splits.json,artifacts/regions/US_region_masks.nc,US,US-R3,US-R5,US-R3,target_context,12,0,rootzone,increment_corr,,2666,1,0.01627197265625,hyperda_v4_final_2015_2025_context2022_query2023_2025_k0_4_12
forecast_only_latw_audit_US-R3,forecast_only_latw_audit_US-R3_forecast_only_10445,forecast_only,2022-07-09,10445,7,JJA,,artifacts/splits/US_loro_kdate_splits.json,artifacts/regions/US_region_masks.nc,US,US-R3,US-R5,US-R3,target_context,12,0,rootzone,sign_accuracy_deadzone,,2666,1,0.01627197265625,hyperda_v4_final_2015_2025_context2022_query2023_2025_k0_4_12
forecast_only_latw_audit_US-R3,forecast_only_latw_audit_US-R3_forecast_only_10445,forecast_only,2022-07-09,10445,7,JJA,,artifacts/splits/US_loro_kdate_splits.json,artifacts/regions/US_region_masks.nc,US,US-R3,US-R5,US-R3,target_context,12,0,rootzone,high_update_increment_skill,0.0,2666,1,0.01627197265625,hyperda_v4_final_2015_2025_context2022_query2023_2025_k0_4_12
forecast_only_latw_audit_US-R3,forecast_only_latw_audit_US-R3_forecast_only_10445,forecast_only,2022-07-09,10445,7,JJA,,artifacts/splits/US_loro_kdate_splits.json,artifacts/regions/US_region_masks.nc,US,US-R3,US-R5,US-R3,target_context,12,0,rootzone,analysis_mse_latw,5.181091079500525e-08,2666,1,0.01627197265625,hyperda_v4_final_2015_2025_context2022_query2023_2025_k0_4_12
forecast_only_latw_audit_US-R3,forecast_only_latw_audit_US-R3_forecast_only_10445,forecast_only,2022-07-09,10445,7,JJA,,artifacts/splits/US_loro_kdate_splits.json,artifacts/regions/US_region_masks.nc,US,US-R3,US-R5,US-R3,target_context,12,0,rootzone,analysis_rmse_latw,0.00022762010191326523,2666,1,0.01627197265625,hyperda_v4_final_2015_2025_context2022_query2023_2025_k0_4_12
forecast_only_latw_audit_US-R3,forecast_only_latw_audit_US-R3_forecast_only_10445,forecast_only,2022-07-09,10445,7,JJA,,artifacts/splits/US_loro_kdate_splits.json,artifacts/regions/US_region_masks.nc,US,US-R3,US-R5,US-R3,target_context,12,0,rootzone,analysis_rmse_sqrt_before_time_avg_latw,0.00022762010191326523,2666,1,0.01627197265625,hyperda_v4_final_2015_2025_context2022_query2023_2025_k0_4_12
forecast_only_latw_audit_US-R3,forecast_only_latw_audit_US-R3_forecast_only_10445,forecast_only,2022-07-09,10445,7,JJA,,artifacts/splits/US_loro_kdate_splits.json,artifacts/regions/US_region_masks.nc,US,US-R3,US-R5,US-R3,target_context,12,0,rootzone,analysis_skill_vs_forecast_latw,0.0,2666,1,0.01627197265625,hyperda_v4_final_2015_2025_context2022_query2023_2025_k0_4_12
forecast_only_latw_audit_US-R3,forecast_only_latw_audit_US-R3_forecast_only_10445,forecast_only,2022-07-09,10445,7,JJA,,artifacts/splits/US_loro_kdate_splits.json,artifacts/regions/US_region_masks.nc,US,US-R3,US-R5,US-R3,target_context,12,0,rootzone,increment_mse_latw,5.181091079500525e-08,2666,1,0.01627197265625,hyperda_v4_final_2015_2025_context2022_query2023_2025_k0_4_12
forecast_only_latw_audit_US-R3,forecast_only_latw_audit_US-R3_forecast_only_10445,forecast_only,2022-07-09,10445,7,JJA,,artifacts/splits/US_loro_kdate_splits.json,artifacts/regions/US_region_masks.nc,US,US-R3,US-R5,US-R3,target_context,12,0,rootzone,increment_rmse_latw,0.00022762010191326523,2666,1,0.01627197265625,hyperda_v4_final_2015_2025_context2022_query2023_2025_k0_4_12
forecast_only_latw_audit_US-R3,forecast_only_latw_audit_US-R3_forecast_only_10445,forecast_only,2022-07-09,10445,7,JJA,,artifacts/splits/US_loro_kdate_splits.json,artifacts/regions/US_region_masks.nc,US,US-R3,US-R5,US-R3,target_context,12,0,rootzone,increment_rmse_sqrt_before_time_avg_latw,0.00022762010191326523,2666,1,0.01627197265625,hyperda_v4_final_2015_2025_context2022_query2023_2025_k0_4_12
forecast_only_latw_audit_US-R3,forecast_only_latw_audit_US-R3_forecast_only_10445,forecast_only,2022-07-09,10445,7,JJA,,artifacts/splits/US_loro_kdate_splits.json,artifacts/regions/US_region_masks.nc,US,US-R3,US-R5,US-R3,target_context,12,0,rootzone,increment_mae_latw,0.0001521762173566899,2666,1,0.01627197265625,hyperda_v4_final_2015_2025_context2022_query2023_2025_k0_4_12
forecast_only_latw_audit_US-R3,forecast_only_latw_audit_US-R3_forecast_only_10445,forecast_only,2022-07-09,10445,7,JJA,,artifacts/splits/US_loro_kdate_splits.json,artifacts/regions/US_region_masks.nc,US,US-R3,US-R5,US-R3,target_context,12,0,rootzone,increment_bias_latw,6.672045627015206e-05,2666,1,0.01627197265625,hyperda_v4_final_2015_2025_context2022_query2023_2025_k0_4_12
forecast_only_latw_audit_US-R3,forecast_only_latw_audit_US-R3_forecast_only_10445,forecast_only,2022-07-09,10445,7,JJA,,artifacts/splits/US_loro_kdate_splits.json,artifacts/regions/US_region_masks.nc,US,US-R3,US-R5,US-R3,target_context,12,0,rootzone,increment_corr_latw,,2666,1,0.01627197265625,hyperda_v4_final_2015_2025_context2022_query2023_2025_k0_4_12
forecast_only_latw_audit_US-R3,forecast_only_latw_audit_US-R3_forecast_only_10547,forecast_only,2022-08-02,10547,8,JJA,,artifacts/splits/US_loro_kdate_splits.json,artifacts/regions/US_region_masks.nc,US,US-R3,US-R5,US-R3,target_context,12,0,surface,analysis_rmse,0.012443225662118317,2666,1,0.01627197265625,hyperda_v4_final_2015_2025_context2022_query2023_2025_k0_4_12
forecast_only_latw_audit_US-R3,forecast_only_latw_audit_US-R3_forecast_only_10547,forecast_only,2022-08-02,10547,8,JJA,,artifacts/splits/US_loro_kdate_splits.json,artifacts/regions/US_region_masks.nc,US,US-R3,US-R5,US-R3,target_context,12,0,surface,analysis_mae,0.006529518132728915,2666,1,0.01627197265625,hyperda_v4_final_2015_2025_context2022_query2023_2025_k0_4_12
forecast_only_latw_audit_US-R3,forecast_only_latw_audit_US-R3_forecast_only_10547,forecast_only,2022-08-02,10547,8,JJA,,artifacts/splits/US_loro_kdate_splits.json,artifacts/regions/US_region_masks.nc,US,US-R3,US-R5,US-R3,target_context,12,0,surface,analysis_skill_vs_forecast,0.0,2666,1,0.01627197265625,hyperda_v4_final_2015_2025_context2022_query2023_2025_k0_4_12
forecast_only_latw_audit_US-R3,forecast_only_latw_audit_US-R3_forecast_only_10547,forecast_only,2022-08-02,10547,8,JJA,,artifacts/splits/US_loro_kdate_splits.json,artifacts/regions/US_region_masks.nc,US,US-R3,US-R5,US-R3,target_context,12,0,surface,increment_rmse,0.012443225662118317,2666,1,0.01627197265625,hyperda_v4_final_2015_2025_context2022_query2023_2025_k0_4_12
forecast_only_latw_audit_US-R3,forecast_only_latw_audit_US-R3_forecast_only_10547,forecast_only,2022-08-02,10547,8,JJA,,artifacts/splits/US_loro_kdate_splits.json,artifacts/regions/US_region_masks.nc,US,US-R3,US-R5,US-R3,target_context,12,0,surface,increment_mae,0.006529518132728915,2666,1,0.01627197265625,hyperda_v4_final_2015_2025_context2022_query2023_2025_k0_4_12
forecast_only_latw_audit_US-R3,forecast_only_latw_audit_US-R3_forecast_only_10547,forecast_only,2022-08-02,10547,8,JJA,,artifacts/splits/US_loro_kdate_splits.json,artifacts/regions/US_region_masks.nc,US,US-R3,US-R5,US-R3,target_context,12,0,surface,increment_bias,-0.0018856840072631479,2666,1,0.01627197265625,hyperda_v4_final_2015_2025_context2022_query2023_2025_k0_4_12
forecast_only_latw_audit_US-R3,forecast_only_latw_audit_US-R3_forecast_only_10547,forecast_only,2022-08-02,10547,8,JJA,,artifacts/splits/US_loro_kdate_splits.json,artifacts/regions/US_region_masks.nc,US,US-R3,US-R5,US-R3,target_context,12,0,surface,increment_corr,,2666,1,0.01627197265625,hyperda_v4_final_2015_2025_context2022_query2023_2025_k0_4_12
forecast_only_latw_audit_US-R3,forecast_only_latw_audit_US-R3_forecast_only_10547,forecast_only,2022-08-02,10547,8,JJA,,artifacts/splits/US_loro_kdate_splits.json,artifacts/regions/US_region_masks.nc,US,US-R3,US-R5,US-R3,target_context,12,0,surface,sign_accuracy_deadzone,0.0,2666,1,0.01627197265625,hyperda_v4_final_2015_2025_context2022_query2023_2025_k0_4_12
forecast_only_latw_audit_US-R3,forecast_only_latw_audit_US-R3_forecast_only_10547,forecast_only,2022-08-02,10547,8,JJA,,artifacts/splits/US_loro_kdate_splits.json,artifacts/regions/US_region_masks.nc,US,US-R3,US-R5,US-R3,target_context,12,0,surface,high_update_increment_skill,0.0,2666,1,0.01627197265625,hyperda_v4_final_2015_2025_context2022_query2023_2025_k0_4_12
forecast_only_latw_audit_US-R3,forecast_only_latw_audit_US-R3_forecast_only_10547,forecast_only,2022-08-02,10547,8,JJA,,artifacts/splits/US_loro_kdate_splits.json,artifacts/regions/US_region_masks.nc,US,US-R3,US-R5,US-R3,target_context,12,0,surface,analysis_mse_latw,0.00015366100933571062,2666,1,0.01627197265625,hyperda_v4_final_2015_2025_context2022_query2023_2025_k0_4_12
forecast_only_latw_audit_US-R3,forecast_only_latw_audit_US-R3_forecast_only_10547,forecast_only,2022-08-02,10547,8,JJA,,artifacts/splits/US_loro_kdate_splits.json,artifacts/regions/US_region_masks.nc,US,US-R3,US-R5,US-R3,target_context,12,0,surface,analysis_rmse_latw,0.012396007798307913,2666,1,0.01627197265625,hyperda_v4_final_2015_2025_context2022_query2023_2025_k0_4_12
forecast_only_latw_audit_US-R3,forecast_only_latw_audit_US-R3_forecast_only_10547,forecast_only,2022-08-02,10547,8,JJA,,artifacts/splits/US_loro_kdate_splits.json,artifacts/regions/US_region_masks.nc,US,US-R3,US-R5,US-R3,target_context,12,0,surface,analysis_rmse_sqrt_before_time_avg_latw,0.012396007798307913,2666,1,0.01627197265625,hyperda_v4_final_2015_2025_context2022_query2023_2025_k0_4_12
forecast_only_latw_audit_US-R3,forecast_only_latw_audit_US-R3_forecast_only_10547,forecast_only,2022-08-02,10547,8,JJA,,artifacts/splits/US_loro_kdate_splits.json,artifacts/regions/US_region_masks.nc,US,US-R3,US-R5,US-R3,target_context,12,0,surface,analysis_skill_vs_forecast_latw,0.0,2666,1,0.01627197265625,hyperda_v4_final_2015_2025_context2022_query2023_2025_k0_4_12
forecast_only_latw_audit_US-R3,forecast_only_latw_audit_US-R3_forecast_only_10547,forecast_only,2022-08-02,10547,8,JJA,,artifacts/splits/US_loro_kdate_splits.json,artifacts/regions/US_region_masks.nc,US,US-R3,US-R5,US-R3,target_context,12,0,surface,increment_mse_latw,0.00015366100933571062,2666,1,0.01627197265625,hyperda_v4_final_2015_2025_context2022_query2023_2025_k0_4_12
forecast_only_latw_audit_US-R3,forecast_only_latw_audit_US-R3_forecast_only_10547,forecast_only,2022-08-02,10547,8,JJA,,artifacts/splits/US_loro_kdate_splits.json,artifacts/regions/US_region_masks.nc,US,US-R3,US-R5,US-R3,target_context,12,0,surface,increment_rmse_latw,0.012396007798307913,2666,1,0.01627197265625,hyperda_v4_final_2015_2025_context2022_query2023_2025_k0_4_12
forecast_only_latw_audit_US-R3,forecast_only_latw_audit_US-R3_forecast_only_10547,forecast_only,2022-08-02,10547,8,JJA,,artifacts/splits/US_loro_kdate_splits.json,artifacts/regions/US_region_masks.nc,US,US-R3,US-R5,US-R3,target_context,12,0,surface,increment_rmse_sqrt_before_time_avg_latw,0.012396007798307913,2666,1,0.01627197265625,hyperda_v4_final_2015_2025_context2022_query2023_2025_k0_4_12
forecast_only_latw_audit_US-R3,forecast_only_latw_audit_US-R3_forecast_only_10547,forecast_only,2022-08-02,10547,8,JJA,,artifacts/splits/US_loro_kdate_splits.json,artifacts/regions/US_region_masks.nc,US,US-R3,US-R5,US-R3,target_context,12,0,surface,increment_mae_latw,0.006510038423847456,2666,1,0.01627197265625,hyperda_v4_final_2015_2025_context2022_query2023_2025_k0_4_12
forecast_only_latw_audit_US-R3,forecast_only_latw_audit_US-R3_forecast_only_10547,forecast_only,2022-08-02,10547,8,JJA,,artifacts/splits/US_loro_kdate_splits.json,artifacts/regions/US_region_masks.nc,US,US-R3,US-R5,US-R3,target_context,12,0,surface,increment_bias_latw,-0.0018685685071227554,2666,1,0.01627197265625,hyperda_v4_final_2015_2025_context2022_query2023_2025_k0_4_12
forecast_only_latw_audit_US-R3,forecast_only_latw_audit_US-R3_forecast_only_10547,forecast_only,2022-08-02,10547,8,JJA,,artifacts/splits/US_loro_kdate_splits.json,artifacts/regions/US_region_masks.nc,US,US-R3,US-R5,US-R3,target_context,12,0,surface,increment_corr_latw,,2666,1,0.01627197265625,hyperda_v4_final_2015_2025_context2022_query2023_2025_k0_4_12
forecast_only_latw_audit_US-R3,forecast_only_latw_audit_US-R3_forecast_only_10547,forecast_only,2022-08-02,10547,8,JJA,,artifacts/splits/US_loro_kdate_splits.json,artifacts/regions/US_region_masks.nc,US,US-R3,US-R5,US-R3,target_context,12,0,rootzone,analysis_rmse,0.0006844727260744311,2666,1,0.01627197265625,hyperda_v4_final_2015_2025_context2022_query2023_2025_k0_4_12
forecast_only_latw_audit_US-R3,forecast_only_latw_audit_US-R3_forecast_only_10547,forecast_only,2022-08-02,10547,8,JJA,,artifacts/splits/US_loro_kdate_splits.json,artifacts/regions/US_region_masks.nc,US,US-R3,US-R5,US-R3,target_context,12,0,rootzone,analysis_mae,0.0003501213938542778,2666,1,0.01627197265625,hyperda_v4_final_2015_2025_context2022_query2023_2025_k0_4_12
forecast_only_latw_audit_US-R3,forecast_only_latw_audit_US-R3_forecast_only_10547,forecast_only,2022-08-02,10547,8,JJA,,artifacts/splits/US_loro_kdate_splits.json,artifacts/regions/US_region_masks.nc,US,US-R3,US-R5,US-R3,target_context,12,0,rootzone,analysis_skill_vs_forecast,0.0,2666,1,0.01627197265625,hyperda_v4_final_2015_2025_context2022_query2023_2025_k0_4_12
forecast_only_latw_audit_US-R3,forecast_only_latw_audit_US-R3_forecast_only_10547,forecast_only,2022-08-02,10547,8,JJA,,artifacts/splits/US_loro_kdate_splits.json,artifacts/regions/US_region_masks.nc,US,US-R3,US-R5,US-R3,target_context,12,0,rootzone,increment_rmse,0.0006844727260744311,2666,1,0.01627197265625,hyperda_v4_final_2015_2025_context2022_query2023_2025_k0_4_12
forecast_only_latw_audit_US-R3,forecast_only_latw_audit_US-R3_forecast_only_10547,forecast_only,2022-08-02,10547,8,JJA,,artifacts/splits/US_loro_kdate_splits.json,artifacts/regions/US_region_masks.nc,US,US-R3,US-R5,US-R3,target_context,12,0,rootzone,increment_mae,0.0003501213938542778,2666,1,0.01627197265625,hyperda_v4_final_2015_2025_context2022_query2023_2025_k0_4_12
forecast_only_latw_audit_US-R3,forecast_only_latw_audit_US-R3_forecast_only_10547,forecast_only,2022-08-02,10547,8,JJA,,artifacts/splits/US_loro_kdate_splits.json,artifacts/regions/US_region_masks.nc,US,US-R3,US-R5,US-R3,target_context,12,0,rootzone,increment_bias,-0.00011753636434679852,2666,1,0.01627197265625,hyperda_v4_final_2015_2025_context2022_query2023_2025_k0_4_12
forecast_only_latw_audit_US-R3,forecast_only_latw_audit_US-R3_forecast_only_10547,forecast_only,2022-08-02,10547,8,JJA,,artifacts/splits/US_loro_kdate_splits.json,artifacts/regions/US_region_masks.nc,US,US-R3,US-R5,US-R3,target_context,12,0,rootzone,increment_corr,,2666,1,0.01627197265625,hyperda_v4_final_2015_2025_context2022_query2023_2025_k0_4_12
forecast_only_latw_audit_US-R3,forecast_only_latw_audit_US-R3_forecast_only_10547,forecast_only,2022-08-02,10547,8,JJA,,artifacts/splits/US_loro_kdate_splits.json,artifacts/regions/US_region_masks.nc,US,US-R3,US-R5,US-R3,target_context,12,0,rootzone,sign_accuracy_deadzone,0.0,2666,1,0.01627197265625,hyperda_v4_final_2015_2025_context2022_query2023_2025_k0_4_12
forecast_only_latw_audit_US-R3,forecast_only_latw_audit_US-R3_forecast_only_10547,forecast_only,2022-08-02,10547,8,JJA,,artifacts/splits/US_loro_kdate_splits.json,artifacts/regions/US_region_masks.nc,US,US-R3,US-R5,US-R3,target_context,12,0,rootzone,high_update_increment_skill,0.0,2666,1,0.01627197265625,hyperda_v4_final_2015_2025_context2022_query2023_2025_k0_4_12
forecast_only_latw_audit_US-R3,forecast_only_latw_audit_US-R3_forecast_only_10547,forecast_only,2022-08-02,10547,8,JJA,,artifacts/splits/US_loro_kdate_splits.json,artifacts/regions/US_region_masks.nc,US,US-R3,US-R5,US-R3,target_context,12,0,rootzone,analysis_mse_latw,4.650151127221913e-07,2666,1,0.01627197265625,hyperda_v4_final_2015_2025_context2022_query2023_2025_k0_4_12
forecast_only_latw_audit_US-R3,forecast_only_latw_audit_US-R3_forecast_only_10547,forecast_only,2022-08-02,10547,8,JJA,,artifacts/splits/US_loro_kdate_splits.json,artifacts/regions/US_region_masks.nc,US,US-R3,US-R5,US-R3,target_context,12,0,rootzone,analysis_rmse_latw,0.0006819201659448057,2666,1,0.01627197265625,hyperda_v4_final_2015_2025_context2022_query2023_2025_k0_4_12
forecast_only_latw_audit_US-R3,forecast_only_latw_audit_US-R3_forecast_only_10547,forecast_only,2022-08-02,10547,8,JJA,,artifacts/splits/US_loro_kdate_splits.json,artifacts/regions/US_region_masks.nc,US,US-R3,US-R5,US-R3,target_context,12,0,rootzone,analysis_rmse_sqrt_before_time_avg_latw,0.0006819201659448057,2666,1,0.01627197265625,hyperda_v4_final_2015_2025_context2022_query2023_2025_k0_4_12
forecast_only_latw_audit_US-R3,forecast_only_latw_audit_US-R3_forecast_only_10547,forecast_only,2022-08-02,10547,8,JJA,,artifacts/splits/US_loro_kdate_splits.json,artifacts/regions/US_region_masks.nc,US,US-R3,US-R5,US-R3,target_context,12,0,rootzone,analysis_skill_vs_forecast_latw,0.0,2666,1,0.01627197265625,hyperda_v4_final_2015_2025_context2022_query2023_2025_k0_4_12
forecast_only_latw_audit_US-R3,forecast_only_latw_audit_US-R3_forecast_only_10547,forecast_only,2022-08-02,10547,8,JJA,,artifacts/splits/US_loro_kdate_splits.json,artifacts/regions/US_region_masks.nc,US,US-R3,US-R5,US-R3,target_context,12,0,rootzone,increment_mse_latw,4.650151127221913e-07,2666,1,0.01627197265625,hyperda_v4_final_2015_2025_context2022_query2023_2025_k0_4_12
forecast_only_latw_audit_US-R3,forecast_only_latw_audit_US-R3_forecast_only_10547,forecast_only,2022-08-02,10547,8,JJA,,artifacts/splits/US_loro_kdate_splits.json,artifacts/regions/US_region_masks.nc,US,US-R3,US-R5,US-R3,target_context,12,0,rootzone,increment_rmse_latw,0.0006819201659448057,2666,1,0.01627197265625,hyperda_v4_final_2015_2025_context2022_query2023_2025_k0_4_12
forecast_only_latw_audit_US-R3,forecast_only_latw_audit_US-R3_forecast_only_10547,forecast_only,2022-08-02,10547,8,JJA,,artifacts/splits/US_loro_kdate_splits.json,artifacts/regions/US_region_masks.nc,US,US-R3,US-R5,US-R3,target_context,12,0,rootzone,increment_rmse_sqrt_before_time_avg_latw,0.0006819201659448057,2666,1,0.01627197265625,hyperda_v4_final_2015_2025_context2022_query2023_2025_k0_4_12
forecast_only_latw_audit_US-R3,forecast_only_latw_audit_US-R3_forecast_only_10547,forecast_only,2022-08-02,10547,8,JJA,,artifacts/splits/US_loro_kdate_splits.json,artifacts/regions/US_region_masks.nc,US,US-R3,US-R5,US-R3,target_context,12,0,rootzone,increment_mae_latw,0.0003491168287267774,2666,1,0.01627197265625,hyperda_v4_final_2015_2025_context2022_query2023_2025_k0_4_12
forecast_only_latw_audit_US-R3,forecast_only_latw_audit_US-R3_forecast_only_10547,forecast_only,2022-08-02,10547,8,JJA,,artifacts/splits/US_loro_kdate_splits.json,artifacts/regions/US_region_masks.nc,US,US-R3,US-R5,US-R3,target_context,12,0,rootzone,increment_bias_latw,-0.00011659040714293449,2666,1,0.01627197265625,hyperda_v4_final_2015_2025_context2022_query2023_2025_k0_4_12
forecast_only_latw_audit_US-R3,forecast_only_latw_audit_US-R3_forecast_only_10547,forecast_only,2022-08-02,10547,8,JJA,,artifacts/splits/US_loro_kdate_splits.json,artifacts/regions/US_region_masks.nc,US,US-R3,US-R5,US-R3,target_context,12,0,rootzone,increment_corr_latw,,2666,1,0.01627197265625,hyperda_v4_final_2015_2025_context2022_query2023_2025_k0_4_12
forecast_only_latw_audit_US-R3,forecast_only_latw_audit_US-R3_forecast_only_10580,forecast_only,2022-09-24,10580,9,SON,,artifacts/splits/US_loro_kdate_splits.json,artifacts/regions/US_region_masks.nc,US,US-R3,US-R5,US-R3,target_context,12,0,surface,analysis_rmse,0.015510532568790236,2666,1,0.01627197265625,hyperda_v4_final_2015_2025_context2022_query2023_2025_k0_4_12
forecast_only_latw_audit_US-R3,forecast_only_latw_audit_US-R3_forecast_only_10580,forecast_only,2022-09-24,10580,9,SON,,artifacts/splits/US_loro_kdate_splits.json,artifacts/regions/US_region_masks.nc,US,US-R3,US-R5,US-R3,target_context,12,0,surface,analysis_mae,0.010851471557017116,2666,1,0.01627197265625,hyperda_v4_final_2015_2025_context2022_query2023_2025_k0_4_12
forecast_only_latw_audit_US-R3,forecast_only_latw_audit_US-R3_forecast_only_10580,forecast_only,2022-09-24,10580,9,SON,,artifacts/splits/US_loro_kdate_splits.json,artifacts/regions/US_region_masks.nc,US,US-R3,US-R5,US-R3,target_context,12,0,surface,analysis_skill_vs_forecast,0.0,2666,1,0.01627197265625,hyperda_v4_final_2015_2025_context2022_query2023_2025_k0_4_12
forecast_only_latw_audit_US-R3,forecast_only_latw_audit_US-R3_forecast_only_10580,forecast_only,2022-09-24,10580,9,SON,,artifacts/splits/US_loro_kdate_splits.json,artifacts/regions/US_region_masks.nc,US,US-R3,US-R5,US-R3,target_context,12,0,surface,increment_rmse,0.015510532568790236,2666,1,0.01627197265625,hyperda_v4_final_2015_2025_context2022_query2023_2025_k0_4_12
forecast_only_latw_audit_US-R3,forecast_only_latw_audit_US-R3_forecast_only_10580,forecast_only,2022-09-24,10580,9,SON,,artifacts/splits/US_loro_kdate_splits.json,artifacts/regions/US_region_masks.nc,US,US-R3,US-R5,US-R3,target_context,12,0,surface,increment_mae,0.010851471557017116,2666,1,0.01627197265625,hyperda_v4_final_2015_2025_context2022_query2023_2025_k0_4_12
forecast_only_latw_audit_US-R3,forecast_only_latw_audit_US-R3_forecast_only_10580,forecast_only,2022-09-24,10580,9,SON,,artifacts/splits/US_loro_kdate_splits.json,artifacts/regions/US_region_masks.nc,US,US-R3,US-R5,US-R3,target_context,12,0,surface,increment_bias,-0.007043129141985341,2666,1,0.01627197265625,hyperda_v4_final_2015_2025_context2022_query2023_2025_k0_4_12
forecast_only_latw_audit_US-R3,forecast_only_latw_audit_US-R3_forecast_only_10580,forecast_only,2022-09-24,10580,9,SON,,artifacts/splits/US_loro_kdate_splits.json,artifacts/regions/US_region_masks.nc,US,US-R3,US-R5,US-R3,target_context,12,0,surface,increment_corr,,2666,1,0.01627197265625,hyperda_v4_final_2015_2025_context2022_query2023_2025_k0_4_12
forecast_only_latw_audit_US-R3,forecast_only_latw_audit_US-R3_forecast_only_10580,forecast_only,2022-09-24,10580,9,SON,,artifacts/splits/US_loro_kdate_splits.json,artifacts/regions/US_region_masks.nc,US,US-R3,US-R5,US-R3,target_context,12,0,surface,sign_accuracy_deadzone,0.0,2666,1,0.01627197265625,hyperda_v4_final_2015_2025_context2022_query2023_2025_k0_4_12
forecast_only_latw_audit_US-R3,forecast_only_latw_audit_US-R3_forecast_only_10580,forecast_only,2022-09-24,10580,9,SON,,artifacts/splits/US_loro_kdate_splits.json,artifacts/regions/US_region_masks.nc,US,US-R3,US-R5,US-R3,target_context,12,0,surface,high_update_increment_skill,0.0,2666,1,0.01627197265625,hyperda_v4_final_2015_2025_context2022_query2023_2025_k0_4_12
forecast_only_latw_audit_US-R3,forecast_only_latw_audit_US-R3_forecast_only_10580,forecast_only,2022-09-24,10580,9,SON,,artifacts/splits/US_loro_kdate_splits.json,artifacts/regions/US_region_masks.nc,US,US-R3,US-R5,US-R3,target_context,12,0,surface,analysis_mse_latw,0.00023628335328193656,2666,1,0.01627197265625,hyperda_v4_final_2015_2025_context2022_query2023_2025_k0_4_12
forecast_only_latw_audit_US-R3,forecast_only_latw_audit_US-R3_forecast_only_10580,forecast_only,2022-09-24,10580,9,SON,,artifacts/splits/US_loro_kdate_splits.json,artifacts/regions/US_region_masks.nc,US,US-R3,US-R5,US-R3,target_context,12,0,surface,analysis_rmse_latw,0.015371511092990713,2666,1,0.01627197265625,hyperda_v4_final_2015_2025_context2022_query2023_2025_k0_4_12
forecast_only_latw_audit_US-R3,forecast_only_latw_audit_US-R3_forecast_only_10580,forecast_only,2022-09-24,10580,9,SON,,artifacts/splits/US_loro_kdate_splits.json,artifacts/regions/US_region_masks.nc,US,US-R3,US-R5,US-R3,target_context,12,0,surface,analysis_rmse_sqrt_before_time_avg_latw,0.015371511092990713,2666,1,0.01627197265625,hyperda_v4_final_2015_2025_context2022_query2023_2025_k0_4_12
forecast_only_latw_audit_US-R3,forecast_only_latw_audit_US-R3_forecast_only_10580,forecast_only,2022-09-24,10580,9,SON,,artifacts/splits/US_loro_kdate_splits.json,artifacts/regions/US_region_masks.nc,US,US-R3,US-R5,US-R3,target_context,12,0,surface,analysis_skill_vs_forecast_latw,0.0,2666,1,0.01627197265625,hyperda_v4_final_2015_2025_context2022_query2023_2025_k0_4_12
forecast_only_latw_audit_US-R3,forecast_only_latw_audit_US-R3_forecast_only_10580,forecast_only,2022-09-24,10580,9,SON,,artifacts/splits/US_loro_kdate_splits.json,artifacts/regions/US_region_masks.nc,US,US-R3,US-R5,US-R3,target_context,12,0,surface,increment_mse_latw,0.00023628335328193656,2666,1,0.01627197265625,hyperda_v4_final_2015_2025_context2022_query2023_2025_k0_4_12
forecast_only_latw_audit_US-R3,forecast_only_latw_audit_US-R3_forecast_only_10580,forecast_only,2022-09-24,10580,9,SON,,artifacts/splits/US_loro_kdate_splits.json,artifacts/regions/US_region_masks.nc,US,US-R3,US-R5,US-R3,target_context,12,0,surface,increment_rmse_latw,0.015371511092990713,2666,1,0.01627197265625,hyperda_v4_final_2015_2025_context2022_query2023_2025_k0_4_12
forecast_only_latw_audit_US-R3,forecast_only_latw_audit_US-R3_forecast_only_10580,forecast_only,2022-09-24,10580,9,SON,,artifacts/splits/US_loro_kdate_splits.json,artifacts/regions/US_region_masks.nc,US,US-R3,US-R5,US-R3,target_context,12,0,surface,increment_rmse_sqrt_before_time_avg_latw,0.015371511092990713,2666,1,0.01627197265625,hyperda_v4_final_2015_2025_context2022_query2023_2025_k0_4_12
forecast_only_latw_audit_US-R3,forecast_only_latw_audit_US-R3_forecast_only_10580,forecast_only,2022-09-24,10580,9,SON,,artifacts/splits/US_loro_kdate_splits.json,artifacts/regions/US_region_masks.nc,US,US-R3,US-R5,US-R3,target_context,12,0,surface,increment_mae_latw,0.010707713403614654,2666,1,0.01627197265625,hyperda_v4_final_2015_2025_context2022_query2023_2025_k0_4_12
forecast_only_latw_audit_US-R3,forecast_only_latw_audit_US-R3_forecast_only_10580,forecast_only,2022-09-24,10580,9,SON,,artifacts/splits/US_loro_kdate_splits.json,artifacts/regions/US_region_masks.nc,US,US-R3,US-R5,US-R3,target_context,12,0,surface,increment_bias_latw,-0.006881690730262259,2666,1,0.01627197265625,hyperda_v4_final_2015_2025_context2022_query2023_2025_k0_4_12
forecast_only_latw_audit_US-R3,forecast_only_latw_audit_US-R3_forecast_only_10580,forecast_only,2022-09-24,10580,9,SON,,artifacts/splits/US_loro_kdate_splits.json,artifacts/regions/US_region_masks.nc,US,US-R3,US-R5,US-R3,target_context,12,0,surface,increment_corr_latw,,2666,1,0.01627197265625,hyperda_v4_final_2015_2025_context2022_query2023_2025_k0_4_12
forecast_only_latw_audit_US-R3,forecast_only_latw_audit_US-R3_forecast_only_10580,forecast_only,2022-09-24,10580,9,SON,,artifacts/splits/US_loro_kdate_splits.json,artifacts/regions/US_region_masks.nc,US,US-R3,US-R5,US-R3,target_context,12,0,rootzone,analysis_rmse,0.0009794081286812668,2666,1,0.01627197265625,hyperda_v4_final_2015_2025_context2022_query2023_2025_k0_4_12
forecast_only_latw_audit_US-R3,forecast_only_latw_audit_US-R3_forecast_only_10580,forecast_only,2022-09-24,10580,9,SON,,artifacts/splits/US_loro_kdate_splits.json,artifacts/regions/US_region_masks.nc,US,US-R3,US-R5,US-R3,target_context,12,0,rootzone,analysis_mae,0.0006622272681246462,2666,1,0.01627197265625,hyperda_v4_final_2015_2025_context2022_query2023_2025_k0_4_12
forecast_only_latw_audit_US-R3,forecast_only_latw_audit_US-R3_forecast_only_10580,forecast_only,2022-09-24,10580,9,SON,,artifacts/splits/US_loro_kdate_splits.json,artifacts/regions/US_region_masks.nc,US,US-R3,US-R5,US-R3,target_context,12,0,rootzone,analysis_skill_vs_forecast,0.0,2666,1,0.01627197265625,hyperda_v4_final_2015_2025_context2022_query2023_2025_k0_4_12
forecast_only_latw_audit_US-R3,forecast_only_latw_audit_US-R3_forecast_only_10580,forecast_only,2022-09-24,10580,9,SON,,artifacts/splits/US_loro_kdate_splits.json,artifacts/regions/US_region_masks.nc,US,US-R3,US-R5,US-R3,target_context,12,0,rootzone,increment_rmse,0.0009794081286812668,2666,1,0.01627197265625,hyperda_v4_final_2015_2025_context2022_query2023_2025_k0_4_12
forecast_only_latw_audit_US-R3,forecast_only_latw_audit_US-R3_forecast_only_10580,forecast_only,2022-09-24,10580,9,SON,,artifacts/splits/US_loro_kdate_splits.json,artifacts/regions/US_region_masks.nc,US,US-R3,US-R5,US-R3,target_context,12,0,rootzone,increment_mae,0.0006622272681246462,2666,1,0.01627197265625,hyperda_v4_final_2015_2025_context2022_query2023_2025_k0_4_12
forecast_only_latw_audit_US-R3,forecast_only_latw_audit_US-R3_forecast_only_10580,forecast_only,2022-09-24,10580,9,SON,,artifacts/splits/US_loro_kdate_splits.json,artifacts/regions/US_region_masks.nc,US,US-R3,US-R5,US-R3,target_context,12,0,rootzone,increment_bias,-0.00044561613110765335,2666,1,0.01627197265625,hyperda_v4_final_2015_2025_context2022_query2023_2025_k0_4_12
forecast_only_latw_audit_US-R3,forecast_only_latw_audit_US-R3_forecast_only_10580,forecast_only,2022-09-24,10580,9,SON,,artifacts/splits/US_loro_kdate_splits.json,artifacts/regions/US_region_masks.nc,US,US-R3,US-R5,US-R3,target_context,12,0,rootzone,increment_corr,,2666,1,0.01627197265625,hyperda_v4_final_2015_2025_context2022_query2023_2025_k0_4_12
forecast_only_latw_audit_US-R3,forecast_only_latw_audit_US-R3_forecast_only_10580,forecast_only,2022-09-24,10580,9,SON,,artifacts/splits/US_loro_kdate_splits.json,artifacts/regions/US_region_masks.nc,US,US-R3,US-R5,US-R3,target_context,12,0,rootzone,sign_accuracy_deadzone,,2666,1,0.01627197265625,hyperda_v4_final_2015_2025_context2022_query2023_2025_k0_4_12
forecast_only_latw_audit_US-R3,forecast_only_latw_audit_US-R3_forecast_only_10580,forecast_only,2022-09-24,10580,9,SON,,artifacts/splits/US_loro_kdate_splits.json,artifacts/regions/US_region_masks.nc,US,US-R3,US-R5,US-R3,target_context,12,0,rootzone,high_update_increment_skill,0.0,2666,1,0.01627197265625,hyperda_v4_final_2015_2025_context2022_query2023_2025_k0_4_12
forecast_only_latw_audit_US-R3,forecast_only_latw_audit_US-R3_forecast_only_10580,forecast_only,2022-09-24,10580,9,SON,,artifacts/splits/US_loro_kdate_splits.json,artifacts/regions/US_region_masks.nc,US,US-R3,US-R5,US-R3,target_context,12,0,rootzone,analysis_mse_latw,9.41849756818572e-07,2666,1,0.01627197265625,hyperda_v4_final_2015_2025_context2022_query2023_2025_k0_4_12
forecast_only_latw_audit_US-R3,forecast_only_latw_audit_US-R3_forecast_only_10580,forecast_only,2022-09-24,10580,9,SON,,artifacts/splits/US_loro_kdate_splits.json,artifacts/regions/US_region_masks.nc,US,US-R3,US-R5,US-R3,target_context,12,0,rootzone,analysis_rmse_latw,0.000970489441889283,2666,1,0.01627197265625,hyperda_v4_final_2015_2025_context2022_query2023_2025_k0_4_12
forecast_only_latw_audit_US-R3,forecast_only_latw_audit_US-R3_forecast_only_10580,forecast_only,2022-09-24,10580,9,SON,,artifacts/splits/US_loro_kdate_splits.json,artifacts/regions/US_region_masks.nc,US,US-R3,US-R5,US-R3,target_context,12,0,rootzone,analysis_rmse_sqrt_before_time_avg_latw,0.000970489441889283,2666,1,0.01627197265625,hyperda_v4_final_2015_2025_context2022_query2023_2025_k0_4_12
forecast_only_latw_audit_US-R3,forecast_only_latw_audit_US-R3_forecast_only_10580,forecast_only,2022-09-24,10580,9,SON,,artifacts/splits/US_loro_kdate_splits.json,artifacts/regions/US_region_masks.nc,US,US-R3,US-R5,US-R3,target_context,12,0,rootzone,analysis_skill_vs_forecast_latw,0.0,2666,1,0.01627197265625,hyperda_v4_final_2015_2025_context2022_query2023_2025_k0_4_12
forecast_only_latw_audit_US-R3,forecast_only_latw_audit_US-R3_forecast_only_10580,forecast_only,2022-09-24,10580,9,SON,,artifacts/splits/US_loro_kdate_splits.json,artifacts/regions/US_region_masks.nc,US,US-R3,US-R5,US-R3,target_context,12,0,rootzone,increment_mse_latw,9.41849756818572e-07,2666,1,0.01627197265625,hyperda_v4_final_2015_2025_context2022_query2023_2025_k0_4_12
forecast_only_latw_audit_US-R3,forecast_only_latw_audit_US-R3_forecast_only_10580,forecast_only,2022-09-24,10580,9,SON,,artifacts/splits/US_loro_kdate_splits.json,artifacts/regions/US_region_masks.nc,US,US-R3,US-R5,US-R3,target_context,12,0,rootzone,increment_rmse_latw,0.000970489441889283,2666,1,0.01627197265625,hyperda_v4_final_2015_2025_context2022_query2023_2025_k0_4_12
forecast_only_latw_audit_US-R3,forecast_only_latw_audit_US-R3_forecast_only_10580,forecast_only,2022-09-24,10580,9,SON,,artifacts/splits/US_loro_kdate_splits.json,artifacts/regions/US_region_masks.nc,US,US-R3,US-R5,US-R3,target_context,12,0,rootzone,increment_rmse_sqrt_before_time_avg_latw,0.000970489441889283,2666,1,0.01627197265625,hyperda_v4_final_2015_2025_context2022_query2023_2025_k0_4_12
forecast_only_latw_audit_US-R3,forecast_only_latw_audit_US-R3_forecast_only_10580,forecast_only,2022-09-24,10580,9,SON,,artifacts/splits/US_loro_kdate_splits.json,artifacts/regions/US_region_masks.nc,US,US-R3,US-R5,US-R3,target_context,12,0,rootzone,increment_mae_latw,0.0006531942800064133,2666,1,0.01627197265625,hyperda_v4_final_2015_2025_context2022_query2023_2025_k0_4_12
forecast_only_latw_audit_US-R3,forecast_only_latw_audit_US-R3_forecast_only_10580,forecast_only,2022-09-24,10580,9,SON,,artifacts/splits/US_loro_kdate_splits.json,artifacts/regions/US_region_masks.nc,US,US-R3,US-R5,US-R3,target_context,12,0,rootzone,increment_bias_latw,-0.0004358447315266539,2666,1,0.01627197265625,hyperda_v4_final_2015_2025_context2022_query2023_2025_k0_4_12
forecast_only_latw_audit_US-R3,forecast_only_latw_audit_US-R3_forecast_only_10580,forecast_only,2022-09-24,10580,9,SON,,artifacts/splits/US_loro_kdate_splits.json,artifacts/regions/US_region_masks.nc,US,US-R3,US-R5,US-R3,target_context,12,0,rootzone,increment_corr_latw,,2666,1,0.01627197265625,hyperda_v4_final_2015_2025_context2022_query2023_2025_k0_4_12
forecast_only_latw_audit_US-R3,forecast_only_latw_audit_US-R3_forecast_only_10710,forecast_only,2022-10-25,10710,10,SON,,artifacts/splits/US_loro_kdate_splits.json,artifacts/regions/US_region_masks.nc,US,US-R3,US-R5,US-R3,target_context,12,0,surface,analysis_rmse,0.009851600238385055,2666,1,0.01627197265625,hyperda_v4_final_2015_2025_context2022_query2023_2025_k0_4_12
forecast_only_latw_audit_US-R3,forecast_only_latw_audit_US-R3_forecast_only_10710,forecast_only,2022-10-25,10710,10,SON,,artifacts/splits/US_loro_kdate_splits.json,artifacts/regions/US_region_masks.nc,US,US-R3,US-R5,US-R3,target_context,12,0,surface,analysis_mae,0.007465285926062365,2666,1,0.01627197265625,hyperda_v4_final_2015_2025_context2022_query2023_2025_k0_4_12
forecast_only_latw_audit_US-R3,forecast_only_latw_audit_US-R3_forecast_only_10710,forecast_only,2022-10-25,10710,10,SON,,artifacts/splits/US_loro_kdate_splits.json,artifacts/regions/US_region_masks.nc,US,US-R3,US-R5,US-R3,target_context,12,0,surface,analysis_skill_vs_forecast,0.0,2666,1,0.01627197265625,hyperda_v4_final_2015_2025_context2022_query2023_2025_k0_4_12
forecast_only_latw_audit_US-R3,forecast_only_latw_audit_US-R3_forecast_only_10710,forecast_only,2022-10-25,10710,10,SON,,artifacts/splits/US_loro_kdate_splits.json,artifacts/regions/US_region_masks.nc,US,US-R3,US-R5,US-R3,target_context,12,0,surface,increment_rmse,0.009851600238385055,2666,1,0.01627197265625,hyperda_v4_final_2015_2025_context2022_query2023_2025_k0_4_12
forecast_only_latw_audit_US-R3,forecast_only_latw_audit_US-R3_forecast_only_10710,forecast_only,2022-10-25,10710,10,SON,,artifacts/splits/US_loro_kdate_splits.json,artifacts/regions/US_region_masks.nc,US,US-R3,US-R5,US-R3,target_context,12,0,surface,increment_mae,0.007465285926062365,2666,1,0.01627197265625,hyperda_v4_final_2015_2025_context2022_query2023_2025_k0_4_12
forecast_only_latw_audit_US-R3,forecast_only_latw_audit_US-R3_forecast_only_10710,forecast_only,2022-10-25,10710,10,SON,,artifacts/splits/US_loro_kdate_splits.json,artifacts/regions/US_region_masks.nc,US,US-R3,US-R5,US-R3,target_context,12,0,surface,increment_bias,0.007120799981700417,2666,1,0.01627197265625,hyperda_v4_final_2015_2025_context2022_query2023_2025_k0_4_12
forecast_only_latw_audit_US-R3,forecast_only_latw_audit_US-R3_forecast_only_10710,forecast_only,2022-10-25,10710,10,SON,,artifacts/splits/US_loro_kdate_splits.json,artifacts/regions/US_region_masks.nc,US,US-R3,US-R5,US-R3,target_context,12,0,surface,increment_corr,,2666,1,0.01627197265625,hyperda_v4_final_2015_2025_context2022_query2023_2025_k0_4_12
forecast_only_latw_audit_US-R3,forecast_only_latw_audit_US-R3_forecast_only_10710,forecast_only,2022-10-25,10710,10,SON,,artifacts/splits/US_loro_kdate_splits.json,artifacts/regions/US_region_masks.nc,US,US-R3,US-R5,US-R3,target_context,12,0,surface,sign_accuracy_deadzone,0.0,2666,1,0.01627197265625,hyperda_v4_final_2015_2025_context2022_query2023_2025_k0_4_12
forecast_only_latw_audit_US-R3,forecast_only_latw_audit_US-R3_forecast_only_10710,forecast_only,2022-10-25,10710,10,SON,,artifacts/splits/US_loro_kdate_splits.json,artifacts/regions/US_region_masks.nc,US,US-R3,US-R5,US-R3,target_context,12,0,surface,high_update_increment_skill,0.0,2666,1,0.01627197265625,hyperda_v4_final_2015_2025_context2022_query2023_2025_k0_4_12
forecast_only_latw_audit_US-R3,forecast_only_latw_audit_US-R3_forecast_only_10710,forecast_only,2022-10-25,10710,10,SON,,artifacts/splits/US_loro_kdate_splits.json,artifacts/regions/US_region_masks.nc,US,US-R3,US-R5,US-R3,target_context,12,0,surface,analysis_mse_latw,9.722705352297026e-05,2666,1,0.01627197265625,hyperda_v4_final_2015_2025_context2022_query2023_2025_k0_4_12
forecast_only_latw_audit_US-R3,forecast_only_latw_audit_US-R3_forecast_only_10710,forecast_only,2022-10-25,10710,10,SON,,artifacts/splits/US_loro_kdate_splits.json,artifacts/regions/US_region_masks.nc,US,US-R3,US-R5,US-R3,target_context,12,0,surface,analysis_rmse_latw,0.009860377960452138,2666,1,0.01627197265625,hyperda_v4_final_2015_2025_context2022_query2023_2025_k0_4_12
forecast_only_latw_audit_US-R3,forecast_only_latw_audit_US-R3_forecast_only_10710,forecast_only,2022-10-25,10710,10,SON,,artifacts/splits/US_loro_kdate_splits.json,artifacts/regions/US_region_masks.nc,US,US-R3,US-R5,US-R3,target_context,12,0,surface,analysis_rmse_sqrt_before_time_avg_latw,0.009860377960452138,2666,1,0.01627197265625,hyperda_v4_final_2015_2025_context2022_query2023_2025_k0_4_12
forecast_only_latw_audit_US-R3,forecast_only_latw_audit_US-R3_forecast_only_10710,forecast_only,2022-10-25,10710,10,SON,,artifacts/splits/US_loro_kdate_splits.json,artifacts/regions/US_region_masks.nc,US,US-R3,US-R5,US-R3,target_context,12,0,surface,analysis_skill_vs_forecast_latw,0.0,2666,1,0.01627197265625,hyperda_v4_final_2015_2025_context2022_query2023_2025_k0_4_12
forecast_only_latw_audit_US-R3,forecast_only_latw_audit_US-R3_forecast_only_10710,forecast_only,2022-10-25,10710,10,SON,,artifacts/splits/US_loro_kdate_splits.json,artifacts/regions/US_region_masks.nc,US,US-R3,US-R5,US-R3,target_context,12,0,surface,increment_mse_latw,9.722705352297026e-05,2666,1,0.01627197265625,hyperda_v4_final_2015_2025_context2022_query2023_2025_k0_4_12
forecast_only_latw_audit_US-R3,forecast_only_latw_audit_US-R3_forecast_only_10710,forecast_only,2022-10-25,10710,10,SON,,artifacts/splits/US_loro_kdate_splits.json,artifacts/regions/US_region_masks.nc,US,US-R3,US-R5,US-R3,target_context,12,0,surface,increment_rmse_latw,0.009860377960452138,2666,1,0.01627197265625,hyperda_v4_final_2015_2025_context2022_query2023_2025_k0_4_12
forecast_only_latw_audit_US-R3,forecast_only_latw_audit_US-R3_forecast_only_10710,forecast_only,2022-10-25,10710,10,SON,,artifacts/splits/US_loro_kdate_splits.json,artifacts/regions/US_region_masks.nc,US,US-R3,US-R5,US-R3,target_context,12,0,surface,increment_rmse_sqrt_before_time_avg_latw,0.009860377960452138,2666,1,0.01627197265625,hyperda_v4_final_2015_2025_context2022_query2023_2025_k0_4_12
forecast_only_latw_audit_US-R3,forecast_only_latw_audit_US-R3_forecast_only_10710,forecast_only,2022-10-25,10710,10,SON,,artifacts/splits/US_loro_kdate_splits.json,artifacts/regions/US_region_masks.nc,US,US-R3,US-R5,US-R3,target_context,12,0,surface,increment_mae_latw,0.007469662647743825,2666,1,0.01627197265625,hyperda_v4_final_2015_2025_context2022_query2023_2025_k0_4_12
forecast_only_latw_audit_US-R3,forecast_only_latw_audit_US-R3_forecast_only_10710,forecast_only,2022-10-25,10710,10,SON,,artifacts/splits/US_loro_kdate_splits.json,artifacts/regions/US_region_masks.nc,US,US-R3,US-R5,US-R3,target_context,12,0,surface,increment_bias_latw,0.007133475486880119,2666,1,0.01627197265625,hyperda_v4_final_2015_2025_context2022_query2023_2025_k0_4_12
forecast_only_latw_audit_US-R3,forecast_only_latw_audit_US-R3_forecast_only_10710,forecast_only,2022-10-25,10710,10,SON,,artifacts/splits/US_loro_kdate_splits.json,artifacts/regions/US_region_masks.nc,US,US-R3,US-R5,US-R3,target_context,12,0,surface,increment_corr_latw,,2666,1,0.01627197265625,hyperda_v4_final_2015_2025_context2022_query2023_2025_k0_4_12
forecast_only_latw_audit_US-R3,forecast_only_latw_audit_US-R3_forecast_only_10710,forecast_only,2022-10-25,10710,10,SON,,artifacts/splits/US_loro_kdate_splits.json,artifacts/regions/US_region_masks.nc,US,US-R3,US-R5,US-R3,target_context,12,0,rootzone,analysis_rmse,0.0005010373411031459,2666,1,0.01627197265625,hyperda_v4_final_2015_2025_context2022_query2023_2025_k0_4_12
forecast_only_latw_audit_US-R3,forecast_only_latw_audit_US-R3_forecast_only_10710,forecast_only,2022-10-25,10710,10,SON,,artifacts/splits/US_loro_kdate_splits.json,artifacts/regions/US_region_masks.nc,US,US-R3,US-R5,US-R3,target_context,12,0,rootzone,analysis_mae,0.0003751298658611268,2666,1,0.01627197265625,hyperda_v4_final_2015_2025_context2022_query2023_2025_k0_4_12
forecast_only_latw_audit_US-R3,forecast_only_latw_audit_US-R3_forecast_only_10710,forecast_only,2022-10-25,10710,10,SON,,artifacts/splits/US_loro_kdate_splits.json,artifacts/regions/US_region_masks.nc,US,US-R3,US-R5,US-R3,target_context,12,0,rootzone,analysis_skill_vs_forecast,0.0,2666,1,0.01627197265625,hyperda_v4_final_2015_2025_context2022_query2023_2025_k0_4_12
forecast_only_latw_audit_US-R3,forecast_only_latw_audit_US-R3_forecast_only_10710,forecast_only,2022-10-25,10710,10,SON,,artifacts/splits/US_loro_kdate_splits.json,artifacts/regions/US_region_masks.nc,US,US-R3,US-R5,US-R3,target_context,12,0,rootzone,increment_rmse,0.0005010373411031459,2666,1,0.01627197265625,hyperda_v4_final_2015_2025_context2022_query2023_2025_k0_4_12
forecast_only_latw_audit_US-R3,forecast_only_latw_audit_US-R3_forecast_only_10710,forecast_only,2022-10-25,10710,10,SON,,artifacts/splits/US_loro_kdate_splits.json,artifacts/regions/US_region_masks.nc,US,US-R3,US-R5,US-R3,target_context,12,0,rootzone,increment_mae,0.0003751298658611268,2666,1,0.01627197265625,hyperda_v4_final_2015_2025_context2022_query2023_2025_k0_4_12
forecast_only_latw_audit_US-R3,forecast_only_latw_audit_US-R3_forecast_only_10710,forecast_only,2022-10-25,10710,10,SON,,artifacts/splits/US_loro_kdate_splits.json,artifacts/regions/US_region_masks.nc,US,US-R3,US-R5,US-R3,target_context,12,0,rootzone,increment_bias,0.00035340998277056957,2666,1,0.01627197265625,hyperda_v4_final_2015_2025_context2022_query2023_2025_k0_4_12
forecast_only_latw_audit_US-R3,forecast_only_latw_audit_US-R3_forecast_only_10710,forecast_only,2022-10-25,10710,10,SON,,artifacts/splits/US_loro_kdate_splits.json,artifacts/regions/US_region_masks.nc,US,US-R3,US-R5,US-R3,target_context,12,0,rootzone,increment_corr,,2666,1,0.01627197265625,hyperda_v4_final_2015_2025_context2022_query2023_2025_k0_4_12
forecast_only_latw_audit_US-R3,forecast_only_latw_audit_US-R3_forecast_only_10710,forecast_only,2022-10-25,10710,10,SON,,artifacts/splits/US_loro_kdate_splits.json,artifacts/regions/US_region_masks.nc,US,US-R3,US-R5,US-R3,target_context,12,0,rootzone,sign_accuracy_deadzone,,2666,1,0.01627197265625,hyperda_v4_final_2015_2025_context2022_query2023_2025_k0_4_12
forecast_only_latw_audit_US-R3,forecast_only_latw_audit_US-R3_forecast_only_10710,forecast_only,2022-10-25,10710,10,SON,,artifacts/splits/US_loro_kdate_splits.json,artifacts/regions/US_region_masks.nc,US,US-R3,US-R5,US-R3,target_context,12,0,rootzone,high_update_increment_skill,0.0,2666,1,0.01627197265625,hyperda_v4_final_2015_2025_context2022_query2023_2025_k0_4_12
forecast_only_latw_audit_US-R3,forecast_only_latw_audit_US-R3_forecast_only_10710,forecast_only,2022-10-25,10710,10,SON,,artifacts/splits/US_loro_kdate_splits.json,artifacts/regions/US_region_masks.nc,US,US-R3,US-R5,US-R3,target_context,12,0,rootzone,analysis_mse_latw,2.5158847988994817e-07,2666,1,0.01627197265625,hyperda_v4_final_2015_2025_context2022_query2023_2025_k0_4_12
forecast_only_latw_audit_US-R3,forecast_only_latw_audit_US-R3_forecast_only_10710,forecast_only,2022-10-25,10710,10,SON,,artifacts/splits/US_loro_kdate_splits.json,artifacts/regions/US_region_masks.nc,US,US-R3,US-R5,US-R3,target_context,12,0,rootzone,analysis_rmse_latw,0.000501585964606216,2666,1,0.01627197265625,hyperda_v4_final_2015_2025_context2022_query2023_2025_k0_4_12
forecast_only_latw_audit_US-R3,forecast_only_latw_audit_US-R3_forecast_only_10710,forecast_only,2022-10-25,10710,10,SON,,artifacts/splits/US_loro_kdate_splits.json,artifacts/regions/US_region_masks.nc,US,US-R3,US-R5,US-R3,target_context,12,0,rootzone,analysis_rmse_sqrt_before_time_avg_latw,0.000501585964606216,2666,1,0.01627197265625,hyperda_v4_final_2015_2025_context2022_query2023_2025_k0_4_12
forecast_only_latw_audit_US-R3,forecast_only_latw_audit_US-R3_forecast_only_10710,forecast_only,2022-10-25,10710,10,SON,,artifacts/splits/US_loro_kdate_splits.json,artifacts/regions/US_region_masks.nc,US,US-R3,US-R5,US-R3,target_context,12,0,rootzone,analysis_skill_vs_forecast_latw,0.0,2666,1,0.01627197265625,hyperda_v4_final_2015_2025_context2022_query2023_2025_k0_4_12
forecast_only_latw_audit_US-R3,forecast_only_latw_audit_US-R3_forecast_only_10710,forecast_only,2022-10-25,10710,10,SON,,artifacts/splits/US_loro_kdate_splits.json,artifacts/regions/US_region_masks.nc,US,US-R3,US-R5,US-R3,target_context,12,0,rootzone,increment_mse_latw,2.5158847988994817e-07,2666,1,0.01627197265625,hyperda_v4_final_2015_2025_context2022_query2023_2025_k0_4_12
forecast_only_latw_audit_US-R3,forecast_only_latw_audit_US-R3_forecast_only_10710,forecast_only,2022-10-25,10710,10,SON,,artifacts/splits/US_loro_kdate_splits.json,artifacts/regions/US_region_masks.nc,US,US-R3,US-R5,US-R3,target_context,12,0,rootzone,increment_rmse_latw,0.000501585964606216,2666,1,0.01627197265625,hyperda_v4_final_2015_2025_context2022_query2023_2025_k0_4_12
forecast_only_latw_audit_US-R3,forecast_only_latw_audit_US-R3_forecast_only_10710,forecast_only,2022-10-25,10710,10,SON,,artifacts/splits/US_loro_kdate_splits.json,artifacts/regions/US_region_masks.nc,US,US-R3,US-R5,US-R3,target_context,12,0,rootzone,increment_rmse_sqrt_before_time_avg_latw,0.000501585964606216,2666,1,0.01627197265625,hyperda_v4_final_2015_2025_context2022_query2023_2025_k0_4_12
forecast_only_latw_audit_US-R3,forecast_only_latw_audit_US-R3_forecast_only_10710,forecast_only,2022-10-25,10710,10,SON,,artifacts/splits/US_loro_kdate_splits.json,artifacts/regions/US_region_masks.nc,US,US-R3,US-R5,US-R3,target_context,12,0,rootzone,increment_mae_latw,0.0003753520969071609,2666,1,0.01627197265625,hyperda_v4_final_2015_2025_context2022_query2023_2025_k0_4_12
forecast_only_latw_audit_US-R3,forecast_only_latw_audit_US-R3_forecast_only_10710,forecast_only,2022-10-25,10710,10,SON,,artifacts/splits/US_loro_kdate_splits.json,artifacts/regions/US_region_masks.nc,US,US-R3,US-R5,US-R3,target_context,12,0,rootzone,increment_bias_latw,0.00035410344499704353,2666,1,0.01627197265625,hyperda_v4_final_2015_2025_context2022_query2023_2025_k0_4_12
forecast_only_latw_audit_US-R3,forecast_only_latw_audit_US-R3_forecast_only_10710,forecast_only,2022-10-25,10710,10,SON,,artifacts/splits/US_loro_kdate_splits.json,artifacts/regions/US_region_masks.nc,US,US-R3,US-R5,US-R3,target_context,12,0,rootzone,increment_corr_latw,,2666,1,0.01627197265625,hyperda_v4_final_2015_2025_context2022_query2023_2025_k0_4_12
forecast_only_latw_audit_US-R3,forecast_only_latw_audit_US-R3_forecast_only_10740,forecast_only,2022-11-01,10740,11,SON,,artifacts/splits/US_loro_kdate_splits.json,artifacts/regions/US_region_masks.nc,US,US-R3,US-R5,US-R3,target_context,12,0,surface,analysis_rmse,0.005739376568470293,2666,1,0.01627197265625,hyperda_v4_final_2015_2025_context2022_query2023_2025_k0_4_12
forecast_only_latw_audit_US-R3,forecast_only_latw_audit_US-R3_forecast_only_10740,forecast_only,2022-11-01,10740,11,SON,,artifacts/splits/US_loro_kdate_splits.json,artifacts/regions/US_region_masks.nc,US,US-R3,US-R5,US-R3,target_context,12,0,surface,analysis_mae,0.003976674994631249,2666,1,0.01627197265625,hyperda_v4_final_2015_2025_context2022_query2023_2025_k0_4_12
forecast_only_latw_audit_US-R3,forecast_only_latw_audit_US-R3_forecast_only_10740,forecast_only,2022-11-01,10740,11,SON,,artifacts/splits/US_loro_kdate_splits.json,artifacts/regions/US_region_masks.nc,US,US-R3,US-R5,US-R3,target_context,12,0,surface,analysis_skill_vs_forecast,0.0,2666,1,0.01627197265625,hyperda_v4_final_2015_2025_context2022_query2023_2025_k0_4_12
forecast_only_latw_audit_US-R3,forecast_only_latw_audit_US-R3_forecast_only_10740,forecast_only,2022-11-01,10740,11,SON,,artifacts/splits/US_loro_kdate_splits.json,artifacts/regions/US_region_masks.nc,US,US-R3,US-R5,US-R3,target_context,12,0,surface,increment_rmse,0.005739376568470293,2666,1,0.01627197265625,hyperda_v4_final_2015_2025_context2022_query2023_2025_k0_4_12
forecast_only_latw_audit_US-R3,forecast_only_latw_audit_US-R3_forecast_only_10740,forecast_only,2022-11-01,10740,11,SON,,artifacts/splits/US_loro_kdate_splits.json,artifacts/regions/US_region_masks.nc,US,US-R3,US-R5,US-R3,target_context,12,0,surface,increment_mae,0.003976674994631249,2666,1,0.01627197265625,hyperda_v4_final_2015_2025_context2022_query2023_2025_k0_4_12
forecast_only_latw_audit_US-R3,forecast_only_latw_audit_US-R3_forecast_only_10740,forecast_only,2022-11-01,10740,11,SON,,artifacts/splits/US_loro_kdate_splits.json,artifacts/regions/US_region_masks.nc,US,US-R3,US-R5,US-R3,target_context,12,0,surface,increment_bias,0.0026397286838833007,2666,1,0.01627197265625,hyperda_v4_final_2015_2025_context2022_query2023_2025_k0_4_12
forecast_only_latw_audit_US-R3,forecast_only_latw_audit_US-R3_forecast_only_10740,forecast_only,2022-11-01,10740,11,SON,,artifacts/splits/US_loro_kdate_splits.json,artifacts/regions/US_region_masks.nc,US,US-R3,US-R5,US-R3,target_context,12,0,surface,increment_corr,,2666,1,0.01627197265625,hyperda_v4_final_2015_2025_context2022_query2023_2025_k0_4_12
forecast_only_latw_audit_US-R3,forecast_only_latw_audit_US-R3_forecast_only_10740,forecast_only,2022-11-01,10740,11,SON,,artifacts/splits/US_loro_kdate_splits.json,artifacts/regions/US_region_masks.nc,US,US-R3,US-R5,US-R3,target_context,12,0,surface,sign_accuracy_deadzone,0.0,2666,1,0.01627197265625,hyperda_v4_final_2015_2025_context2022_query2023_2025_k0_4_12
forecast_only_latw_audit_US-R3,forecast_only_latw_audit_US-R3_forecast_only_10740,forecast_only,2022-11-01,10740,11,SON,,artifacts/splits/US_loro_kdate_splits.json,artifacts/regions/US_region_masks.nc,US,US-R3,US-R5,US-R3,target_context,12,0,surface,high_update_increment_skill,0.0,2666,1,0.01627197265625,hyperda_v4_final_2015_2025_context2022_query2023_2025_k0_4_12
forecast_only_latw_audit_US-R3,forecast_only_latw_audit_US-R3_forecast_only_10740,forecast_only,2022-11-01,10740,11,SON,,artifacts/splits/US_loro_kdate_splits.json,artifacts/regions/US_region_masks.nc,US,US-R3,US-R5,US-R3,target_context,12,0,surface,analysis_mse_latw,3.264964108768403e-05,2666,1,0.01627197265625,hyperda_v4_final_2015_2025_context2022_query2023_2025_k0_4_12
forecast_only_latw_audit_US-R3,forecast_only_latw_audit_US-R3_forecast_only_10740,forecast_only,2022-11-01,10740,11,SON,,artifacts/splits/US_loro_kdate_splits.json,artifacts/regions/US_region_masks.nc,US,US-R3,US-R5,US-R3,target_context,12,0,surface,analysis_rmse_latw,0.005713986444478498,2666,1,0.01627197265625,hyperda_v4_final_2015_2025_context2022_query2023_2025_k0_4_12
forecast_only_latw_audit_US-R3,forecast_only_latw_audit_US-R3_forecast_only_10740,forecast_only,2022-11-01,10740,11,SON,,artifacts/splits/US_loro_kdate_splits.json,artifacts/regions/US_region_masks.nc,US,US-R3,US-R5,US-R3,target_context,12,0,surface,analysis_rmse_sqrt_before_time_avg_latw,0.005713986444478498,2666,1,0.01627197265625,hyperda_v4_final_2015_2025_context2022_query2023_2025_k0_4_12
forecast_only_latw_audit_US-R3,forecast_only_latw_audit_US-R3_forecast_only_10740,forecast_only,2022-11-01,10740,11,SON,,artifacts/splits/US_loro_kdate_splits.json,artifacts/regions/US_region_masks.nc,US,US-R3,US-R5,US-R3,target_context,12,0,surface,analysis_skill_vs_forecast_latw,0.0,2666,1,0.01627197265625,hyperda_v4_final_2015_2025_context2022_query2023_2025_k0_4_12
forecast_only_latw_audit_US-R3,forecast_only_latw_audit_US-R3_forecast_only_10740,forecast_only,2022-11-01,10740,11,SON,,artifacts/splits/US_loro_kdate_splits.json,artifacts/regions/US_region_masks.nc,US,US-R3,US-R5,US-R3,target_context,12,0,surface,increment_mse_latw,3.264964108768403e-05,2666,1,0.01627197265625,hyperda_v4_final_2015_2025_context2022_query2023_2025_k0_4_12
forecast_only_latw_audit_US-R3,forecast_only_latw_audit_US-R3_forecast_only_10740,forecast_only,2022-11-01,10740,11,SON,,artifacts/splits/US_loro_kdate_splits.json,artifacts/regions/US_region_masks.nc,US,US-R3,US-R5,US-R3,target_context,12,0,surface,increment_rmse_latw,0.005713986444478498,2666,1,0.01627197265625,hyperda_v4_final_2015_2025_context2022_query2023_2025_k0_4_12
forecast_only_latw_audit_US-R3,forecast_only_latw_audit_US-R3_forecast_only_10740,forecast_only,2022-11-01,10740,11,SON,,artifacts/splits/US_loro_kdate_splits.json,artifacts/regions/US_region_masks.nc,US,US-R3,US-R5,US-R3,target_context,12,0,surface,increment_rmse_sqrt_before_time_avg_latw,0.005713986444478498,2666,1,0.01627197265625,hyperda_v4_final_2015_2025_context2022_query2023_2025_k0_4_12
forecast_only_latw_audit_US-R3,forecast_only_latw_audit_US-R3_forecast_only_10740,forecast_only,2022-11-01,10740,11,SON,,artifacts/splits/US_loro_kdate_splits.json,artifacts/regions/US_region_masks.nc,US,US-R3,US-R5,US-R3,target_context,12,0,surface,increment_mae_latw,0.003952919930878099,2666,1,0.01627197265625,hyperda_v4_final_2015_2025_context2022_query2023_2025_k0_4_12
forecast_only_latw_audit_US-R3,forecast_only_latw_audit_US-R3_forecast_only_10740,forecast_only,2022-11-01,10740,11,SON,,artifacts/splits/US_loro_kdate_splits.json,artifacts/regions/US_region_masks.nc,US,US-R3,US-R5,US-R3,target_context,12,0,surface,increment_bias_latw,0.0026112069115136883,2666,1,0.01627197265625,hyperda_v4_final_2015_2025_context2022_query2023_2025_k0_4_12
forecast_only_latw_audit_US-R3,forecast_only_latw_audit_US-R3_forecast_only_10740,forecast_only,2022-11-01,10740,11,SON,,artifacts/splits/US_loro_kdate_splits.json,artifacts/regions/US_region_masks.nc,US,US-R3,US-R5,US-R3,target_context,12,0,surface,increment_corr_latw,,2666,1,0.01627197265625,hyperda_v4_final_2015_2025_context2022_query2023_2025_k0_4_12
forecast_only_latw_audit_US-R3,forecast_only_latw_audit_US-R3_forecast_only_10740,forecast_only,2022-11-01,10740,11,SON,,artifacts/splits/US_loro_kdate_splits.json,artifacts/regions/US_region_masks.nc,US,US-R3,US-R5,US-R3,target_context,12,0,rootzone,analysis_rmse,0.00028792921944563015,2666,1,0.01627197265625,hyperda_v4_final_2015_2025_context2022_query2023_2025_k0_4_12
forecast_only_latw_audit_US-R3,forecast_only_latw_audit_US-R3_forecast_only_10740,forecast_only,2022-11-01,10740,11,SON,,artifacts/splits/US_loro_kdate_splits.json,artifacts/regions/US_region_masks.nc,US,US-R3,US-R5,US-R3,target_context,12,0,rootzone,analysis_mae,0.0001987452821041732,2666,1,0.01627197265625,hyperda_v4_final_2015_2025_context2022_query2023_2025_k0_4_12
forecast_only_latw_audit_US-R3,forecast_only_latw_audit_US-R3_forecast_only_10740,forecast_only,2022-11-01,10740,11,SON,,artifacts/splits/US_loro_kdate_splits.json,artifacts/regions/US_region_masks.nc,US,US-R3,US-R5,US-R3,target_context,12,0,rootzone,analysis_skill_vs_forecast,0.0,2666,1,0.01627197265625,hyperda_v4_final_2015_2025_context2022_query2023_2025_k0_4_12
forecast_only_latw_audit_US-R3,forecast_only_latw_audit_US-R3_forecast_only_10740,forecast_only,2022-11-01,10740,11,SON,,artifacts/splits/US_loro_kdate_splits.json,artifacts/regions/US_region_masks.nc,US,US-R3,US-R5,US-R3,target_context,12,0,rootzone,increment_rmse,0.00028792921944563015,2666,1,0.01627197265625,hyperda_v4_final_2015_2025_context2022_query2023_2025_k0_4_12
forecast_only_latw_audit_US-R3,forecast_only_latw_audit_US-R3_forecast_only_10740,forecast_only,2022-11-01,10740,11,SON,,artifacts/splits/US_loro_kdate_splits.json,artifacts/regions/US_region_masks.nc,US,US-R3,US-R5,US-R3,target_context,12,0,rootzone,increment_mae,0.0001987452821041732,2666,1,0.01627197265625,hyperda_v4_final_2015_2025_context2022_query2023_2025_k0_4_12
forecast_only_latw_audit_US-R3,forecast_only_latw_audit_US-R3_forecast_only_10740,forecast_only,2022-11-01,10740,11,SON,,artifacts/splits/US_loro_kdate_splits.json,artifacts/regions/US_region_masks.nc,US,US-R3,US-R5,US-R3,target_context,12,0,rootzone,increment_bias,0.00012785625722278846,2666,1,0.01627197265625,hyperda_v4_final_2015_2025_context2022_query2023_2025_k0_4_12
forecast_only_latw_audit_US-R3,forecast_only_latw_audit_US-R3_forecast_only_10740,forecast_only,2022-11-01,10740,11,SON,,artifacts/splits/US_loro_kdate_splits.json,artifacts/regions/US_region_masks.nc,US,US-R3,US-R5,US-R3,target_context,12,0,rootzone,increment_corr,,2666,1,0.01627197265625,hyperda_v4_final_2015_2025_context2022_query2023_2025_k0_4_12
forecast_only_latw_audit_US-R3,forecast_only_latw_audit_US-R3_forecast_only_10740,forecast_only,2022-11-01,10740,11,SON,,artifacts/splits/US_loro_kdate_splits.json,artifacts/regions/US_region_masks.nc,US,US-R3,US-R5,US-R3,target_context,12,0,rootzone,sign_accuracy_deadzone,,2666,1,0.01627197265625,hyperda_v4_final_2015_2025_context2022_query2023_2025_k0_4_12
forecast_only_latw_audit_US-R3,forecast_only_latw_audit_US-R3_forecast_only_10740,forecast_only,2022-11-01,10740,11,SON,,artifacts/splits/US_loro_kdate_splits.json,artifacts/regions/US_region_masks.nc,US,US-R3,US-R5,US-R3,target_context,12,0,rootzone,high_update_increment_skill,0.0,2666,1,0.01627197265625,hyperda_v4_final_2015_2025_context2022_query2023_2025_k0_4_12
forecast_only_latw_audit_US-R3,forecast_only_latw_audit_US-R3_forecast_only_10740,forecast_only,2022-11-01,10740,11,SON,,artifacts/splits/US_loro_kdate_splits.json,artifacts/regions/US_region_masks.nc,US,US-R3,US-R5,US-R3,target_context,12,0,rootzone,analysis_mse_latw,8.223046071536892e-08,2666,1,0.01627197265625,hyperda_v4_final_2015_2025_context2022_query2023_2025_k0_4_12
forecast_only_latw_audit_US-R3,forecast_only_latw_audit_US-R3_forecast_only_10740,forecast_only,2022-11-01,10740,11,SON,,artifacts/splits/US_loro_kdate_splits.json,artifacts/regions/US_region_masks.nc,US,US-R3,US-R5,US-R3,target_context,12,0,rootzone,analysis_rmse_latw,0.000286758540788882,2666,1,0.01627197265625,hyperda_v4_final_2015_2025_context2022_query2023_2025_k0_4_12
forecast_only_latw_audit_US-R3,forecast_only_latw_audit_US-R3_forecast_only_10740,forecast_only,2022-11-01,10740,11,SON,,artifacts/splits/US_loro_kdate_splits.json,artifacts/regions/US_region_masks.nc,US,US-R3,US-R5,US-R3,target_context,12,0,rootzone,analysis_rmse_sqrt_before_time_avg_latw,0.000286758540788882,2666,1,0.01627197265625,hyperda_v4_final_2015_2025_context2022_query2023_2025_k0_4_12
forecast_only_latw_audit_US-R3,forecast_only_latw_audit_US-R3_forecast_only_10740,forecast_only,2022-11-01,10740,11,SON,,artifacts/splits/US_loro_kdate_splits.json,artifacts/regions/US_region_masks.nc,US,US-R3,US-R5,US-R3,target_context,12,0,rootzone,analysis_skill_vs_forecast_latw,0.0,2666,1,0.01627197265625,hyperda_v4_final_2015_2025_context2022_query2023_2025_k0_4_12
forecast_only_latw_audit_US-R3,forecast_only_latw_audit_US-R3_forecast_only_10740,forecast_only,2022-11-01,10740,11,SON,,artifacts/splits/US_loro_kdate_splits.json,artifacts/regions/US_region_masks.nc,US,US-R3,US-R5,US-R3,target_context,12,0,rootzone,increment_mse_latw,8.223046071536892e-08,2666,1,0.01627197265625,hyperda_v4_final_2015_2025_context2022_query2023_2025_k0_4_12
forecast_only_latw_audit_US-R3,forecast_only_latw_audit_US-R3_forecast_only_10740,forecast_only,2022-11-01,10740,11,SON,,artifacts/splits/US_loro_kdate_splits.json,artifacts/regions/US_region_masks.nc,US,US-R3,US-R5,US-R3,target_context,12,0,rootzone,increment_rmse_latw,0.000286758540788882,2666,1,0.01627197265625,hyperda_v4_final_2015_2025_context2022_query2023_2025_k0_4_12
forecast_only_latw_audit_US-R3,forecast_only_latw_audit_US-R3_forecast_only_10740,forecast_only,2022-11-01,10740,11,SON,,artifacts/splits/US_loro_kdate_splits.json,artifacts/regions/US_region_masks.nc,US,US-R3,US-R5,US-R3,target_context,12,0,rootzone,increment_rmse_sqrt_before_time_avg_latw,0.000286758540788882,2666,1,0.01627197265625,hyperda_v4_final_2015_2025_context2022_query2023_2025_k0_4_12
forecast_only_latw_audit_US-R3,forecast_only_latw_audit_US-R3_forecast_only_10740,forecast_only,2022-11-01,10740,11,SON,,artifacts/splits/US_loro_kdate_splits.json,artifacts/regions/US_region_masks.nc,US,US-R3,US-R5,US-R3,target_context,12,0,rootzone,increment_mae_latw,0.00019759636320263165,2666,1,0.01627197265625,hyperda_v4_final_2015_2025_context2022_query2023_2025_k0_4_12
forecast_only_latw_audit_US-R3,forecast_only_latw_audit_US-R3_forecast_only_10740,forecast_only,2022-11-01,10740,11,SON,,artifacts/splits/US_loro_kdate_splits.json,artifacts/regions/US_region_masks.nc,US,US-R3,US-R5,US-R3,target_context,12,0,rootzone,increment_bias_latw,0.0001265631387048538,2666,1,0.01627197265625,hyperda_v4_final_2015_2025_context2022_query2023_2025_k0_4_12
forecast_only_latw_audit_US-R3,forecast_only_latw_audit_US-R3_forecast_only_10740,forecast_only,2022-11-01,10740,11,SON,,artifacts/splits/US_loro_kdate_splits.json,artifacts/regions/US_region_masks.nc,US,US-R3,US-R5,US-R3,target_context,12,0,rootzone,increment_corr_latw,,2666,1,0.01627197265625,hyperda_v4_final_2015_2025_context2022_query2023_2025_k0_4_12
forecast_only_latw_audit_US-R4,forecast_only_latw_audit_US-R4_forecast_only_10127,forecast_only,2022-04-24,10127,4,MAM,,artifacts/splits/US_loro_kdate_splits.json,artifacts/regions/US_region_masks.nc,US,US-R4,US-R5,US-R4,target_context,12,0,surface,analysis_rmse,0.021266638335131132,8064,1,0.04921875,hyperda_v4_final_2015_2025_context2022_query2023_2025_k0_4_12
forecast_only_latw_audit_US-R4,forecast_only_latw_audit_US-R4_forecast_only_10127,forecast_only,2022-04-24,10127,4,MAM,,artifacts/splits/US_loro_kdate_splits.json,artifacts/regions/US_region_masks.nc,US,US-R4,US-R5,US-R4,target_context,12,0,surface,analysis_mae,0.014271441389740045,8064,1,0.04921875,hyperda_v4_final_2015_2025_context2022_query2023_2025_k0_4_12
forecast_only_latw_audit_US-R4,forecast_only_latw_audit_US-R4_forecast_only_10127,forecast_only,2022-04-24,10127,4,MAM,,artifacts/splits/US_loro_kdate_splits.json,artifacts/regions/US_region_masks.nc,US,US-R4,US-R5,US-R4,target_context,12,0,surface,analysis_skill_vs_forecast,0.0,8064,1,0.04921875,hyperda_v4_final_2015_2025_context2022_query2023_2025_k0_4_12
forecast_only_latw_audit_US-R4,forecast_only_latw_audit_US-R4_forecast_only_10127,forecast_only,2022-04-24,10127,4,MAM,,artifacts/splits/US_loro_kdate_splits.json,artifacts/regions/US_region_masks.nc,US,US-R4,US-R5,US-R4,target_context,12,0,surface,increment_rmse,0.021266638335131132,8064,1,0.04921875,hyperda_v4_final_2015_2025_context2022_query2023_2025_k0_4_12
forecast_only_latw_audit_US-R4,forecast_only_latw_audit_US-R4_forecast_only_10127,forecast_only,2022-04-24,10127,4,MAM,,artifacts/splits/US_loro_kdate_splits.json,artifacts/regions/US_region_masks.nc,US,US-R4,US-R5,US-R4,target_context,12,0,surface,increment_mae,0.014271441389740045,8064,1,0.04921875,hyperda_v4_final_2015_2025_context2022_query2023_2025_k0_4_12
forecast_only_latw_audit_US-R4,forecast_only_latw_audit_US-R4_forecast_only_10127,forecast_only,2022-04-24,10127,4,MAM,,artifacts/splits/US_loro_kdate_splits.json,artifacts/regions/US_region_masks.nc,US,US-R4,US-R5,US-R4,target_context,12,0,surface,increment_bias,-0.013459986209728948,8064,1,0.04921875,hyperda_v4_final_2015_2025_context2022_query2023_2025_k0_4_12
forecast_only_latw_audit_US-R4,forecast_only_latw_audit_US-R4_forecast_only_10127,forecast_only,2022-04-24,10127,4,MAM,,artifacts/splits/US_loro_kdate_splits.json,artifacts/regions/US_region_masks.nc,US,US-R4,US-R5,US-R4,target_context,12,0,surface,increment_corr,,8064,1,0.04921875,hyperda_v4_final_2015_2025_context2022_query2023_2025_k0_4_12
forecast_only_latw_audit_US-R4,forecast_only_latw_audit_US-R4_forecast_only_10127,forecast_only,2022-04-24,10127,4,MAM,,artifacts/splits/US_loro_kdate_splits.json,artifacts/regions/US_region_masks.nc,US,US-R4,US-R5,US-R4,target_context,12,0,surface,sign_accuracy_deadzone,0.0,8064,1,0.04921875,hyperda_v4_final_2015_2025_context2022_query2023_2025_k0_4_12
forecast_only_latw_audit_US-R4,forecast_only_latw_audit_US-R4_forecast_only_10127,forecast_only,2022-04-24,10127,4,MAM,,artifacts/splits/US_loro_kdate_splits.json,artifacts/regions/US_region_masks.nc,US,US-R4,US-R5,US-R4,target_context,12,0,surface,high_update_increment_skill,0.0,8064,1,0.04921875,hyperda_v4_final_2015_2025_context2022_query2023_2025_k0_4_12
forecast_only_latw_audit_US-R4,forecast_only_latw_audit_US-R4_forecast_only_10127,forecast_only,2022-04-24,10127,4,MAM,,artifacts/splits/US_loro_kdate_splits.json,artifacts/regions/US_region_masks.nc,US,US-R4,US-R5,US-R4,target_context,12,0,surface,analysis_mse_latw,0.00045085241055331667,8064,1,0.04921875,hyperda_v4_final_2015_2025_context2022_query2023_2025_k0_4_12
forecast_only_latw_audit_US-R4,forecast_only_latw_audit_US-R4_forecast_only_10127,forecast_only,2022-04-24,10127,4,MAM,,artifacts/splits/US_loro_kdate_splits.json,artifacts/regions/US_region_masks.nc,US,US-R4,US-R5,US-R4,target_context,12,0,surface,analysis_rmse_latw,0.021233285439453704,8064,1,0.04921875,hyperda_v4_final_2015_2025_context2022_query2023_2025_k0_4_12
forecast_only_latw_audit_US-R4,forecast_only_latw_audit_US-R4_forecast_only_10127,forecast_only,2022-04-24,10127,4,MAM,,artifacts/splits/US_loro_kdate_splits.json,artifacts/regions/US_region_masks.nc,US,US-R4,US-R5,US-R4,target_context,12,0,surface,analysis_rmse_sqrt_before_time_avg_latw,0.021233285439453704,8064,1,0.04921875,hyperda_v4_final_2015_2025_context2022_query2023_2025_k0_4_12
forecast_only_latw_audit_US-R4,forecast_only_latw_audit_US-R4_forecast_only_10127,forecast_only,2022-04-24,10127,4,MAM,,artifacts/splits/US_loro_kdate_splits.json,artifacts/regions/US_region_masks.nc,US,US-R4,US-R5,US-R4,target_context,12,0,surface,analysis_skill_vs_forecast_latw,0.0,8064,1,0.04921875,hyperda_v4_final_2015_2025_context2022_query2023_2025_k0_4_12
forecast_only_latw_audit_US-R4,forecast_only_latw_audit_US-R4_forecast_only_10127,forecast_only,2022-04-24,10127,4,MAM,,artifacts/splits/US_loro_kdate_splits.json,artifacts/regions/US_region_masks.nc,US,US-R4,US-R5,US-R4,target_context,12,0,surface,increment_mse_latw,0.00045085241055331667,8064,1,0.04921875,hyperda_v4_final_2015_2025_context2022_query2023_2025_k0_4_12
forecast_only_latw_audit_US-R4,forecast_only_latw_audit_US-R4_forecast_only_10127,forecast_only,2022-04-24,10127,4,MAM,,artifacts/splits/US_loro_kdate_splits.json,artifacts/regions/US_region_masks.nc,US,US-R4,US-R5,US-R4,target_context,12,0,surface,increment_rmse_latw,0.021233285439453704,8064,1,0.04921875,hyperda_v4_final_2015_2025_context2022_query2023_2025_k0_4_12
forecast_only_latw_audit_US-R4,forecast_only_latw_audit_US-R4_forecast_only_10127,forecast_only,2022-04-24,10127,4,MAM,,artifacts/splits/US_loro_kdate_splits.json,artifacts/regions/US_region_masks.nc,US,US-R4,US-R5,US-R4,target_context,12,0,surface,increment_rmse_sqrt_before_time_avg_latw,0.021233285439453704,8064,1,0.04921875,hyperda_v4_final_2015_2025_context2022_query2023_2025_k0_4_12
forecast_only_latw_audit_US-R4,forecast_only_latw_audit_US-R4_forecast_only_10127,forecast_only,2022-04-24,10127,4,MAM,,artifacts/splits/US_loro_kdate_splits.json,artifacts/regions/US_region_masks.nc,US,US-R4,US-R5,US-R4,target_context,12,0,surface,increment_mae_latw,0.014259150672897647,8064,1,0.04921875,hyperda_v4_final_2015_2025_context2022_query2023_2025_k0_4_12
forecast_only_latw_audit_US-R4,forecast_only_latw_audit_US-R4_forecast_only_10127,forecast_only,2022-04-24,10127,4,MAM,,artifacts/splits/US_loro_kdate_splits.json,artifacts/regions/US_region_masks.nc,US,US-R4,US-R5,US-R4,target_context,12,0,surface,increment_bias_latw,-0.013429891765835793,8064,1,0.04921875,hyperda_v4_final_2015_2025_context2022_query2023_2025_k0_4_12
forecast_only_latw_audit_US-R4,forecast_only_latw_audit_US-R4_forecast_only_10127,forecast_only,2022-04-24,10127,4,MAM,,artifacts/splits/US_loro_kdate_splits.json,artifacts/regions/US_region_masks.nc,US,US-R4,US-R5,US-R4,target_context,12,0,surface,increment_corr_latw,,8064,1,0.04921875,hyperda_v4_final_2015_2025_context2022_query2023_2025_k0_4_12
forecast_only_latw_audit_US-R4,forecast_only_latw_audit_US-R4_forecast_only_10127,forecast_only,2022-04-24,10127,4,MAM,,artifacts/splits/US_loro_kdate_splits.json,artifacts/regions/US_region_masks.nc,US,US-R4,US-R5,US-R4,target_context,12,0,rootzone,analysis_rmse,0.0021203098889550458,8064,1,0.04921875,hyperda_v4_final_2015_2025_context2022_query2023_2025_k0_4_12
forecast_only_latw_audit_US-R4,forecast_only_latw_audit_US-R4_forecast_only_10127,forecast_only,2022-04-24,10127,4,MAM,,artifacts/splits/US_loro_kdate_splits.json,artifacts/regions/US_region_masks.nc,US,US-R4,US-R5,US-R4,target_context,12,0,rootzone,analysis_mae,0.0014347296193360337,8064,1,0.04921875,hyperda_v4_final_2015_2025_context2022_query2023_2025_k0_4_12
forecast_only_latw_audit_US-R4,forecast_only_latw_audit_US-R4_forecast_only_10127,forecast_only,2022-04-24,10127,4,MAM,,artifacts/splits/US_loro_kdate_splits.json,artifacts/regions/US_region_masks.nc,US,US-R4,US-R5,US-R4,target_context,12,0,rootzone,analysis_skill_vs_forecast,0.0,8064,1,0.04921875,hyperda_v4_final_2015_2025_context2022_query2023_2025_k0_4_12
forecast_only_latw_audit_US-R4,forecast_only_latw_audit_US-R4_forecast_only_10127,forecast_only,2022-04-24,10127,4,MAM,,artifacts/splits/US_loro_kdate_splits.json,artifacts/regions/US_region_masks.nc,US,US-R4,US-R5,US-R4,target_context,12,0,rootzone,increment_rmse,0.0021203098889550458,8064,1,0.04921875,hyperda_v4_final_2015_2025_context2022_query2023_2025_k0_4_12
forecast_only_latw_audit_US-R4,forecast_only_latw_audit_US-R4_forecast_only_10127,forecast_only,2022-04-24,10127,4,MAM,,artifacts/splits/US_loro_kdate_splits.json,artifacts/regions/US_region_masks.nc,US,US-R4,US-R5,US-R4,target_context,12,0,rootzone,increment_mae,0.0014347296193360337,8064,1,0.04921875,hyperda_v4_final_2015_2025_context2022_query2023_2025_k0_4_12
forecast_only_latw_audit_US-R4,forecast_only_latw_audit_US-R4_forecast_only_10127,forecast_only,2022-04-24,10127,4,MAM,,artifacts/splits/US_loro_kdate_splits.json,artifacts/regions/US_region_masks.nc,US,US-R4,US-R5,US-R4,target_context,12,0,rootzone,increment_bias,-0.0012617677391048461,8064,1,0.04921875,hyperda_v4_final_2015_2025_context2022_query2023_2025_k0_4_12
forecast_only_latw_audit_US-R4,forecast_only_latw_audit_US-R4_forecast_only_10127,forecast_only,2022-04-24,10127,4,MAM,,artifacts/splits/US_loro_kdate_splits.json,artifacts/regions/US_region_masks.nc,US,US-R4,US-R5,US-R4,target_context,12,0,rootzone,increment_corr,,8064,1,0.04921875,hyperda_v4_final_2015_2025_context2022_query2023_2025_k0_4_12
forecast_only_latw_audit_US-R4,forecast_only_latw_audit_US-R4_forecast_only_10127,forecast_only,2022-04-24,10127,4,MAM,,artifacts/splits/US_loro_kdate_splits.json,artifacts/regions/US_region_masks.nc,US,US-R4,US-R5,US-R4,target_context,12,0,rootzone,sign_accuracy_deadzone,0.0,8064,1,0.04921875,hyperda_v4_final_2015_2025_context2022_query2023_2025_k0_4_12
forecast_only_latw_audit_US-R4,forecast_only_latw_audit_US-R4_forecast_only_10127,forecast_only,2022-04-24,10127,4,MAM,,artifacts/splits/US_loro_kdate_splits.json,artifacts/regions/US_region_masks.nc,US,US-R4,US-R5,US-R4,target_context,12,0,rootzone,high_update_increment_skill,0.0,8064,1,0.04921875,hyperda_v4_final_2015_2025_context2022_query2023_2025_k0_4_12
forecast_only_latw_audit_US-R4,forecast_only_latw_audit_US-R4_forecast_only_10127,forecast_only,2022-04-24,10127,4,MAM,,artifacts/splits/US_loro_kdate_splits.json,artifacts/regions/US_region_masks.nc,US,US-R4,US-R5,US-R4,target_context,12,0,rootzone,analysis_mse_latw,4.493621605445991e-06,8064,1,0.04921875,hyperda_v4_final_2015_2025_context2022_query2023_2025_k0_4_12
forecast_only_latw_audit_US-R4,forecast_only_latw_audit_US-R4_forecast_only_10127,forecast_only,2022-04-24,10127,4,MAM,,artifacts/splits/US_loro_kdate_splits.json,artifacts/regions/US_region_masks.nc,US,US-R4,US-R5,US-R4,target_context,12,0,rootzone,analysis_rmse_latw,0.002119816408429275,8064,1,0.04921875,hyperda_v4_final_2015_2025_context2022_query2023_2025_k0_4_12
forecast_only_latw_audit_US-R4,forecast_only_latw_audit_US-R4_forecast_only_10127,forecast_only,2022-04-24,10127,4,MAM,,artifacts/splits/US_loro_kdate_splits.json,artifacts/regions/US_region_masks.nc,US,US-R4,US-R5,US-R4,target_context,12,0,rootzone,analysis_rmse_sqrt_before_time_avg_latw,0.002119816408429275,8064,1,0.04921875,hyperda_v4_final_2015_2025_context2022_query2023_2025_k0_4_12
forecast_only_latw_audit_US-R4,forecast_only_latw_audit_US-R4_forecast_only_10127,forecast_only,2022-04-24,10127,4,MAM,,artifacts/splits/US_loro_kdate_splits.json,artifacts/regions/US_region_masks.nc,US,US-R4,US-R5,US-R4,target_context,12,0,rootzone,analysis_skill_vs_forecast_latw,0.0,8064,1,0.04921875,hyperda_v4_final_2015_2025_context2022_query2023_2025_k0_4_12
forecast_only_latw_audit_US-R4,forecast_only_latw_audit_US-R4_forecast_only_10127,forecast_only,2022-04-24,10127,4,MAM,,artifacts/splits/US_loro_kdate_splits.json,artifacts/regions/US_region_masks.nc,US,US-R4,US-R5,US-R4,target_context,12,0,rootzone,increment_mse_latw,4.493621605445991e-06,8064,1,0.04921875,hyperda_v4_final_2015_2025_context2022_query2023_2025_k0_4_12
forecast_only_latw_audit_US-R4,forecast_only_latw_audit_US-R4_forecast_only_10127,forecast_only,2022-04-24,10127,4,MAM,,artifacts/splits/US_loro_kdate_splits.json,artifacts/regions/US_region_masks.nc,US,US-R4,US-R5,US-R4,target_context,12,0,rootzone,increment_rmse_latw,0.002119816408429275,8064,1,0.04921875,hyperda_v4_final_2015_2025_context2022_query2023_2025_k0_4_12
forecast_only_latw_audit_US-R4,forecast_only_latw_audit_US-R4_forecast_only_10127,forecast_only,2022-04-24,10127,4,MAM,,artifacts/splits/US_loro_kdate_splits.json,artifacts/regions/US_region_masks.nc,US,US-R4,US-R5,US-R4,target_context,12,0,rootzone,increment_rmse_sqrt_before_time_avg_latw,0.002119816408429275,8064,1,0.04921875,hyperda_v4_final_2015_2025_context2022_query2023_2025_k0_4_12
forecast_only_latw_audit_US-R4,forecast_only_latw_audit_US-R4_forecast_only_10127,forecast_only,2022-04-24,10127,4,MAM,,artifacts/splits/US_loro_kdate_splits.json,artifacts/regions/US_region_masks.nc,US,US-R4,US-R5,US-R4,target_context,12,0,rootzone,increment_mae_latw,0.001436470160440801,8064,1,0.04921875,hyperda_v4_final_2015_2025_context2022_query2023_2025_k0_4_12
forecast_only_latw_audit_US-R4,forecast_only_latw_audit_US-R4_forecast_only_10127,forecast_only,2022-04-24,10127,4,MAM,,artifacts/splits/US_loro_kdate_splits.json,artifacts/regions/US_region_masks.nc,US,US-R4,US-R5,US-R4,target_context,12,0,rootzone,increment_bias_latw,-0.0012626055579413947,8064,1,0.04921875,hyperda_v4_final_2015_2025_context2022_query2023_2025_k0_4_12
forecast_only_latw_audit_US-R4,forecast_only_latw_audit_US-R4_forecast_only_10127,forecast_only,2022-04-24,10127,4,MAM,,artifacts/splits/US_loro_kdate_splits.json,artifacts/regions/US_region_masks.nc,US,US-R4,US-R5,US-R4,target_context,12,0,rootzone,increment_corr_latw,,8064,1,0.04921875,hyperda_v4_final_2015_2025_context2022_query2023_2025_k0_4_12
forecast_only_latw_audit_US-R4,forecast_only_latw_audit_US-R4_forecast_only_10160,forecast_only,2022-05-02,10160,5,MAM,,artifacts/splits/US_loro_kdate_splits.json,artifacts/regions/US_region_masks.nc,US,US-R4,US-R5,US-R4,target_context,12,0,surface,analysis_rmse,0.029730973140668835,8064,1,0.04921875,hyperda_v4_final_2015_2025_context2022_query2023_2025_k0_4_12
forecast_only_latw_audit_US-R4,forecast_only_latw_audit_US-R4_forecast_only_10160,forecast_only,2022-05-02,10160,5,MAM,,artifacts/splits/US_loro_kdate_splits.json,artifacts/regions/US_region_masks.nc,US,US-R4,US-R5,US-R4,target_context,12,0,surface,analysis_mae,0.018538982274809053,8064,1,0.04921875,hyperda_v4_final_2015_2025_context2022_query2023_2025_k0_4_12
forecast_only_latw_audit_US-R4,forecast_only_latw_audit_US-R4_forecast_only_10160,forecast_only,2022-05-02,10160,5,MAM,,artifacts/splits/US_loro_kdate_splits.json,artifacts/regions/US_region_masks.nc,US,US-R4,US-R5,US-R4,target_context,12,0,surface,analysis_skill_vs_forecast,0.0,8064,1,0.04921875,hyperda_v4_final_2015_2025_context2022_query2023_2025_k0_4_12
forecast_only_latw_audit_US-R4,forecast_only_latw_audit_US-R4_forecast_only_10160,forecast_only,2022-05-02,10160,5,MAM,,artifacts/splits/US_loro_kdate_splits.json,artifacts/regions/US_region_masks.nc,US,US-R4,US-R5,US-R4,target_context,12,0,surface,increment_rmse,0.029730973140668835,8064,1,0.04921875,hyperda_v4_final_2015_2025_context2022_query2023_2025_k0_4_12
forecast_only_latw_audit_US-R4,forecast_only_latw_audit_US-R4_forecast_only_10160,forecast_only,2022-05-02,10160,5,MAM,,artifacts/splits/US_loro_kdate_splits.json,artifacts/regions/US_region_masks.nc,US,US-R4,US-R5,US-R4,target_context,12,0,surface,increment_mae,0.018538982274809053,8064,1,0.04921875,hyperda_v4_final_2015_2025_context2022_query2023_2025_k0_4_12
forecast_only_latw_audit_US-R4,forecast_only_latw_audit_US-R4_forecast_only_10160,forecast_only,2022-05-02,10160,5,MAM,,artifacts/splits/US_loro_kdate_splits.json,artifacts/regions/US_region_masks.nc,US,US-R4,US-R5,US-R4,target_context,12,0,surface,increment_bias,-0.014592658839232865,8064,1,0.04921875,hyperda_v4_final_2015_2025_context2022_query2023_2025_k0_4_12
forecast_only_latw_audit_US-R4,forecast_only_latw_audit_US-R4_forecast_only_10160,forecast_only,2022-05-02,10160,5,MAM,,artifacts/splits/US_loro_kdate_splits.json,artifacts/regions/US_region_masks.nc,US,US-R4,US-R5,US-R4,target_context,12,0,surface,increment_corr,,8064,1,0.04921875,hyperda_v4_final_2015_2025_context2022_query2023_2025_k0_4_12
forecast_only_latw_audit_US-R4,forecast_only_latw_audit_US-R4_forecast_only_10160,forecast_only,2022-05-02,10160,5,MAM,,artifacts/splits/US_loro_kdate_splits.json,artifacts/regions/US_region_masks.nc,US,US-R4,US-R5,US-R4,target_context,12,0,surface,sign_accuracy_deadzone,0.0,8064,1,0.04921875,hyperda_v4_final_2015_2025_context2022_query2023_2025_k0_4_12
forecast_only_latw_audit_US-R4,forecast_only_latw_audit_US-R4_forecast_only_10160,forecast_only,2022-05-02,10160,5,MAM,,artifacts/splits/US_loro_kdate_splits.json,artifacts/regions/US_region_masks.nc,US,US-R4,US-R5,US-R4,target_context,12,0,surface,high_update_increment_skill,0.0,8064,1,0.04921875,hyperda_v4_final_2015_2025_context2022_query2023_2025_k0_4_12
forecast_only_latw_audit_US-R4,forecast_only_latw_audit_US-R4_forecast_only_10160,forecast_only,2022-05-02,10160,5,MAM,,artifacts/splits/US_loro_kdate_splits.json,artifacts/regions/US_region_masks.nc,US,US-R4,US-R5,US-R4,target_context,12,0,surface,analysis_mse_latw,0.0008766564092076235,8064,1,0.04921875,hyperda_v4_final_2015_2025_context2022_query2023_2025_k0_4_12
forecast_only_latw_audit_US-R4,forecast_only_latw_audit_US-R4_forecast_only_10160,forecast_only,2022-05-02,10160,5,MAM,,artifacts/splits/US_loro_kdate_splits.json,artifacts/regions/US_region_masks.nc,US,US-R4,US-R5,US-R4,target_context,12,0,surface,analysis_rmse_latw,0.029608384103284386,8064,1,0.04921875,hyperda_v4_final_2015_2025_context2022_query2023_2025_k0_4_12
forecast_only_latw_audit_US-R4,forecast_only_latw_audit_US-R4_forecast_only_10160,forecast_only,2022-05-02,10160,5,MAM,,artifacts/splits/US_loro_kdate_splits.json,artifacts/regions/US_region_masks.nc,US,US-R4,US-R5,US-R4,target_context,12,0,surface,analysis_rmse_sqrt_before_time_avg_latw,0.029608384103284386,8064,1,0.04921875,hyperda_v4_final_2015_2025_context2022_query2023_2025_k0_4_12
forecast_only_latw_audit_US-R4,forecast_only_latw_audit_US-R4_forecast_only_10160,forecast_only,2022-05-02,10160,5,MAM,,artifacts/splits/US_loro_kdate_splits.json,artifacts/regions/US_region_masks.nc,US,US-R4,US-R5,US-R4,target_context,12,0,surface,analysis_skill_vs_forecast_latw,0.0,8064,1,0.04921875,hyperda_v4_final_2015_2025_context2022_query2023_2025_k0_4_12
forecast_only_latw_audit_US-R4,forecast_only_latw_audit_US-R4_forecast_only_10160,forecast_only,2022-05-02,10160,5,MAM,,artifacts/splits/US_loro_kdate_splits.json,artifacts/regions/US_region_masks.nc,US,US-R4,US-R5,US-R4,target_context,12,0,surface,increment_mse_latw,0.0008766564092076235,8064,1,0.04921875,hyperda_v4_final_2015_2025_context2022_query2023_2025_k0_4_12
forecast_only_latw_audit_US-R4,forecast_only_latw_audit_US-R4_forecast_only_10160,forecast_only,2022-05-02,10160,5,MAM,,artifacts/splits/US_loro_kdate_splits.json,artifacts/regions/US_region_masks.nc,US,US-R4,US-R5,US-R4,target_context,12,0,surface,increment_rmse_latw,0.029608384103284386,8064,1,0.04921875,hyperda_v4_final_2015_2025_context2022_query2023_2025_k0_4_12
forecast_only_latw_audit_US-R4,forecast_only_latw_audit_US-R4_forecast_only_10160,forecast_only,2022-05-02,10160,5,MAM,,artifacts/splits/US_loro_kdate_splits.json,artifacts/regions/US_region_masks.nc,US,US-R4,US-R5,US-R4,target_context,12,0,surface,increment_rmse_sqrt_before_time_avg_latw,0.029608384103284386,8064,1,0.04921875,hyperda_v4_final_2015_2025_context2022_query2023_2025_k0_4_12
forecast_only_latw_audit_US-R4,forecast_only_latw_audit_US-R4_forecast_only_10160,forecast_only,2022-05-02,10160,5,MAM,,artifacts/splits/US_loro_kdate_splits.json,artifacts/regions/US_region_masks.nc,US,US-R4,US-R5,US-R4,target_context,12,0,surface,increment_mae_latw,0.018528196908044855,8064,1,0.04921875,hyperda_v4_final_2015_2025_context2022_query2023_2025_k0_4_12
forecast_only_latw_audit_US-R4,forecast_only_latw_audit_US-R4_forecast_only_10160,forecast_only,2022-05-02,10160,5,MAM,,artifacts/splits/US_loro_kdate_splits.json,artifacts/regions/US_region_masks.nc,US,US-R4,US-R5,US-R4,target_context,12,0,surface,increment_bias_latw,-0.014495457495937007,8064,1,0.04921875,hyperda_v4_final_2015_2025_context2022_query2023_2025_k0_4_12
forecast_only_latw_audit_US-R4,forecast_only_latw_audit_US-R4_forecast_only_10160,forecast_only,2022-05-02,10160,5,MAM,,artifacts/splits/US_loro_kdate_splits.json,artifacts/regions/US_region_masks.nc,US,US-R4,US-R5,US-R4,target_context,12,0,surface,increment_corr_latw,,8064,1,0.04921875,hyperda_v4_final_2015_2025_context2022_query2023_2025_k0_4_12
forecast_only_latw_audit_US-R4,forecast_only_latw_audit_US-R4_forecast_only_10160,forecast_only,2022-05-02,10160,5,MAM,,artifacts/splits/US_loro_kdate_splits.json,artifacts/regions/US_region_masks.nc,US,US-R4,US-R5,US-R4,target_context,12,0,rootzone,analysis_rmse,0.0022076105253022284,8064,1,0.04921875,hyperda_v4_final_2015_2025_context2022_query2023_2025_k0_4_12
forecast_only_latw_audit_US-R4,forecast_only_latw_audit_US-R4_forecast_only_10160,forecast_only,2022-05-02,10160,5,MAM,,artifacts/splits/US_loro_kdate_splits.json,artifacts/regions/US_region_masks.nc,US,US-R4,US-R5,US-R4,target_context,12,0,rootzone,analysis_mae,0.0014022310913008238,8064,1,0.04921875,hyperda_v4_final_2015_2025_context2022_query2023_2025_k0_4_12
forecast_only_latw_audit_US-R4,forecast_only_latw_audit_US-R4_forecast_only_10160,forecast_only,2022-05-02,10160,5,MAM,,artifacts/splits/US_loro_kdate_splits.json,artifacts/regions/US_region_masks.nc,US,US-R4,US-R5,US-R4,target_context,12,0,rootzone,analysis_skill_vs_forecast,0.0,8064,1,0.04921875,hyperda_v4_final_2015_2025_context2022_query2023_2025_k0_4_12
forecast_only_latw_audit_US-R4,forecast_only_latw_audit_US-R4_forecast_only_10160,forecast_only,2022-05-02,10160,5,MAM,,artifacts/splits/US_loro_kdate_splits.json,artifacts/regions/US_region_masks.nc,US,US-R4,US-R5,US-R4,target_context,12,0,rootzone,increment_rmse,0.0022076105253022284,8064,1,0.04921875,hyperda_v4_final_2015_2025_context2022_query2023_2025_k0_4_12
forecast_only_latw_audit_US-R4,forecast_only_latw_audit_US-R4_forecast_only_10160,forecast_only,2022-05-02,10160,5,MAM,,artifacts/splits/US_loro_kdate_splits.json,artifacts/regions/US_region_masks.nc,US,US-R4,US-R5,US-R4,target_context,12,0,rootzone,increment_mae,0.0014022310913008238,8064,1,0.04921875,hyperda_v4_final_2015_2025_context2022_query2023_2025_k0_4_12
forecast_only_latw_audit_US-R4,forecast_only_latw_audit_US-R4_forecast_only_10160,forecast_only,2022-05-02,10160,5,MAM,,artifacts/splits/US_loro_kdate_splits.json,artifacts/regions/US_region_masks.nc,US,US-R4,US-R5,US-R4,target_context,12,0,rootzone,increment_bias,-0.0010013475132706975,8064,1,0.04921875,hyperda_v4_final_2015_2025_context2022_query2023_2025_k0_4_12
forecast_only_latw_audit_US-R4,forecast_only_latw_audit_US-R4_forecast_only_10160,forecast_only,2022-05-02,10160,5,MAM,,artifacts/splits/US_loro_kdate_splits.json,artifacts/regions/US_region_masks.nc,US,US-R4,US-R5,US-R4,target_context,12,0,rootzone,increment_corr,,8064,1,0.04921875,hyperda_v4_final_2015_2025_context2022_query2023_2025_k0_4_12
forecast_only_latw_audit_US-R4,forecast_only_latw_audit_US-R4_forecast_only_10160,forecast_only,2022-05-02,10160,5,MAM,,artifacts/splits/US_loro_kdate_splits.json,artifacts/regions/US_region_masks.nc,US,US-R4,US-R5,US-R4,target_context,12,0,rootzone,sign_accuracy_deadzone,0.0,8064,1,0.04921875,hyperda_v4_final_2015_2025_context2022_query2023_2025_k0_4_12
forecast_only_latw_audit_US-R4,forecast_only_latw_audit_US-R4_forecast_only_10160,forecast_only,2022-05-02,10160,5,MAM,,artifacts/splits/US_loro_kdate_splits.json,artifacts/regions/US_region_masks.nc,US,US-R4,US-R5,US-R4,target_context,12,0,rootzone,high_update_increment_skill,0.0,8064,1,0.04921875,hyperda_v4_final_2015_2025_context2022_query2023_2025_k0_4_12
forecast_only_latw_audit_US-R4,forecast_only_latw_audit_US-R4_forecast_only_10160,forecast_only,2022-05-02,10160,5,MAM,,artifacts/splits/US_loro_kdate_splits.json,artifacts/regions/US_region_masks.nc,US,US-R4,US-R5,US-R4,target_context,12,0,rootzone,analysis_mse_latw,4.843503965179921e-06,8064,1,0.04921875,hyperda_v4_final_2015_2025_context2022_query2023_2025_k0_4_12
forecast_only_latw_audit_US-R4,forecast_only_latw_audit_US-R4_forecast_only_10160,forecast_only,2022-05-02,10160,5,MAM,,artifacts/splits/US_loro_kdate_splits.json,artifacts/regions/US_region_masks.nc,US,US-R4,US-R5,US-R4,target_context,12,0,rootzone,analysis_rmse_latw,0.0022007962116424866,8064,1,0.04921875,hyperda_v4_final_2015_2025_context2022_query2023_2025_k0_4_12
forecast_only_latw_audit_US-R4,forecast_only_latw_audit_US-R4_forecast_only_10160,forecast_only,2022-05-02,10160,5,MAM,,artifacts/splits/US_loro_kdate_splits.json,artifacts/regions/US_region_masks.nc,US,US-R4,US-R5,US-R4,target_context,12,0,rootzone,analysis_rmse_sqrt_before_time_avg_latw,0.0022007962116424866,8064,1,0.04921875,hyperda_v4_final_2015_2025_context2022_query2023_2025_k0_4_12
forecast_only_latw_audit_US-R4,forecast_only_latw_audit_US-R4_forecast_only_10160,forecast_only,2022-05-02,10160,5,MAM,,artifacts/splits/US_loro_kdate_splits.json,artifacts/regions/US_region_masks.nc,US,US-R4,US-R5,US-R4,target_context,12,0,rootzone,analysis_skill_vs_forecast_latw,0.0,8064,1,0.04921875,hyperda_v4_final_2015_2025_context2022_query2023_2025_k0_4_12
forecast_only_latw_audit_US-R4,forecast_only_latw_audit_US-R4_forecast_only_10160,forecast_only,2022-05-02,10160,5,MAM,,artifacts/splits/US_loro_kdate_splits.json,artifacts/regions/US_region_masks.nc,US,US-R4,US-R5,US-R4,target_context,12,0,rootzone,increment_mse_latw,4.843503965179921e-06,8064,1,0.04921875,hyperda_v4_final_2015_2025_context2022_query2023_2025_k0_4_12
forecast_only_latw_audit_US-R4,forecast_only_latw_audit_US-R4_forecast_only_10160,forecast_only,2022-05-02,10160,5,MAM,,artifacts/splits/US_loro_kdate_splits.json,artifacts/regions/US_region_masks.nc,US,US-R4,US-R5,US-R4,target_context,12,0,rootzone,increment_rmse_latw,0.0022007962116424866,8064,1,0.04921875,hyperda_v4_final_2015_2025_context2022_query2023_2025_k0_4_12
forecast_only_latw_audit_US-R4,forecast_only_latw_audit_US-R4_forecast_only_10160,forecast_only,2022-05-02,10160,5,MAM,,artifacts/splits/US_loro_kdate_splits.json,artifacts/regions/US_region_masks.nc,US,US-R4,US-R5,US-R4,target_context,12,0,rootzone,increment_rmse_sqrt_before_time_avg_latw,0.0022007962116424866,8064,1,0.04921875,hyperda_v4_final_2015_2025_context2022_query2023_2025_k0_4_12
forecast_only_latw_audit_US-R4,forecast_only_latw_audit_US-R4_forecast_only_10160,forecast_only,2022-05-02,10160,5,MAM,,artifacts/splits/US_loro_kdate_splits.json,artifacts/regions/US_region_masks.nc,US,US-R4,US-R5,US-R4,target_context,12,0,rootzone,increment_mae_latw,0.0014036099083241371,8064,1,0.04921875,hyperda_v4_final_2015_2025_context2022_query2023_2025_k0_4_12
forecast_only_latw_audit_US-R4,forecast_only_latw_audit_US-R4_forecast_only_10160,forecast_only,2022-05-02,10160,5,MAM,,artifacts/splits/US_loro_kdate_splits.json,artifacts/regions/US_region_masks.nc,US,US-R4,US-R5,US-R4,target_context,12,0,rootzone,increment_bias_latw,-0.000994079435434095,8064,1,0.04921875,hyperda_v4_final_2015_2025_context2022_query2023_2025_k0_4_12
forecast_only_latw_audit_US-R4,forecast_only_latw_audit_US-R4_forecast_only_10160,forecast_only,2022-05-02,10160,5,MAM,,artifacts/splits/US_loro_kdate_splits.json,artifacts/regions/US_region_masks.nc,US,US-R4,US-R5,US-R4,target_context,12,0,rootzone,increment_corr_latw,,8064,1,0.04921875,hyperda_v4_final_2015_2025_context2022_query2023_2025_k0_4_12
forecast_only_latw_audit_US-R4,forecast_only_latw_audit_US-R4_forecast_only_10294,forecast_only,2022-06-03,10294,6,JJA,,artifacts/splits/US_loro_kdate_splits.json,artifacts/regions/US_region_masks.nc,US,US-R4,US-R5,US-R4,target_context,12,0,surface,analysis_rmse,0.026190869394827097,8064,1,0.04921875,hyperda_v4_final_2015_2025_context2022_query2023_2025_k0_4_12
forecast_only_latw_audit_US-R4,forecast_only_latw_audit_US-R4_forecast_only_10294,forecast_only,2022-06-03,10294,6,JJA,,artifacts/splits/US_loro_kdate_splits.json,artifacts/regions/US_region_masks.nc,US,US-R4,US-R5,US-R4,target_context,12,0,surface,analysis_mae,0.018638004250417922,8064,1,0.04921875,hyperda_v4_final_2015_2025_context2022_query2023_2025_k0_4_12
forecast_only_latw_audit_US-R4,forecast_only_latw_audit_US-R4_forecast_only_10294,forecast_only,2022-06-03,10294,6,JJA,,artifacts/splits/US_loro_kdate_splits.json,artifacts/regions/US_region_masks.nc,US,US-R4,US-R5,US-R4,target_context,12,0,surface,analysis_skill_vs_forecast,0.0,8064,1,0.04921875,hyperda_v4_final_2015_2025_context2022_query2023_2025_k0_4_12
forecast_only_latw_audit_US-R4,forecast_only_latw_audit_US-R4_forecast_only_10294,forecast_only,2022-06-03,10294,6,JJA,,artifacts/splits/US_loro_kdate_splits.json,artifacts/regions/US_region_masks.nc,US,US-R4,US-R5,US-R4,target_context,12,0,surface,increment_rmse,0.026190869394827097,8064,1,0.04921875,hyperda_v4_final_2015_2025_context2022_query2023_2025_k0_4_12
forecast_only_latw_audit_US-R4,forecast_only_latw_audit_US-R4_forecast_only_10294,forecast_only,2022-06-03,10294,6,JJA,,artifacts/splits/US_loro_kdate_splits.json,artifacts/regions/US_region_masks.nc,US,US-R4,US-R5,US-R4,target_context,12,0,surface,increment_mae,0.018638004250417922,8064,1,0.04921875,hyperda_v4_final_2015_2025_context2022_query2023_2025_k0_4_12
forecast_only_latw_audit_US-R4,forecast_only_latw_audit_US-R4_forecast_only_10294,forecast_only,2022-06-03,10294,6,JJA,,artifacts/splits/US_loro_kdate_splits.json,artifacts/regions/US_region_masks.nc,US,US-R4,US-R5,US-R4,target_context,12,0,surface,increment_bias,0.010635534997120322,8064,1,0.04921875,hyperda_v4_final_2015_2025_context2022_query2023_2025_k0_4_12
forecast_only_latw_audit_US-R4,forecast_only_latw_audit_US-R4_forecast_only_10294,forecast_only,2022-06-03,10294,6,JJA,,artifacts/splits/US_loro_kdate_splits.json,artifacts/regions/US_region_masks.nc,US,US-R4,US-R5,US-R4,target_context,12,0,surface,increment_corr,,8064,1,0.04921875,hyperda_v4_final_2015_2025_context2022_query2023_2025_k0_4_12
forecast_only_latw_audit_US-R4,forecast_only_latw_audit_US-R4_forecast_only_10294,forecast_only,2022-06-03,10294,6,JJA,,artifacts/splits/US_loro_kdate_splits.json,artifacts/regions/US_region_masks.nc,US,US-R4,US-R5,US-R4,target_context,12,0,surface,sign_accuracy_deadzone,0.0,8064,1,0.04921875,hyperda_v4_final_2015_2025_context2022_query2023_2025_k0_4_12
forecast_only_latw_audit_US-R4,forecast_only_latw_audit_US-R4_forecast_only_10294,forecast_only,2022-06-03,10294,6,JJA,,artifacts/splits/US_loro_kdate_splits.json,artifacts/regions/US_region_masks.nc,US,US-R4,US-R5,US-R4,target_context,12,0,surface,high_update_increment_skill,0.0,8064,1,0.04921875,hyperda_v4_final_2015_2025_context2022_query2023_2025_k0_4_12
forecast_only_latw_audit_US-R4,forecast_only_latw_audit_US-R4_forecast_only_10294,forecast_only,2022-06-03,10294,6,JJA,,artifacts/splits/US_loro_kdate_splits.json,artifacts/regions/US_region_masks.nc,US,US-R4,US-R5,US-R4,target_context,12,0,surface,analysis_mse_latw,0.0006942278461663157,8064,1,0.04921875,hyperda_v4_final_2015_2025_context2022_query2023_2025_k0_4_12
forecast_only_latw_audit_US-R4,forecast_only_latw_audit_US-R4_forecast_only_10294,forecast_only,2022-06-03,10294,6,JJA,,artifacts/splits/US_loro_kdate_splits.json,artifacts/regions/US_region_masks.nc,US,US-R4,US-R5,US-R4,target_context,12,0,surface,analysis_rmse_latw,0.026348203850857,8064,1,0.04921875,hyperda_v4_final_2015_2025_context2022_query2023_2025_k0_4_12
forecast_only_latw_audit_US-R4,forecast_only_latw_audit_US-R4_forecast_only_10294,forecast_only,2022-06-03,10294,6,JJA,,artifacts/splits/US_loro_kdate_splits.json,artifacts/regions/US_region_masks.nc,US,US-R4,US-R5,US-R4,target_context,12,0,surface,analysis_rmse_sqrt_before_time_avg_latw,0.026348203850857,8064,1,0.04921875,hyperda_v4_final_2015_2025_context2022_query2023_2025_k0_4_12
forecast_only_latw_audit_US-R4,forecast_only_latw_audit_US-R4_forecast_only_10294,forecast_only,2022-06-03,10294,6,JJA,,artifacts/splits/US_loro_kdate_splits.json,artifacts/regions/US_region_masks.nc,US,US-R4,US-R5,US-R4,target_context,12,0,surface,analysis_skill_vs_forecast_latw,0.0,8064,1,0.04921875,hyperda_v4_final_2015_2025_context2022_query2023_2025_k0_4_12
forecast_only_latw_audit_US-R4,forecast_only_latw_audit_US-R4_forecast_only_10294,forecast_only,2022-06-03,10294,6,JJA,,artifacts/splits/US_loro_kdate_splits.json,artifacts/regions/US_region_masks.nc,US,US-R4,US-R5,US-R4,target_context,12,0,surface,increment_mse_latw,0.0006942278461663157,8064,1,0.04921875,hyperda_v4_final_2015_2025_context2022_query2023_2025_k0_4_12
forecast_only_latw_audit_US-R4,forecast_only_latw_audit_US-R4_forecast_only_10294,forecast_only,2022-06-03,10294,6,JJA,,artifacts/splits/US_loro_kdate_splits.json,artifacts/regions/US_region_masks.nc,US,US-R4,US-R5,US-R4,target_context,12,0,surface,increment_rmse_latw,0.026348203850857,8064,1,0.04921875,hyperda_v4_final_2015_2025_context2022_query2023_2025_k0_4_12
forecast_only_latw_audit_US-R4,forecast_only_latw_audit_US-R4_forecast_only_10294,forecast_only,2022-06-03,10294,6,JJA,,artifacts/splits/US_loro_kdate_splits.json,artifacts/regions/US_region_masks.nc,US,US-R4,US-R5,US-R4,target_context,12,0,surface,increment_rmse_sqrt_before_time_avg_latw,0.026348203850857,8064,1,0.04921875,hyperda_v4_final_2015_2025_context2022_query2023_2025_k0_4_12
forecast_only_latw_audit_US-R4,forecast_only_latw_audit_US-R4_forecast_only_10294,forecast_only,2022-06-03,10294,6,JJA,,artifacts/splits/US_loro_kdate_splits.json,artifacts/regions/US_region_masks.nc,US,US-R4,US-R5,US-R4,target_context,12,0,surface,increment_mae_latw,0.018802523569365136,8064,1,0.04921875,hyperda_v4_final_2015_2025_context2022_query2023_2025_k0_4_12
forecast_only_latw_audit_US-R4,forecast_only_latw_audit_US-R4_forecast_only_10294,forecast_only,2022-06-03,10294,6,JJA,,artifacts/splits/US_loro_kdate_splits.json,artifacts/regions/US_region_masks.nc,US,US-R4,US-R5,US-R4,target_context,12,0,surface,increment_bias_latw,0.010544632416331976,8064,1,0.04921875,hyperda_v4_final_2015_2025_context2022_query2023_2025_k0_4_12
forecast_only_latw_audit_US-R4,forecast_only_latw_audit_US-R4_forecast_only_10294,forecast_only,2022-06-03,10294,6,JJA,,artifacts/splits/US_loro_kdate_splits.json,artifacts/regions/US_region_masks.nc,US,US-R4,US-R5,US-R4,target_context,12,0,surface,increment_corr_latw,,8064,1,0.04921875,hyperda_v4_final_2015_2025_context2022_query2023_2025_k0_4_12
forecast_only_latw_audit_US-R4,forecast_only_latw_audit_US-R4_forecast_only_10294,forecast_only,2022-06-03,10294,6,JJA,,artifacts/splits/US_loro_kdate_splits.json,artifacts/regions/US_region_masks.nc,US,US-R4,US-R5,US-R4,target_context,12,0,rootzone,analysis_rmse,0.0019161869537590844,8064,1,0.04921875,hyperda_v4_final_2015_2025_context2022_query2023_2025_k0_4_12
forecast_only_latw_audit_US-R4,forecast_only_latw_audit_US-R4_forecast_only_10294,forecast_only,2022-06-03,10294,6,JJA,,artifacts/splits/US_loro_kdate_splits.json,artifacts/regions/US_region_masks.nc,US,US-R4,US-R5,US-R4,target_context,12,0,rootzone,analysis_mae,0.0013340633932597166,8064,1,0.04921875,hyperda_v4_final_2015_2025_context2022_query2023_2025_k0_4_12
forecast_only_latw_audit_US-R4,forecast_only_latw_audit_US-R4_forecast_only_10294,forecast_only,2022-06-03,10294,6,JJA,,artifacts/splits/US_loro_kdate_splits.json,artifacts/regions/US_region_masks.nc,US,US-R4,US-R5,US-R4,target_context,12,0,rootzone,analysis_skill_vs_forecast,0.0,8064,1,0.04921875,hyperda_v4_final_2015_2025_context2022_query2023_2025_k0_4_12
forecast_only_latw_audit_US-R4,forecast_only_latw_audit_US-R4_forecast_only_10294,forecast_only,2022-06-03,10294,6,JJA,,artifacts/splits/US_loro_kdate_splits.json,artifacts/regions/US_region_masks.nc,US,US-R4,US-R5,US-R4,target_context,12,0,rootzone,increment_rmse,0.0019161869537590844,8064,1,0.04921875,hyperda_v4_final_2015_2025_context2022_query2023_2025_k0_4_12
forecast_only_latw_audit_US-R4,forecast_only_latw_audit_US-R4_forecast_only_10294,forecast_only,2022-06-03,10294,6,JJA,,artifacts/splits/US_loro_kdate_splits.json,artifacts/regions/US_region_masks.nc,US,US-R4,US-R5,US-R4,target_context,12,0,rootzone,increment_mae,0.0013340633932597166,8064,1,0.04921875,hyperda_v4_final_2015_2025_context2022_query2023_2025_k0_4_12
forecast_only_latw_audit_US-R4,forecast_only_latw_audit_US-R4_forecast_only_10294,forecast_only,2022-06-03,10294,6,JJA,,artifacts/splits/US_loro_kdate_splits.json,artifacts/regions/US_region_masks.nc,US,US-R4,US-R5,US-R4,target_context,12,0,rootzone,increment_bias,0.0006888031812628643,8064,1,0.04921875,hyperda_v4_final_2015_2025_context2022_query2023_2025_k0_4_12
forecast_only_latw_audit_US-R4,forecast_only_latw_audit_US-R4_forecast_only_10294,forecast_only,2022-06-03,10294,6,JJA,,artifacts/splits/US_loro_kdate_splits.json,artifacts/regions/US_region_masks.nc,US,US-R4,US-R5,US-R4,target_context,12,0,rootzone,increment_corr,,8064,1,0.04921875,hyperda_v4_final_2015_2025_context2022_query2023_2025_k0_4_12
forecast_only_latw_audit_US-R4,forecast_only_latw_audit_US-R4_forecast_only_10294,forecast_only,2022-06-03,10294,6,JJA,,artifacts/splits/US_loro_kdate_splits.json,artifacts/regions/US_region_masks.nc,US,US-R4,US-R5,US-R4,target_context,12,0,rootzone,sign_accuracy_deadzone,0.0,8064,1,0.04921875,hyperda_v4_final_2015_2025_context2022_query2023_2025_k0_4_12
forecast_only_latw_audit_US-R4,forecast_only_latw_audit_US-R4_forecast_only_10294,forecast_only,2022-06-03,10294,6,JJA,,artifacts/splits/US_loro_kdate_splits.json,artifacts/regions/US_region_masks.nc,US,US-R4,US-R5,US-R4,target_context,12,0,rootzone,high_update_increment_skill,0.0,8064,1,0.04921875,hyperda_v4_final_2015_2025_context2022_query2023_2025_k0_4_12
forecast_only_latw_audit_US-R4,forecast_only_latw_audit_US-R4_forecast_only_10294,forecast_only,2022-06-03,10294,6,JJA,,artifacts/splits/US_loro_kdate_splits.json,artifacts/regions/US_region_masks.nc,US,US-R4,US-R5,US-R4,target_context,12,0,rootzone,analysis_mse_latw,3.7227698246099903e-06,8064,1,0.04921875,hyperda_v4_final_2015_2025_context2022_query2023_2025_k0_4_12
forecast_only_latw_audit_US-R4,forecast_only_latw_audit_US-R4_forecast_only_10294,forecast_only,2022-06-03,10294,6,JJA,,artifacts/splits/US_loro_kdate_splits.json,artifacts/regions/US_region_masks.nc,US,US-R4,US-R5,US-R4,target_context,12,0,rootzone,analysis_rmse_latw,0.0019294480621695911,8064,1,0.04921875,hyperda_v4_final_2015_2025_context2022_query2023_2025_k0_4_12
forecast_only_latw_audit_US-R4,forecast_only_latw_audit_US-R4_forecast_only_10294,forecast_only,2022-06-03,10294,6,JJA,,artifacts/splits/US_loro_kdate_splits.json,artifacts/regions/US_region_masks.nc,US,US-R4,US-R5,US-R4,target_context,12,0,rootzone,analysis_rmse_sqrt_before_time_avg_latw,0.0019294480621695911,8064,1,0.04921875,hyperda_v4_final_2015_2025_context2022_query2023_2025_k0_4_12
forecast_only_latw_audit_US-R4,forecast_only_latw_audit_US-R4_forecast_only_10294,forecast_only,2022-06-03,10294,6,JJA,,artifacts/splits/US_loro_kdate_splits.json,artifacts/regions/US_region_masks.nc,US,US-R4,US-R5,US-R4,target_context,12,0,rootzone,analysis_skill_vs_forecast_latw,0.0,8064,1,0.04921875,hyperda_v4_final_2015_2025_context2022_query2023_2025_k0_4_12
forecast_only_latw_audit_US-R4,forecast_only_latw_audit_US-R4_forecast_only_10294,forecast_only,2022-06-03,10294,6,JJA,,artifacts/splits/US_loro_kdate_splits.json,artifacts/regions/US_region_masks.nc,US,US-R4,US-R5,US-R4,target_context,12,0,rootzone,increment_mse_latw,3.7227698246099903e-06,8064,1,0.04921875,hyperda_v4_final_2015_2025_context2022_query2023_2025_k0_4_12
forecast_only_latw_audit_US-R4,forecast_only_latw_audit_US-R4_forecast_only_10294,forecast_only,2022-06-03,10294,6,JJA,,artifacts/splits/US_loro_kdate_splits.json,artifacts/regions/US_region_masks.nc,US,US-R4,US-R5,US-R4,target_context,12,0,rootzone,increment_rmse_latw,0.0019294480621695911,8064,1,0.04921875,hyperda_v4_final_2015_2025_context2022_query2023_2025_k0_4_12
forecast_only_latw_audit_US-R4,forecast_only_latw_audit_US-R4_forecast_only_10294,forecast_only,2022-06-03,10294,6,JJA,,artifacts/splits/US_loro_kdate_splits.json,artifacts/regions/US_region_masks.nc,US,US-R4,US-R5,US-R4,target_context,12,0,rootzone,increment_rmse_sqrt_before_time_avg_latw,0.0019294480621695911,8064,1,0.04921875,hyperda_v4_final_2015_2025_context2022_query2023_2025_k0_4_12
forecast_only_latw_audit_US-R4,forecast_only_latw_audit_US-R4_forecast_only_10294,forecast_only,2022-06-03,10294,6,JJA,,artifacts/splits/US_loro_kdate_splits.json,artifacts/regions/US_region_masks.nc,US,US-R4,US-R5,US-R4,target_context,12,0,rootzone,increment_mae_latw,0.0013472071791754499,8064,1,0.04921875,hyperda_v4_final_2015_2025_context2022_query2023_2025_k0_4_12
forecast_only_latw_audit_US-R4,forecast_only_latw_audit_US-R4_forecast_only_10294,forecast_only,2022-06-03,10294,6,JJA,,artifacts/splits/US_loro_kdate_splits.json,artifacts/regions/US_region_masks.nc,US,US-R4,US-R5,US-R4,target_context,12,0,rootzone,increment_bias_latw,0.0006810298116079466,8064,1,0.04921875,hyperda_v4_final_2015_2025_context2022_query2023_2025_k0_4_12
forecast_only_latw_audit_US-R4,forecast_only_latw_audit_US-R4_forecast_only_10294,forecast_only,2022-06-03,10294,6,JJA,,artifacts/splits/US_loro_kdate_splits.json,artifacts/regions/US_region_masks.nc,US,US-R4,US-R5,US-R4,target_context,12,0,rootzone,increment_corr_latw,,8064,1,0.04921875,hyperda_v4_final_2015_2025_context2022_query2023_2025_k0_4_12
forecast_only_latw_audit_US-R4,forecast_only_latw_audit_US-R4_forecast_only_10525,forecast_only,2022-07-28,10525,7,JJA,,artifacts/splits/US_loro_kdate_splits.json,artifacts/regions/US_region_masks.nc,US,US-R4,US-R5,US-R4,target_context,12,0,surface,analysis_rmse,0.008375142631240269,8064,1,0.04921875,hyperda_v4_final_2015_2025_context2022_query2023_2025_k0_4_12
forecast_only_latw_audit_US-R4,forecast_only_latw_audit_US-R4_forecast_only_10525,forecast_only,2022-07-28,10525,7,JJA,,artifacts/splits/US_loro_kdate_splits.json,artifacts/regions/US_region_masks.nc,US,US-R4,US-R5,US-R4,target_context,12,0,surface,analysis_mae,0.004472476918072928,8064,1,0.04921875,hyperda_v4_final_2015_2025_context2022_query2023_2025_k0_4_12
forecast_only_latw_audit_US-R4,forecast_only_latw_audit_US-R4_forecast_only_10525,forecast_only,2022-07-28,10525,7,JJA,,artifacts/splits/US_loro_kdate_splits.json,artifacts/regions/US_region_masks.nc,US,US-R4,US-R5,US-R4,target_context,12,0,surface,analysis_skill_vs_forecast,0.0,8064,1,0.04921875,hyperda_v4_final_2015_2025_context2022_query2023_2025_k0_4_12
forecast_only_latw_audit_US-R4,forecast_only_latw_audit_US-R4_forecast_only_10525,forecast_only,2022-07-28,10525,7,JJA,,artifacts/splits/US_loro_kdate_splits.json,artifacts/regions/US_region_masks.nc,US,US-R4,US-R5,US-R4,target_context,12,0,surface,increment_rmse,0.008375142631240269,8064,1,0.04921875,hyperda_v4_final_2015_2025_context2022_query2023_2025_k0_4_12
forecast_only_latw_audit_US-R4,forecast_only_latw_audit_US-R4_forecast_only_10525,forecast_only,2022-07-28,10525,7,JJA,,artifacts/splits/US_loro_kdate_splits.json,artifacts/regions/US_region_masks.nc,US,US-R4,US-R5,US-R4,target_context,12,0,surface,increment_mae,0.004472476918072928,8064,1,0.04921875,hyperda_v4_final_2015_2025_context2022_query2023_2025_k0_4_12
forecast_only_latw_audit_US-R4,forecast_only_latw_audit_US-R4_forecast_only_10525,forecast_only,2022-07-28,10525,7,JJA,,artifacts/splits/US_loro_kdate_splits.json,artifacts/regions/US_region_masks.nc,US,US-R4,US-R5,US-R4,target_context,12,0,surface,increment_bias,0.0012316667929380422,8064,1,0.04921875,hyperda_v4_final_2015_2025_context2022_query2023_2025_k0_4_12
forecast_only_latw_audit_US-R4,forecast_only_latw_audit_US-R4_forecast_only_10525,forecast_only,2022-07-28,10525,7,JJA,,artifacts/splits/US_loro_kdate_splits.json,artifacts/regions/US_region_masks.nc,US,US-R4,US-R5,US-R4,target_context,12,0,surface,increment_corr,,8064,1,0.04921875,hyperda_v4_final_2015_2025_context2022_query2023_2025_k0_4_12
forecast_only_latw_audit_US-R4,forecast_only_latw_audit_US-R4_forecast_only_10525,forecast_only,2022-07-28,10525,7,JJA,,artifacts/splits/US_loro_kdate_splits.json,artifacts/regions/US_region_masks.nc,US,US-R4,US-R5,US-R4,target_context,12,0,surface,sign_accuracy_deadzone,0.0,8064,1,0.04921875,hyperda_v4_final_2015_2025_context2022_query2023_2025_k0_4_12
forecast_only_latw_audit_US-R4,forecast_only_latw_audit_US-R4_forecast_only_10525,forecast_only,2022-07-28,10525,7,JJA,,artifacts/splits/US_loro_kdate_splits.json,artifacts/regions/US_region_masks.nc,US,US-R4,US-R5,US-R4,target_context,12,0,surface,high_update_increment_skill,0.0,8064,1,0.04921875,hyperda_v4_final_2015_2025_context2022_query2023_2025_k0_4_12
forecast_only_latw_audit_US-R4,forecast_only_latw_audit_US-R4_forecast_only_10525,forecast_only,2022-07-28,10525,7,JJA,,artifacts/splits/US_loro_kdate_splits.json,artifacts/regions/US_region_masks.nc,US,US-R4,US-R5,US-R4,target_context,12,0,surface,analysis_mse_latw,7.08004973928086e-05,8064,1,0.04921875,hyperda_v4_final_2015_2025_context2022_query2023_2025_k0_4_12
forecast_only_latw_audit_US-R4,forecast_only_latw_audit_US-R4_forecast_only_10525,forecast_only,2022-07-28,10525,7,JJA,,artifacts/splits/US_loro_kdate_splits.json,artifacts/regions/US_region_masks.nc,US,US-R4,US-R5,US-R4,target_context,12,0,surface,analysis_rmse_latw,0.008414303143624468,8064,1,0.04921875,hyperda_v4_final_2015_2025_context2022_query2023_2025_k0_4_12
forecast_only_latw_audit_US-R4,forecast_only_latw_audit_US-R4_forecast_only_10525,forecast_only,2022-07-28,10525,7,JJA,,artifacts/splits/US_loro_kdate_splits.json,artifacts/regions/US_region_masks.nc,US,US-R4,US-R5,US-R4,target_context,12,0,surface,analysis_rmse_sqrt_before_time_avg_latw,0.008414303143624468,8064,1,0.04921875,hyperda_v4_final_2015_2025_context2022_query2023_2025_k0_4_12
forecast_only_latw_audit_US-R4,forecast_only_latw_audit_US-R4_forecast_only_10525,forecast_only,2022-07-28,10525,7,JJA,,artifacts/splits/US_loro_kdate_splits.json,artifacts/regions/US_region_masks.nc,US,US-R4,US-R5,US-R4,target_context,12,0,surface,analysis_skill_vs_forecast_latw,0.0,8064,1,0.04921875,hyperda_v4_final_2015_2025_context2022_query2023_2025_k0_4_12
forecast_only_latw_audit_US-R4,forecast_only_latw_audit_US-R4_forecast_only_10525,forecast_only,2022-07-28,10525,7,JJA,,artifacts/splits/US_loro_kdate_splits.json,artifacts/regions/US_region_masks.nc,US,US-R4,US-R5,US-R4,target_context,12,0,surface,increment_mse_latw,7.08004973928086e-05,8064,1,0.04921875,hyperda_v4_final_2015_2025_context2022_query2023_2025_k0_4_12
forecast_only_latw_audit_US-R4,forecast_only_latw_audit_US-R4_forecast_only_10525,forecast_only,2022-07-28,10525,7,JJA,,artifacts/splits/US_loro_kdate_splits.json,artifacts/regions/US_region_masks.nc,US,US-R4,US-R5,US-R4,target_context,12,0,surface,increment_rmse_latw,0.008414303143624468,8064,1,0.04921875,hyperda_v4_final_2015_2025_context2022_query2023_2025_k0_4_12
forecast_only_latw_audit_US-R4,forecast_only_latw_audit_US-R4_forecast_only_10525,forecast_only,2022-07-28,10525,7,JJA,,artifacts/splits/US_loro_kdate_splits.json,artifacts/regions/US_region_masks.nc,US,US-R4,US-R5,US-R4,target_context,12,0,surface,increment_rmse_sqrt_before_time_avg_latw,0.008414303143624468,8064,1,0.04921875,hyperda_v4_final_2015_2025_context2022_query2023_2025_k0_4_12
forecast_only_latw_audit_US-R4,forecast_only_latw_audit_US-R4_forecast_only_10525,forecast_only,2022-07-28,10525,7,JJA,,artifacts/splits/US_loro_kdate_splits.json,artifacts/regions/US_region_masks.nc,US,US-R4,US-R5,US-R4,target_context,12,0,surface,increment_mae_latw,0.004497912011953238,8064,1,0.04921875,hyperda_v4_final_2015_2025_context2022_query2023_2025_k0_4_12
forecast_only_latw_audit_US-R4,forecast_only_latw_audit_US-R4_forecast_only_10525,forecast_only,2022-07-28,10525,7,JJA,,artifacts/splits/US_loro_kdate_splits.json,artifacts/regions/US_region_masks.nc,US,US-R4,US-R5,US-R4,target_context,12,0,surface,increment_bias_latw,0.001225976874363725,8064,1,0.04921875,hyperda_v4_final_2015_2025_context2022_query2023_2025_k0_4_12
forecast_only_latw_audit_US-R4,forecast_only_latw_audit_US-R4_forecast_only_10525,forecast_only,2022-07-28,10525,7,JJA,,artifacts/splits/US_loro_kdate_splits.json,artifacts/regions/US_region_masks.nc,US,US-R4,US-R5,US-R4,target_context,12,0,surface,increment_corr_latw,,8064,1,0.04921875,hyperda_v4_final_2015_2025_context2022_query2023_2025_k0_4_12
forecast_only_latw_audit_US-R4,forecast_only_latw_audit_US-R4_forecast_only_10525,forecast_only,2022-07-28,10525,7,JJA,,artifacts/splits/US_loro_kdate_splits.json,artifacts/regions/US_region_masks.nc,US,US-R4,US-R5,US-R4,target_context,12,0,rootzone,analysis_rmse,0.0010524763292127787,8064,1,0.04921875,hyperda_v4_final_2015_2025_context2022_query2023_2025_k0_4_12
forecast_only_latw_audit_US-R4,forecast_only_latw_audit_US-R4_forecast_only_10525,forecast_only,2022-07-28,10525,7,JJA,,artifacts/splits/US_loro_kdate_splits.json,artifacts/regions/US_region_masks.nc,US,US-R4,US-R5,US-R4,target_context,12,0,rootzone,analysis_mae,0.0005114153942226299,8064,1,0.04921875,hyperda_v4_final_2015_2025_context2022_query2023_2025_k0_4_12
forecast_only_latw_audit_US-R4,forecast_only_latw_audit_US-R4_forecast_only_10525,forecast_only,2022-07-28,10525,7,JJA,,artifacts/splits/US_loro_kdate_splits.json,artifacts/regions/US_region_masks.nc,US,US-R4,US-R5,US-R4,target_context,12,0,rootzone,analysis_skill_vs_forecast,0.0,8064,1,0.04921875,hyperda_v4_final_2015_2025_context2022_query2023_2025_k0_4_12
forecast_only_latw_audit_US-R4,forecast_only_latw_audit_US-R4_forecast_only_10525,forecast_only,2022-07-28,10525,7,JJA,,artifacts/splits/US_loro_kdate_splits.json,artifacts/regions/US_region_masks.nc,US,US-R4,US-R5,US-R4,target_context,12,0,rootzone,increment_rmse,0.0010524763292127787,8064,1,0.04921875,hyperda_v4_final_2015_2025_context2022_query2023_2025_k0_4_12
forecast_only_latw_audit_US-R4,forecast_only_latw_audit_US-R4_forecast_only_10525,forecast_only,2022-07-28,10525,7,JJA,,artifacts/splits/US_loro_kdate_splits.json,artifacts/regions/US_region_masks.nc,US,US-R4,US-R5,US-R4,target_context,12,0,rootzone,increment_mae,0.0005114153942226299,8064,1,0.04921875,hyperda_v4_final_2015_2025_context2022_query2023_2025_k0_4_12
forecast_only_latw_audit_US-R4,forecast_only_latw_audit_US-R4_forecast_only_10525,forecast_only,2022-07-28,10525,7,JJA,,artifacts/splits/US_loro_kdate_splits.json,artifacts/regions/US_region_masks.nc,US,US-R4,US-R5,US-R4,target_context,12,0,rootzone,increment_bias,-1.9837288178562644e-05,8064,1,0.04921875,hyperda_v4_final_2015_2025_context2022_query2023_2025_k0_4_12
forecast_only_latw_audit_US-R4,forecast_only_latw_audit_US-R4_forecast_only_10525,forecast_only,2022-07-28,10525,7,JJA,,artifacts/splits/US_loro_kdate_splits.json,artifacts/regions/US_region_masks.nc,US,US-R4,US-R5,US-R4,target_context,12,0,rootzone,increment_corr,,8064,1,0.04921875,hyperda_v4_final_2015_2025_context2022_query2023_2025_k0_4_12
forecast_only_latw_audit_US-R4,forecast_only_latw_audit_US-R4_forecast_only_10525,forecast_only,2022-07-28,10525,7,JJA,,artifacts/splits/US_loro_kdate_splits.json,artifacts/regions/US_region_masks.nc,US,US-R4,US-R5,US-R4,target_context,12,0,rootzone,sign_accuracy_deadzone,0.0,8064,1,0.04921875,hyperda_v4_final_2015_2025_context2022_query2023_2025_k0_4_12
forecast_only_latw_audit_US-R4,forecast_only_latw_audit_US-R4_forecast_only_10525,forecast_only,2022-07-28,10525,7,JJA,,artifacts/splits/US_loro_kdate_splits.json,artifacts/regions/US_region_masks.nc,US,US-R4,US-R5,US-R4,target_context,12,0,rootzone,high_update_increment_skill,0.0,8064,1,0.04921875,hyperda_v4_final_2015_2025_context2022_query2023_2025_k0_4_12
forecast_only_latw_audit_US-R4,forecast_only_latw_audit_US-R4_forecast_only_10525,forecast_only,2022-07-28,10525,7,JJA,,artifacts/splits/US_loro_kdate_splits.json,artifacts/regions/US_region_masks.nc,US,US-R4,US-R5,US-R4,target_context,12,0,rootzone,analysis_mse_latw,1.1291821778278862e-06,8064,1,0.04921875,hyperda_v4_final_2015_2025_context2022_query2023_2025_k0_4_12
forecast_only_latw_audit_US-R4,forecast_only_latw_audit_US-R4_forecast_only_10525,forecast_only,2022-07-28,10525,7,JJA,,artifacts/splits/US_loro_kdate_splits.json,artifacts/regions/US_region_masks.nc,US,US-R4,US-R5,US-R4,target_context,12,0,rootzone,analysis_rmse_latw,0.001062629840456161,8064,1,0.04921875,hyperda_v4_final_2015_2025_context2022_query2023_2025_k0_4_12
forecast_only_latw_audit_US-R4,forecast_only_latw_audit_US-R4_forecast_only_10525,forecast_only,2022-07-28,10525,7,JJA,,artifacts/splits/US_loro_kdate_splits.json,artifacts/regions/US_region_masks.nc,US,US-R4,US-R5,US-R4,target_context,12,0,rootzone,analysis_rmse_sqrt_before_time_avg_latw,0.001062629840456161,8064,1,0.04921875,hyperda_v4_final_2015_2025_context2022_query2023_2025_k0_4_12
forecast_only_latw_audit_US-R4,forecast_only_latw_audit_US-R4_forecast_only_10525,forecast_only,2022-07-28,10525,7,JJA,,artifacts/splits/US_loro_kdate_splits.json,artifacts/regions/US_region_masks.nc,US,US-R4,US-R5,US-R4,target_context,12,0,rootzone,analysis_skill_vs_forecast_latw,0.0,8064,1,0.04921875,hyperda_v4_final_2015_2025_context2022_query2023_2025_k0_4_12
forecast_only_latw_audit_US-R4,forecast_only_latw_audit_US-R4_forecast_only_10525,forecast_only,2022-07-28,10525,7,JJA,,artifacts/splits/US_loro_kdate_splits.json,artifacts/regions/US_region_masks.nc,US,US-R4,US-R5,US-R4,target_context,12,0,rootzone,increment_mse_latw,1.1291821778278862e-06,8064,1,0.04921875,hyperda_v4_final_2015_2025_context2022_query2023_2025_k0_4_12
forecast_only_latw_audit_US-R4,forecast_only_latw_audit_US-R4_forecast_only_10525,forecast_only,2022-07-28,10525,7,JJA,,artifacts/splits/US_loro_kdate_splits.json,artifacts/regions/US_region_masks.nc,US,US-R4,US-R5,US-R4,target_context,12,0,rootzone,increment_rmse_latw,0.001062629840456161,8064,1,0.04921875,hyperda_v4_final_2015_2025_context2022_query2023_2025_k0_4_12
forecast_only_latw_audit_US-R4,forecast_only_latw_audit_US-R4_forecast_only_10525,forecast_only,2022-07-28,10525,7,JJA,,artifacts/splits/US_loro_kdate_splits.json,artifacts/regions/US_region_masks.nc,US,US-R4,US-R5,US-R4,target_context,12,0,rootzone,increment_rmse_sqrt_before_time_avg_latw,0.001062629840456161,8064,1,0.04921875,hyperda_v4_final_2015_2025_context2022_query2023_2025_k0_4_12
forecast_only_latw_audit_US-R4,forecast_only_latw_audit_US-R4_forecast_only_10525,forecast_only,2022-07-28,10525,7,JJA,,artifacts/splits/US_loro_kdate_splits.json,artifacts/regions/US_region_masks.nc,US,US-R4,US-R5,US-R4,target_context,12,0,rootzone,increment_mae_latw,0.0005167735874652347,8064,1,0.04921875,hyperda_v4_final_2015_2025_context2022_query2023_2025_k0_4_12
forecast_only_latw_audit_US-R4,forecast_only_latw_audit_US-R4_forecast_only_10525,forecast_only,2022-07-28,10525,7,JJA,,artifacts/splits/US_loro_kdate_splits.json,artifacts/regions/US_region_masks.nc,US,US-R4,US-R5,US-R4,target_context,12,0,rootzone,increment_bias_latw,-2.3049824360074265e-05,8064,1,0.04921875,hyperda_v4_final_2015_2025_context2022_query2023_2025_k0_4_12
forecast_only_latw_audit_US-R4,forecast_only_latw_audit_US-R4_forecast_only_10525,forecast_only,2022-07-28,10525,7,JJA,,artifacts/splits/US_loro_kdate_splits.json,artifacts/regions/US_region_masks.nc,US,US-R4,US-R5,US-R4,target_context,12,0,rootzone,increment_corr_latw,,8064,1,0.04921875,hyperda_v4_final_2015_2025_context2022_query2023_2025_k0_4_12
forecast_only_latw_audit_US-R4,forecast_only_latw_audit_US-R4_forecast_only_10559,forecast_only,2022-08-05,10559,8,JJA,,artifacts/splits/US_loro_kdate_splits.json,artifacts/regions/US_region_masks.nc,US,US-R4,US-R5,US-R4,target_context,12,0,surface,analysis_rmse,0.007343452536079857,8064,1,0.04921875,hyperda_v4_final_2015_2025_context2022_query2023_2025_k0_4_12
forecast_only_latw_audit_US-R4,forecast_only_latw_audit_US-R4_forecast_only_10559,forecast_only,2022-08-05,10559,8,JJA,,artifacts/splits/US_loro_kdate_splits.json,artifacts/regions/US_region_masks.nc,US,US-R4,US-R5,US-R4,target_context,12,0,surface,analysis_mae,0.004348097946531775,8064,1,0.04921875,hyperda_v4_final_2015_2025_context2022_query2023_2025_k0_4_12
forecast_only_latw_audit_US-R4,forecast_only_latw_audit_US-R4_forecast_only_10559,forecast_only,2022-08-05,10559,8,JJA,,artifacts/splits/US_loro_kdate_splits.json,artifacts/regions/US_region_masks.nc,US,US-R4,US-R5,US-R4,target_context,12,0,surface,analysis_skill_vs_forecast,0.0,8064,1,0.04921875,hyperda_v4_final_2015_2025_context2022_query2023_2025_k0_4_12
forecast_only_latw_audit_US-R4,forecast_only_latw_audit_US-R4_forecast_only_10559,forecast_only,2022-08-05,10559,8,JJA,,artifacts/splits/US_loro_kdate_splits.json,artifacts/regions/US_region_masks.nc,US,US-R4,US-R5,US-R4,target_context,12,0,surface,increment_rmse,0.007343452536079857,8064,1,0.04921875,hyperda_v4_final_2015_2025_context2022_query2023_2025_k0_4_12
forecast_only_latw_audit_US-R4,forecast_only_latw_audit_US-R4_forecast_only_10559,forecast_only,2022-08-05,10559,8,JJA,,artifacts/splits/US_loro_kdate_splits.json,artifacts/regions/US_region_masks.nc,US,US-R4,US-R5,US-R4,target_context,12,0,surface,increment_mae,0.004348097946531775,8064,1,0.04921875,hyperda_v4_final_2015_2025_context2022_query2023_2025_k0_4_12
forecast_only_latw_audit_US-R4,forecast_only_latw_audit_US-R4_forecast_only_10559,forecast_only,2022-08-05,10559,8,JJA,,artifacts/splits/US_loro_kdate_splits.json,artifacts/regions/US_region_masks.nc,US,US-R4,US-R5,US-R4,target_context,12,0,surface,increment_bias,0.0020881303861397245,8064,1,0.04921875,hyperda_v4_final_2015_2025_context2022_query2023_2025_k0_4_12
forecast_only_latw_audit_US-R4,forecast_only_latw_audit_US-R4_forecast_only_10559,forecast_only,2022-08-05,10559,8,JJA,,artifacts/splits/US_loro_kdate_splits.json,artifacts/regions/US_region_masks.nc,US,US-R4,US-R5,US-R4,target_context,12,0,surface,increment_corr,,8064,1,0.04921875,hyperda_v4_final_2015_2025_context2022_query2023_2025_k0_4_12
forecast_only_latw_audit_US-R4,forecast_only_latw_audit_US-R4_forecast_only_10559,forecast_only,2022-08-05,10559,8,JJA,,artifacts/splits/US_loro_kdate_splits.json,artifacts/regions/US_region_masks.nc,US,US-R4,US-R5,US-R4,target_context,12,0,surface,sign_accuracy_deadzone,0.0,8064,1,0.04921875,hyperda_v4_final_2015_2025_context2022_query2023_2025_k0_4_12
forecast_only_latw_audit_US-R4,forecast_only_latw_audit_US-R4_forecast_only_10559,forecast_only,2022-08-05,10559,8,JJA,,artifacts/splits/US_loro_kdate_splits.json,artifacts/regions/US_region_masks.nc,US,US-R4,US-R5,US-R4,target_context,12,0,surface,high_update_increment_skill,0.0,8064,1,0.04921875,hyperda_v4_final_2015_2025_context2022_query2023_2025_k0_4_12
forecast_only_latw_audit_US-R4,forecast_only_latw_audit_US-R4_forecast_only_10559,forecast_only,2022-08-05,10559,8,JJA,,artifacts/splits/US_loro_kdate_splits.json,artifacts/regions/US_region_masks.nc,US,US-R4,US-R5,US-R4,target_context,12,0,surface,analysis_mse_latw,5.3668325081569324e-05,8064,1,0.04921875,hyperda_v4_final_2015_2025_context2022_query2023_2025_k0_4_12
forecast_only_latw_audit_US-R4,forecast_only_latw_audit_US-R4_forecast_only_10559,forecast_only,2022-08-05,10559,8,JJA,,artifacts/splits/US_loro_kdate_splits.json,artifacts/regions/US_region_masks.nc,US,US-R4,US-R5,US-R4,target_context,12,0,surface,analysis_rmse_latw,0.007325866848473929,8064,1,0.04921875,hyperda_v4_final_2015_2025_context2022_query2023_2025_k0_4_12
forecast_only_latw_audit_US-R4,forecast_only_latw_audit_US-R4_forecast_only_10559,forecast_only,2022-08-05,10559,8,JJA,,artifacts/splits/US_loro_kdate_splits.json,artifacts/regions/US_region_masks.nc,US,US-R4,US-R5,US-R4,target_context,12,0,surface,analysis_rmse_sqrt_before_time_avg_latw,0.007325866848473929,8064,1,0.04921875,hyperda_v4_final_2015_2025_context2022_query2023_2025_k0_4_12
forecast_only_latw_audit_US-R4,forecast_only_latw_audit_US-R4_forecast_only_10559,forecast_only,2022-08-05,10559,8,JJA,,artifacts/splits/US_loro_kdate_splits.json,artifacts/regions/US_region_masks.nc,US,US-R4,US-R5,US-R4,target_context,12,0,surface,analysis_skill_vs_forecast_latw,0.0,8064,1,0.04921875,hyperda_v4_final_2015_2025_context2022_query2023_2025_k0_4_12
forecast_only_latw_audit_US-R4,forecast_only_latw_audit_US-R4_forecast_only_10559,forecast_only,2022-08-05,10559,8,JJA,,artifacts/splits/US_loro_kdate_splits.json,artifacts/regions/US_region_masks.nc,US,US-R4,US-R5,US-R4,target_context,12,0,surface,increment_mse_latw,5.3668325081569324e-05,8064,1,0.04921875,hyperda_v4_final_2015_2025_context2022_query2023_2025_k0_4_12
forecast_only_latw_audit_US-R4,forecast_only_latw_audit_US-R4_forecast_only_10559,forecast_only,2022-08-05,10559,8,JJA,,artifacts/splits/US_loro_kdate_splits.json,artifacts/regions/US_region_masks.nc,US,US-R4,US-R5,US-R4,target_context,12,0,surface,increment_rmse_latw,0.007325866848473929,8064,1,0.04921875,hyperda_v4_final_2015_2025_context2022_query2023_2025_k0_4_12
forecast_only_latw_audit_US-R4,forecast_only_latw_audit_US-R4_forecast_only_10559,forecast_only,2022-08-05,10559,8,JJA,,artifacts/splits/US_loro_kdate_splits.json,artifacts/regions/US_region_masks.nc,US,US-R4,US-R5,US-R4,target_context,12,0,surface,increment_rmse_sqrt_before_time_avg_latw,0.007325866848473929,8064,1,0.04921875,hyperda_v4_final_2015_2025_context2022_query2023_2025_k0_4_12
forecast_only_latw_audit_US-R4,forecast_only_latw_audit_US-R4_forecast_only_10559,forecast_only,2022-08-05,10559,8,JJA,,artifacts/splits/US_loro_kdate_splits.json,artifacts/regions/US_region_masks.nc,US,US-R4,US-R5,US-R4,target_context,12,0,surface,increment_mae_latw,0.0043431312192400645,8064,1,0.04921875,hyperda_v4_final_2015_2025_context2022_query2023_2025_k0_4_12
forecast_only_latw_audit_US-R4,forecast_only_latw_audit_US-R4_forecast_only_10559,forecast_only,2022-08-05,10559,8,JJA,,artifacts/splits/US_loro_kdate_splits.json,artifacts/regions/US_region_masks.nc,US,US-R4,US-R5,US-R4,target_context,12,0,surface,increment_bias_latw,0.0020478687574888438,8064,1,0.04921875,hyperda_v4_final_2015_2025_context2022_query2023_2025_k0_4_12
forecast_only_latw_audit_US-R4,forecast_only_latw_audit_US-R4_forecast_only_10559,forecast_only,2022-08-05,10559,8,JJA,,artifacts/splits/US_loro_kdate_splits.json,artifacts/regions/US_region_masks.nc,US,US-R4,US-R5,US-R4,target_context,12,0,surface,increment_corr_latw,,8064,1,0.04921875,hyperda_v4_final_2015_2025_context2022_query2023_2025_k0_4_12
forecast_only_latw_audit_US-R4,forecast_only_latw_audit_US-R4_forecast_only_10559,forecast_only,2022-08-05,10559,8,JJA,,artifacts/splits/US_loro_kdate_splits.json,artifacts/regions/US_region_masks.nc,US,US-R4,US-R5,US-R4,target_context,12,0,rootzone,analysis_rmse,0.0006911518526587374,8064,1,0.04921875,hyperda_v4_final_2015_2025_context2022_query2023_2025_k0_4_12
forecast_only_latw_audit_US-R4,forecast_only_latw_audit_US-R4_forecast_only_10559,forecast_only,2022-08-05,10559,8,JJA,,artifacts/splits/US_loro_kdate_splits.json,artifacts/regions/US_region_masks.nc,US,US-R4,US-R5,US-R4,target_context,12,0,rootzone,analysis_mae,0.00039143503795097036,8064,1,0.04921875,hyperda_v4_final_2015_2025_context2022_query2023_2025_k0_4_12
forecast_only_latw_audit_US-R4,forecast_only_latw_audit_US-R4_forecast_only_10559,forecast_only,2022-08-05,10559,8,JJA,,artifacts/splits/US_loro_kdate_splits.json,artifacts/regions/US_region_masks.nc,US,US-R4,US-R5,US-R4,target_context,12,0,rootzone,analysis_skill_vs_forecast,0.0,8064,1,0.04921875,hyperda_v4_final_2015_2025_context2022_query2023_2025_k0_4_12
forecast_only_latw_audit_US-R4,forecast_only_latw_audit_US-R4_forecast_only_10559,forecast_only,2022-08-05,10559,8,JJA,,artifacts/splits/US_loro_kdate_splits.json,artifacts/regions/US_region_masks.nc,US,US-R4,US-R5,US-R4,target_context,12,0,rootzone,increment_rmse,0.0006911518526587374,8064,1,0.04921875,hyperda_v4_final_2015_2025_context2022_query2023_2025_k0_4_12
forecast_only_latw_audit_US-R4,forecast_only_latw_audit_US-R4_forecast_only_10559,forecast_only,2022-08-05,10559,8,JJA,,artifacts/splits/US_loro_kdate_splits.json,artifacts/regions/US_region_masks.nc,US,US-R4,US-R5,US-R4,target_context,12,0,rootzone,increment_mae,0.00039143503795097036,8064,1,0.04921875,hyperda_v4_final_2015_2025_context2022_query2023_2025_k0_4_12
forecast_only_latw_audit_US-R4,forecast_only_latw_audit_US-R4_forecast_only_10559,forecast_only,2022-08-05,10559,8,JJA,,artifacts/splits/US_loro_kdate_splits.json,artifacts/regions/US_region_masks.nc,US,US-R4,US-R5,US-R4,target_context,12,0,rootzone,increment_bias,0.00010104280423432116,8064,1,0.04921875,hyperda_v4_final_2015_2025_context2022_query2023_2025_k0_4_12
forecast_only_latw_audit_US-R4,forecast_only_latw_audit_US-R4_forecast_only_10559,forecast_only,2022-08-05,10559,8,JJA,,artifacts/splits/US_loro_kdate_splits.json,artifacts/regions/US_region_masks.nc,US,US-R4,US-R5,US-R4,target_context,12,0,rootzone,increment_corr,,8064,1,0.04921875,hyperda_v4_final_2015_2025_context2022_query2023_2025_k0_4_12
forecast_only_latw_audit_US-R4,forecast_only_latw_audit_US-R4_forecast_only_10559,forecast_only,2022-08-05,10559,8,JJA,,artifacts/splits/US_loro_kdate_splits.json,artifacts/regions/US_region_masks.nc,US,US-R4,US-R5,US-R4,target_context,12,0,rootzone,sign_accuracy_deadzone,0.0,8064,1,0.04921875,hyperda_v4_final_2015_2025_context2022_query2023_2025_k0_4_12
forecast_only_latw_audit_US-R4,forecast_only_latw_audit_US-R4_forecast_only_10559,forecast_only,2022-08-05,10559,8,JJA,,artifacts/splits/US_loro_kdate_splits.json,artifacts/regions/US_region_masks.nc,US,US-R4,US-R5,US-R4,target_context,12,0,rootzone,high_update_increment_skill,0.0,8064,1,0.04921875,hyperda_v4_final_2015_2025_context2022_query2023_2025_k0_4_12
forecast_only_latw_audit_US-R4,forecast_only_latw_audit_US-R4_forecast_only_10559,forecast_only,2022-08-05,10559,8,JJA,,artifacts/splits/US_loro_kdate_splits.json,artifacts/regions/US_region_masks.nc,US,US-R4,US-R5,US-R4,target_context,12,0,rootzone,analysis_mse_latw,4.81177316913916e-07,8064,1,0.04921875,hyperda_v4_final_2015_2025_context2022_query2023_2025_k0_4_12
forecast_only_latw_audit_US-R4,forecast_only_latw_audit_US-R4_forecast_only_10559,forecast_only,2022-08-05,10559,8,JJA,,artifacts/splits/US_loro_kdate_splits.json,artifacts/regions/US_region_masks.nc,US,US-R4,US-R5,US-R4,target_context,12,0,rootzone,analysis_rmse_latw,0.0006936694579653309,8064,1,0.04921875,hyperda_v4_final_2015_2025_context2022_query2023_2025_k0_4_12
forecast_only_latw_audit_US-R4,forecast_only_latw_audit_US-R4_forecast_only_10559,forecast_only,2022-08-05,10559,8,JJA,,artifacts/splits/US_loro_kdate_splits.json,artifacts/regions/US_region_masks.nc,US,US-R4,US-R5,US-R4,target_context,12,0,rootzone,analysis_rmse_sqrt_before_time_avg_latw,0.0006936694579653309,8064,1,0.04921875,hyperda_v4_final_2015_2025_context2022_query2023_2025_k0_4_12
forecast_only_latw_audit_US-R4,forecast_only_latw_audit_US-R4_forecast_only_10559,forecast_only,2022-08-05,10559,8,JJA,,artifacts/splits/US_loro_kdate_splits.json,artifacts/regions/US_region_masks.nc,US,US-R4,US-R5,US-R4,target_context,12,0,rootzone,analysis_skill_vs_forecast_latw,0.0,8064,1,0.04921875,hyperda_v4_final_2015_2025_context2022_query2023_2025_k0_4_12
forecast_only_latw_audit_US-R4,forecast_only_latw_audit_US-R4_forecast_only_10559,forecast_only,2022-08-05,10559,8,JJA,,artifacts/splits/US_loro_kdate_splits.json,artifacts/regions/US_region_masks.nc,US,US-R4,US-R5,US-R4,target_context,12,0,rootzone,increment_mse_latw,4.81177316913916e-07,8064,1,0.04921875,hyperda_v4_final_2015_2025_context2022_query2023_2025_k0_4_12
forecast_only_latw_audit_US-R4,forecast_only_latw_audit_US-R4_forecast_only_10559,forecast_only,2022-08-05,10559,8,JJA,,artifacts/splits/US_loro_kdate_splits.json,artifacts/regions/US_region_masks.nc,US,US-R4,US-R5,US-R4,target_context,12,0,rootzone,increment_rmse_latw,0.0006936694579653309,8064,1,0.04921875,hyperda_v4_final_2015_2025_context2022_query2023_2025_k0_4_12
forecast_only_latw_audit_US-R4,forecast_only_latw_audit_US-R4_forecast_only_10559,forecast_only,2022-08-05,10559,8,JJA,,artifacts/splits/US_loro_kdate_splits.json,artifacts/regions/US_region_masks.nc,US,US-R4,US-R5,US-R4,target_context,12,0,rootzone,increment_rmse_sqrt_before_time_avg_latw,0.0006936694579653309,8064,1,0.04921875,hyperda_v4_final_2015_2025_context2022_query2023_2025_k0_4_12
forecast_only_latw_audit_US-R4,forecast_only_latw_audit_US-R4_forecast_only_10559,forecast_only,2022-08-05,10559,8,JJA,,artifacts/splits/US_loro_kdate_splits.json,artifacts/regions/US_region_masks.nc,US,US-R4,US-R5,US-R4,target_context,12,0,rootzone,increment_mae_latw,0.00039315879153698673,8064,1,0.04921875,hyperda_v4_final_2015_2025_context2022_query2023_2025_k0_4_12
forecast_only_latw_audit_US-R4,forecast_only_latw_audit_US-R4_forecast_only_10559,forecast_only,2022-08-05,10559,8,JJA,,artifacts/splits/US_loro_kdate_splits.json,artifacts/regions/US_region_masks.nc,US,US-R4,US-R5,US-R4,target_context,12,0,rootzone,increment_bias_latw,9.672747201985983e-05,8064,1,0.04921875,hyperda_v4_final_2015_2025_context2022_query2023_2025_k0_4_12
forecast_only_latw_audit_US-R4,forecast_only_latw_audit_US-R4_forecast_only_10559,forecast_only,2022-08-05,10559,8,JJA,,artifacts/splits/US_loro_kdate_splits.json,artifacts/regions/US_region_masks.nc,US,US-R4,US-R5,US-R4,target_context,12,0,rootzone,increment_corr_latw,,8064,1,0.04921875,hyperda_v4_final_2015_2025_context2022_query2023_2025_k0_4_12
forecast_only_latw_audit_US-R4,forecast_only_latw_audit_US-R4_forecast_only_10591,forecast_only,2022-09-27,10591,9,SON,,artifacts/splits/US_loro_kdate_splits.json,artifacts/regions/US_region_masks.nc,US,US-R4,US-R5,US-R4,target_context,12,0,surface,analysis_rmse,0.01126474860784083,8064,1,0.04921875,hyperda_v4_final_2015_2025_context2022_query2023_2025_k0_4_12
forecast_only_latw_audit_US-R4,forecast_only_latw_audit_US-R4_forecast_only_10591,forecast_only,2022-09-27,10591,9,SON,,artifacts/splits/US_loro_kdate_splits.json,artifacts/regions/US_region_masks.nc,US,US-R4,US-R5,US-R4,target_context,12,0,surface,analysis_mae,0.007301133556110371,8064,1,0.04921875,hyperda_v4_final_2015_2025_context2022_query2023_2025_k0_4_12
forecast_only_latw_audit_US-R4,forecast_only_latw_audit_US-R4_forecast_only_10591,forecast_only,2022-09-27,10591,9,SON,,artifacts/splits/US_loro_kdate_splits.json,artifacts/regions/US_region_masks.nc,US,US-R4,US-R5,US-R4,target_context,12,0,surface,analysis_skill_vs_forecast,0.0,8064,1,0.04921875,hyperda_v4_final_2015_2025_context2022_query2023_2025_k0_4_12
forecast_only_latw_audit_US-R4,forecast_only_latw_audit_US-R4_forecast_only_10591,forecast_only,2022-09-27,10591,9,SON,,artifacts/splits/US_loro_kdate_splits.json,artifacts/regions/US_region_masks.nc,US,US-R4,US-R5,US-R4,target_context,12,0,surface,increment_rmse,0.01126474860784083,8064,1,0.04921875,hyperda_v4_final_2015_2025_context2022_query2023_2025_k0_4_12
forecast_only_latw_audit_US-R4,forecast_only_latw_audit_US-R4_forecast_only_10591,forecast_only,2022-09-27,10591,9,SON,,artifacts/splits/US_loro_kdate_splits.json,artifacts/regions/US_region_masks.nc,US,US-R4,US-R5,US-R4,target_context,12,0,surface,increment_mae,0.007301133556110371,8064,1,0.04921875,hyperda_v4_final_2015_2025_context2022_query2023_2025_k0_4_12
forecast_only_latw_audit_US-R4,forecast_only_latw_audit_US-R4_forecast_only_10591,forecast_only,2022-09-27,10591,9,SON,,artifacts/splits/US_loro_kdate_splits.json,artifacts/regions/US_region_masks.nc,US,US-R4,US-R5,US-R4,target_context,12,0,surface,increment_bias,0.0019553924410877425,8064,1,0.04921875,hyperda_v4_final_2015_2025_context2022_query2023_2025_k0_4_12
forecast_only_latw_audit_US-R4,forecast_only_latw_audit_US-R4_forecast_only_10591,forecast_only,2022-09-27,10591,9,SON,,artifacts/splits/US_loro_kdate_splits.json,artifacts/regions/US_region_masks.nc,US,US-R4,US-R5,US-R4,target_context,12,0,surface,increment_corr,,8064,1,0.04921875,hyperda_v4_final_2015_2025_context2022_query2023_2025_k0_4_12
forecast_only_latw_audit_US-R4,forecast_only_latw_audit_US-R4_forecast_only_10591,forecast_only,2022-09-27,10591,9,SON,,artifacts/splits/US_loro_kdate_splits.json,artifacts/regions/US_region_masks.nc,US,US-R4,US-R5,US-R4,target_context,12,0,surface,sign_accuracy_deadzone,0.0,8064,1,0.04921875,hyperda_v4_final_2015_2025_context2022_query2023_2025_k0_4_12
forecast_only_latw_audit_US-R4,forecast_only_latw_audit_US-R4_forecast_only_10591,forecast_only,2022-09-27,10591,9,SON,,artifacts/splits/US_loro_kdate_splits.json,artifacts/regions/US_region_masks.nc,US,US-R4,US-R5,US-R4,target_context,12,0,surface,high_update_increment_skill,0.0,8064,1,0.04921875,hyperda_v4_final_2015_2025_context2022_query2023_2025_k0_4_12
forecast_only_latw_audit_US-R4,forecast_only_latw_audit_US-R4_forecast_only_10591,forecast_only,2022-09-27,10591,9,SON,,artifacts/splits/US_loro_kdate_splits.json,artifacts/regions/US_region_masks.nc,US,US-R4,US-R5,US-R4,target_context,12,0,surface,analysis_mse_latw,0.00012606261158416675,8064,1,0.04921875,hyperda_v4_final_2015_2025_context2022_query2023_2025_k0_4_12
forecast_only_latw_audit_US-R4,forecast_only_latw_audit_US-R4_forecast_only_10591,forecast_only,2022-09-27,10591,9,SON,,artifacts/splits/US_loro_kdate_splits.json,artifacts/regions/US_region_masks.nc,US,US-R4,US-R5,US-R4,target_context,12,0,surface,analysis_rmse_latw,0.011227760755563273,8064,1,0.04921875,hyperda_v4_final_2015_2025_context2022_query2023_2025_k0_4_12
forecast_only_latw_audit_US-R4,forecast_only_latw_audit_US-R4_forecast_only_10591,forecast_only,2022-09-27,10591,9,SON,,artifacts/splits/US_loro_kdate_splits.json,artifacts/regions/US_region_masks.nc,US,US-R4,US-R5,US-R4,target_context,12,0,surface,analysis_rmse_sqrt_before_time_avg_latw,0.011227760755563273,8064,1,0.04921875,hyperda_v4_final_2015_2025_context2022_query2023_2025_k0_4_12
forecast_only_latw_audit_US-R4,forecast_only_latw_audit_US-R4_forecast_only_10591,forecast_only,2022-09-27,10591,9,SON,,artifacts/splits/US_loro_kdate_splits.json,artifacts/regions/US_region_masks.nc,US,US-R4,US-R5,US-R4,target_context,12,0,surface,analysis_skill_vs_forecast_latw,0.0,8064,1,0.04921875,hyperda_v4_final_2015_2025_context2022_query2023_2025_k0_4_12
forecast_only_latw_audit_US-R4,forecast_only_latw_audit_US-R4_forecast_only_10591,forecast_only,2022-09-27,10591,9,SON,,artifacts/splits/US_loro_kdate_splits.json,artifacts/regions/US_region_masks.nc,US,US-R4,US-R5,US-R4,target_context,12,0,surface,increment_mse_latw,0.00012606261158416675,8064,1,0.04921875,hyperda_v4_final_2015_2025_context2022_query2023_2025_k0_4_12
forecast_only_latw_audit_US-R4,forecast_only_latw_audit_US-R4_forecast_only_10591,forecast_only,2022-09-27,10591,9,SON,,artifacts/splits/US_loro_kdate_splits.json,artifacts/regions/US_region_masks.nc,US,US-R4,US-R5,US-R4,target_context,12,0,surface,increment_rmse_latw,0.011227760755563273,8064,1,0.04921875,hyperda_v4_final_2015_2025_context2022_query2023_2025_k0_4_12
forecast_only_latw_audit_US-R4,forecast_only_latw_audit_US-R4_forecast_only_10591,forecast_only,2022-09-27,10591,9,SON,,artifacts/splits/US_loro_kdate_splits.json,artifacts/regions/US_region_masks.nc,US,US-R4,US-R5,US-R4,target_context,12,0,surface,increment_rmse_sqrt_before_time_avg_latw,0.011227760755563273,8064,1,0.04921875,hyperda_v4_final_2015_2025_context2022_query2023_2025_k0_4_12
forecast_only_latw_audit_US-R4,forecast_only_latw_audit_US-R4_forecast_only_10591,forecast_only,2022-09-27,10591,9,SON,,artifacts/splits/US_loro_kdate_splits.json,artifacts/regions/US_region_masks.nc,US,US-R4,US-R5,US-R4,target_context,12,0,surface,increment_mae_latw,0.007299368966838746,8064,1,0.04921875,hyperda_v4_final_2015_2025_context2022_query2023_2025_k0_4_12
forecast_only_latw_audit_US-R4,forecast_only_latw_audit_US-R4_forecast_only_10591,forecast_only,2022-09-27,10591,9,SON,,artifacts/splits/US_loro_kdate_splits.json,artifacts/regions/US_region_masks.nc,US,US-R4,US-R5,US-R4,target_context,12,0,surface,increment_bias_latw,0.0018319190613959578,8064,1,0.04921875,hyperda_v4_final_2015_2025_context2022_query2023_2025_k0_4_12
forecast_only_latw_audit_US-R4,forecast_only_latw_audit_US-R4_forecast_only_10591,forecast_only,2022-09-27,10591,9,SON,,artifacts/splits/US_loro_kdate_splits.json,artifacts/regions/US_region_masks.nc,US,US-R4,US-R5,US-R4,target_context,12,0,surface,increment_corr_latw,,8064,1,0.04921875,hyperda_v4_final_2015_2025_context2022_query2023_2025_k0_4_12
forecast_only_latw_audit_US-R4,forecast_only_latw_audit_US-R4_forecast_only_10591,forecast_only,2022-09-27,10591,9,SON,,artifacts/splits/US_loro_kdate_splits.json,artifacts/regions/US_region_masks.nc,US,US-R4,US-R5,US-R4,target_context,12,0,rootzone,analysis_rmse,0.0009090818730182829,8064,1,0.04921875,hyperda_v4_final_2015_2025_context2022_query2023_2025_k0_4_12
forecast_only_latw_audit_US-R4,forecast_only_latw_audit_US-R4_forecast_only_10591,forecast_only,2022-09-27,10591,9,SON,,artifacts/splits/US_loro_kdate_splits.json,artifacts/regions/US_region_masks.nc,US,US-R4,US-R5,US-R4,target_context,12,0,rootzone,analysis_mae,0.0005356942452231629,8064,1,0.04921875,hyperda_v4_final_2015_2025_context2022_query2023_2025_k0_4_12
forecast_only_latw_audit_US-R4,forecast_only_latw_audit_US-R4_forecast_only_10591,forecast_only,2022-09-27,10591,9,SON,,artifacts/splits/US_loro_kdate_splits.json,artifacts/regions/US_region_masks.nc,US,US-R4,US-R5,US-R4,target_context,12,0,rootzone,analysis_skill_vs_forecast,0.0,8064,1,0.04921875,hyperda_v4_final_2015_2025_context2022_query2023_2025_k0_4_12
forecast_only_latw_audit_US-R4,forecast_only_latw_audit_US-R4_forecast_only_10591,forecast_only,2022-09-27,10591,9,SON,,artifacts/splits/US_loro_kdate_splits.json,artifacts/regions/US_region_masks.nc,US,US-R4,US-R5,US-R4,target_context,12,0,rootzone,increment_rmse,0.0009090818730182829,8064,1,0.04921875,hyperda_v4_final_2015_2025_context2022_query2023_2025_k0_4_12
forecast_only_latw_audit_US-R4,forecast_only_latw_audit_US-R4_forecast_only_10591,forecast_only,2022-09-27,10591,9,SON,,artifacts/splits/US_loro_kdate_splits.json,artifacts/regions/US_region_masks.nc,US,US-R4,US-R5,US-R4,target_context,12,0,rootzone,increment_mae,0.0005356942452231629,8064,1,0.04921875,hyperda_v4_final_2015_2025_context2022_query2023_2025_k0_4_12
forecast_only_latw_audit_US-R4,forecast_only_latw_audit_US-R4_forecast_only_10591,forecast_only,2022-09-27,10591,9,SON,,artifacts/splits/US_loro_kdate_splits.json,artifacts/regions/US_region_masks.nc,US,US-R4,US-R5,US-R4,target_context,12,0,rootzone,increment_bias,0.0002344674472364464,8064,1,0.04921875,hyperda_v4_final_2015_2025_context2022_query2023_2025_k0_4_12
forecast_only_latw_audit_US-R4,forecast_only_latw_audit_US-R4_forecast_only_10591,forecast_only,2022-09-27,10591,9,SON,,artifacts/splits/US_loro_kdate_splits.json,artifacts/regions/US_region_masks.nc,US,US-R4,US-R5,US-R4,target_context,12,0,rootzone,increment_corr,,8064,1,0.04921875,hyperda_v4_final_2015_2025_context2022_query2023_2025_k0_4_12
forecast_only_latw_audit_US-R4,forecast_only_latw_audit_US-R4_forecast_only_10591,forecast_only,2022-09-27,10591,9,SON,,artifacts/splits/US_loro_kdate_splits.json,artifacts/regions/US_region_masks.nc,US,US-R4,US-R5,US-R4,target_context,12,0,rootzone,sign_accuracy_deadzone,0.0,8064,1,0.04921875,hyperda_v4_final_2015_2025_context2022_query2023_2025_k0_4_12
forecast_only_latw_audit_US-R4,forecast_only_latw_audit_US-R4_forecast_only_10591,forecast_only,2022-09-27,10591,9,SON,,artifacts/splits/US_loro_kdate_splits.json,artifacts/regions/US_region_masks.nc,US,US-R4,US-R5,US-R4,target_context,12,0,rootzone,high_update_increment_skill,0.0,8064,1,0.04921875,hyperda_v4_final_2015_2025_context2022_query2023_2025_k0_4_12
forecast_only_latw_audit_US-R4,forecast_only_latw_audit_US-R4_forecast_only_10591,forecast_only,2022-09-27,10591,9,SON,,artifacts/splits/US_loro_kdate_splits.json,artifacts/regions/US_region_masks.nc,US,US-R4,US-R5,US-R4,target_context,12,0,rootzone,analysis_mse_latw,8.156468416343509e-07,8064,1,0.04921875,hyperda_v4_final_2015_2025_context2022_query2023_2025_k0_4_12
forecast_only_latw_audit_US-R4,forecast_only_latw_audit_US-R4_forecast_only_10591,forecast_only,2022-09-27,10591,9,SON,,artifacts/splits/US_loro_kdate_splits.json,artifacts/regions/US_region_masks.nc,US,US-R4,US-R5,US-R4,target_context,12,0,rootzone,analysis_rmse_latw,0.0009031316856551711,8064,1,0.04921875,hyperda_v4_final_2015_2025_context2022_query2023_2025_k0_4_12
forecast_only_latw_audit_US-R4,forecast_only_latw_audit_US-R4_forecast_only_10591,forecast_only,2022-09-27,10591,9,SON,,artifacts/splits/US_loro_kdate_splits.json,artifacts/regions/US_region_masks.nc,US,US-R4,US-R5,US-R4,target_context,12,0,rootzone,analysis_rmse_sqrt_before_time_avg_latw,0.0009031316856551711,8064,1,0.04921875,hyperda_v4_final_2015_2025_context2022_query2023_2025_k0_4_12
forecast_only_latw_audit_US-R4,forecast_only_latw_audit_US-R4_forecast_only_10591,forecast_only,2022-09-27,10591,9,SON,,artifacts/splits/US_loro_kdate_splits.json,artifacts/regions/US_region_masks.nc,US,US-R4,US-R5,US-R4,target_context,12,0,rootzone,analysis_skill_vs_forecast_latw,0.0,8064,1,0.04921875,hyperda_v4_final_2015_2025_context2022_query2023_2025_k0_4_12
forecast_only_latw_audit_US-R4,forecast_only_latw_audit_US-R4_forecast_only_10591,forecast_only,2022-09-27,10591,9,SON,,artifacts/splits/US_loro_kdate_splits.json,artifacts/regions/US_region_masks.nc,US,US-R4,US-R5,US-R4,target_context,12,0,rootzone,increment_mse_latw,8.156468416343509e-07,8064,1,0.04921875,hyperda_v4_final_2015_2025_context2022_query2023_2025_k0_4_12
forecast_only_latw_audit_US-R4,forecast_only_latw_audit_US-R4_forecast_only_10591,forecast_only,2022-09-27,10591,9,SON,,artifacts/splits/US_loro_kdate_splits.json,artifacts/regions/US_region_masks.nc,US,US-R4,US-R5,US-R4,target_context,12,0,rootzone,increment_rmse_latw,0.0009031316856551711,8064,1,0.04921875,hyperda_v4_final_2015_2025_context2022_query2023_2025_k0_4_12
forecast_only_latw_audit_US-R4,forecast_only_latw_audit_US-R4_forecast_only_10591,forecast_only,2022-09-27,10591,9,SON,,artifacts/splits/US_loro_kdate_splits.json,artifacts/regions/US_region_masks.nc,US,US-R4,US-R5,US-R4,target_context,12,0,rootzone,increment_rmse_sqrt_before_time_avg_latw,0.0009031316856551711,8064,1,0.04921875,hyperda_v4_final_2015_2025_context2022_query2023_2025_k0_4_12
forecast_only_latw_audit_US-R4,forecast_only_latw_audit_US-R4_forecast_only_10591,forecast_only,2022-09-27,10591,9,SON,,artifacts/splits/US_loro_kdate_splits.json,artifacts/regions/US_region_masks.nc,US,US-R4,US-R5,US-R4,target_context,12,0,rootzone,increment_mae_latw,0.0005328982542193834,8064,1,0.04921875,hyperda_v4_final_2015_2025_context2022_query2023_2025_k0_4_12
forecast_only_latw_audit_US-R4,forecast_only_latw_audit_US-R4_forecast_only_10591,forecast_only,2022-09-27,10591,9,SON,,artifacts/splits/US_loro_kdate_splits.json,artifacts/regions/US_region_masks.nc,US,US-R4,US-R5,US-R4,target_context,12,0,rootzone,increment_bias_latw,0.00022533471834042514,8064,1,0.04921875,hyperda_v4_final_2015_2025_context2022_query2023_2025_k0_4_12
forecast_only_latw_audit_US-R4,forecast_only_latw_audit_US-R4_forecast_only_10591,forecast_only,2022-09-27,10591,9,SON,,artifacts/splits/US_loro_kdate_splits.json,artifacts/regions/US_region_masks.nc,US,US-R4,US-R5,US-R4,target_context,12,0,rootzone,increment_corr_latw,,8064,1,0.04921875,hyperda_v4_final_2015_2025_context2022_query2023_2025_k0_4_12
forecast_only_latw_audit_US-R4,forecast_only_latw_audit_US-R4_forecast_only_10646,forecast_only,2022-10-10,10646,10,SON,,artifacts/splits/US_loro_kdate_splits.json,artifacts/regions/US_region_masks.nc,US,US-R4,US-R5,US-R4,target_context,12,0,surface,analysis_rmse,0.008567736915789078,8064,1,0.04921875,hyperda_v4_final_2015_2025_context2022_query2023_2025_k0_4_12
forecast_only_latw_audit_US-R4,forecast_only_latw_audit_US-R4_forecast_only_10646,forecast_only,2022-10-10,10646,10,SON,,artifacts/splits/US_loro_kdate_splits.json,artifacts/regions/US_region_masks.nc,US,US-R4,US-R5,US-R4,target_context,12,0,surface,analysis_mae,0.005488597851667908,8064,1,0.04921875,hyperda_v4_final_2015_2025_context2022_query2023_2025_k0_4_12
forecast_only_latw_audit_US-R4,forecast_only_latw_audit_US-R4_forecast_only_10646,forecast_only,2022-10-10,10646,10,SON,,artifacts/splits/US_loro_kdate_splits.json,artifacts/regions/US_region_masks.nc,US,US-R4,US-R5,US-R4,target_context,12,0,surface,analysis_skill_vs_forecast,0.0,8064,1,0.04921875,hyperda_v4_final_2015_2025_context2022_query2023_2025_k0_4_12
forecast_only_latw_audit_US-R4,forecast_only_latw_audit_US-R4_forecast_only_10646,forecast_only,2022-10-10,10646,10,SON,,artifacts/splits/US_loro_kdate_splits.json,artifacts/regions/US_region_masks.nc,US,US-R4,US-R5,US-R4,target_context,12,0,surface,increment_rmse,0.008567736915789078,8064,1,0.04921875,hyperda_v4_final_2015_2025_context2022_query2023_2025_k0_4_12
forecast_only_latw_audit_US-R4,forecast_only_latw_audit_US-R4_forecast_only_10646,forecast_only,2022-10-10,10646,10,SON,,artifacts/splits/US_loro_kdate_splits.json,artifacts/regions/US_region_masks.nc,US,US-R4,US-R5,US-R4,target_context,12,0,surface,increment_mae,0.005488597851667908,8064,1,0.04921875,hyperda_v4_final_2015_2025_context2022_query2023_2025_k0_4_12
forecast_only_latw_audit_US-R4,forecast_only_latw_audit_US-R4_forecast_only_10646,forecast_only,2022-10-10,10646,10,SON,,artifacts/splits/US_loro_kdate_splits.json,artifacts/regions/US_region_masks.nc,US,US-R4,US-R5,US-R4,target_context,12,0,surface,increment_bias,0.004608416458636168,8064,1,0.04921875,hyperda_v4_final_2015_2025_context2022_query2023_2025_k0_4_12
forecast_only_latw_audit_US-R4,forecast_only_latw_audit_US-R4_forecast_only_10646,forecast_only,2022-10-10,10646,10,SON,,artifacts/splits/US_loro_kdate_splits.json,artifacts/regions/US_region_masks.nc,US,US-R4,US-R5,US-R4,target_context,12,0,surface,increment_corr,,8064,1,0.04921875,hyperda_v4_final_2015_2025_context2022_query2023_2025_k0_4_12
forecast_only_latw_audit_US-R4,forecast_only_latw_audit_US-R4_forecast_only_10646,forecast_only,2022-10-10,10646,10,SON,,artifacts/splits/US_loro_kdate_splits.json,artifacts/regions/US_region_masks.nc,US,US-R4,US-R5,US-R4,target_context,12,0,surface,sign_accuracy_deadzone,0.0,8064,1,0.04921875,hyperda_v4_final_2015_2025_context2022_query2023_2025_k0_4_12
forecast_only_latw_audit_US-R4,forecast_only_latw_audit_US-R4_forecast_only_10646,forecast_only,2022-10-10,10646,10,SON,,artifacts/splits/US_loro_kdate_splits.json,artifacts/regions/US_region_masks.nc,US,US-R4,US-R5,US-R4,target_context,12,0,surface,high_update_increment_skill,0.0,8064,1,0.04921875,hyperda_v4_final_2015_2025_context2022_query2023_2025_k0_4_12
forecast_only_latw_audit_US-R4,forecast_only_latw_audit_US-R4_forecast_only_10646,forecast_only,2022-10-10,10646,10,SON,,artifacts/splits/US_loro_kdate_splits.json,artifacts/regions/US_region_masks.nc,US,US-R4,US-R5,US-R4,target_context,12,0,surface,analysis_mse_latw,7.424867794354588e-05,8064,1,0.04921875,hyperda_v4_final_2015_2025_context2022_query2023_2025_k0_4_12
forecast_only_latw_audit_US-R4,forecast_only_latw_audit_US-R4_forecast_only_10646,forecast_only,2022-10-10,10646,10,SON,,artifacts/splits/US_loro_kdate_splits.json,artifacts/regions/US_region_masks.nc,US,US-R4,US-R5,US-R4,target_context,12,0,surface,analysis_rmse_latw,0.008616767255969368,8064,1,0.04921875,hyperda_v4_final_2015_2025_context2022_query2023_2025_k0_4_12
forecast_only_latw_audit_US-R4,forecast_only_latw_audit_US-R4_forecast_only_10646,forecast_only,2022-10-10,10646,10,SON,,artifacts/splits/US_loro_kdate_splits.json,artifacts/regions/US_region_masks.nc,US,US-R4,US-R5,US-R4,target_context,12,0,surface,analysis_rmse_sqrt_before_time_avg_latw,0.008616767255969368,8064,1,0.04921875,hyperda_v4_final_2015_2025_context2022_query2023_2025_k0_4_12
forecast_only_latw_audit_US-R4,forecast_only_latw_audit_US-R4_forecast_only_10646,forecast_only,2022-10-10,10646,10,SON,,artifacts/splits/US_loro_kdate_splits.json,artifacts/regions/US_region_masks.nc,US,US-R4,US-R5,US-R4,target_context,12,0,surface,analysis_skill_vs_forecast_latw,0.0,8064,1,0.04921875,hyperda_v4_final_2015_2025_context2022_query2023_2025_k0_4_12
forecast_only_latw_audit_US-R4,forecast_only_latw_audit_US-R4_forecast_only_10646,forecast_only,2022-10-10,10646,10,SON,,artifacts/splits/US_loro_kdate_splits.json,artifacts/regions/US_region_masks.nc,US,US-R4,US-R5,US-R4,target_context,12,0,surface,increment_mse_latw,7.424867794354588e-05,8064,1,0.04921875,hyperda_v4_final_2015_2025_context2022_query2023_2025_k0_4_12
forecast_only_latw_audit_US-R4,forecast_only_latw_audit_US-R4_forecast_only_10646,forecast_only,2022-10-10,10646,10,SON,,artifacts/splits/US_loro_kdate_splits.json,artifacts/regions/US_region_masks.nc,US,US-R4,US-R5,US-R4,target_context,12,0,surface,increment_rmse_latw,0.008616767255969368,8064,1,0.04921875,hyperda_v4_final_2015_2025_context2022_query2023_2025_k0_4_12
forecast_only_latw_audit_US-R4,forecast_only_latw_audit_US-R4_forecast_only_10646,forecast_only,2022-10-10,10646,10,SON,,artifacts/splits/US_loro_kdate_splits.json,artifacts/regions/US_region_masks.nc,US,US-R4,US-R5,US-R4,target_context,12,0,surface,increment_rmse_sqrt_before_time_avg_latw,0.008616767255969368,8064,1,0.04921875,hyperda_v4_final_2015_2025_context2022_query2023_2025_k0_4_12
forecast_only_latw_audit_US-R4,forecast_only_latw_audit_US-R4_forecast_only_10646,forecast_only,2022-10-10,10646,10,SON,,artifacts/splits/US_loro_kdate_splits.json,artifacts/regions/US_region_masks.nc,US,US-R4,US-R5,US-R4,target_context,12,0,surface,increment_mae_latw,0.005530784749128528,8064,1,0.04921875,hyperda_v4_final_2015_2025_context2022_query2023_2025_k0_4_12
forecast_only_latw_audit_US-R4,forecast_only_latw_audit_US-R4_forecast_only_10646,forecast_only,2022-10-10,10646,10,SON,,artifacts/splits/US_loro_kdate_splits.json,artifacts/regions/US_region_masks.nc,US,US-R4,US-R5,US-R4,target_context,12,0,surface,increment_bias_latw,0.004661210837341809,8064,1,0.04921875,hyperda_v4_final_2015_2025_context2022_query2023_2025_k0_4_12
forecast_only_latw_audit_US-R4,forecast_only_latw_audit_US-R4_forecast_only_10646,forecast_only,2022-10-10,10646,10,SON,,artifacts/splits/US_loro_kdate_splits.json,artifacts/regions/US_region_masks.nc,US,US-R4,US-R5,US-R4,target_context,12,0,surface,increment_corr_latw,,8064,1,0.04921875,hyperda_v4_final_2015_2025_context2022_query2023_2025_k0_4_12
forecast_only_latw_audit_US-R4,forecast_only_latw_audit_US-R4_forecast_only_10646,forecast_only,2022-10-10,10646,10,SON,,artifacts/splits/US_loro_kdate_splits.json,artifacts/regions/US_region_masks.nc,US,US-R4,US-R5,US-R4,target_context,12,0,rootzone,analysis_rmse,0.0005048008053394745,8064,1,0.04921875,hyperda_v4_final_2015_2025_context2022_query2023_2025_k0_4_12
forecast_only_latw_audit_US-R4,forecast_only_latw_audit_US-R4_forecast_only_10646,forecast_only,2022-10-10,10646,10,SON,,artifacts/splits/US_loro_kdate_splits.json,artifacts/regions/US_region_masks.nc,US,US-R4,US-R5,US-R4,target_context,12,0,rootzone,analysis_mae,0.0003115380795428618,8064,1,0.04921875,hyperda_v4_final_2015_2025_context2022_query2023_2025_k0_4_12
forecast_only_latw_audit_US-R4,forecast_only_latw_audit_US-R4_forecast_only_10646,forecast_only,2022-10-10,10646,10,SON,,artifacts/splits/US_loro_kdate_splits.json,artifacts/regions/US_region_masks.nc,US,US-R4,US-R5,US-R4,target_context,12,0,rootzone,analysis_skill_vs_forecast,0.0,8064,1,0.04921875,hyperda_v4_final_2015_2025_context2022_query2023_2025_k0_4_12
forecast_only_latw_audit_US-R4,forecast_only_latw_audit_US-R4_forecast_only_10646,forecast_only,2022-10-10,10646,10,SON,,artifacts/splits/US_loro_kdate_splits.json,artifacts/regions/US_region_masks.nc,US,US-R4,US-R5,US-R4,target_context,12,0,rootzone,increment_rmse,0.0005048008053394745,8064,1,0.04921875,hyperda_v4_final_2015_2025_context2022_query2023_2025_k0_4_12
forecast_only_latw_audit_US-R4,forecast_only_latw_audit_US-R4_forecast_only_10646,forecast_only,2022-10-10,10646,10,SON,,artifacts/splits/US_loro_kdate_splits.json,artifacts/regions/US_region_masks.nc,US,US-R4,US-R5,US-R4,target_context,12,0,rootzone,increment_mae,0.0003115380795428618,8064,1,0.04921875,hyperda_v4_final_2015_2025_context2022_query2023_2025_k0_4_12
forecast_only_latw_audit_US-R4,forecast_only_latw_audit_US-R4_forecast_only_10646,forecast_only,2022-10-10,10646,10,SON,,artifacts/splits/US_loro_kdate_splits.json,artifacts/regions/US_region_masks.nc,US,US-R4,US-R5,US-R4,target_context,12,0,rootzone,increment_bias,0.0002469190000002051,8064,1,0.04921875,hyperda_v4_final_2015_2025_context2022_query2023_2025_k0_4_12
forecast_only_latw_audit_US-R4,forecast_only_latw_audit_US-R4_forecast_only_10646,forecast_only,2022-10-10,10646,10,SON,,artifacts/splits/US_loro_kdate_splits.json,artifacts/regions/US_region_masks.nc,US,US-R4,US-R5,US-R4,target_context,12,0,rootzone,increment_corr,,8064,1,0.04921875,hyperda_v4_final_2015_2025_context2022_query2023_2025_k0_4_12
forecast_only_latw_audit_US-R4,forecast_only_latw_audit_US-R4_forecast_only_10646,forecast_only,2022-10-10,10646,10,SON,,artifacts/splits/US_loro_kdate_splits.json,artifacts/regions/US_region_masks.nc,US,US-R4,US-R5,US-R4,target_context,12,0,rootzone,sign_accuracy_deadzone,0.0,8064,1,0.04921875,hyperda_v4_final_2015_2025_context2022_query2023_2025_k0_4_12
forecast_only_latw_audit_US-R4,forecast_only_latw_audit_US-R4_forecast_only_10646,forecast_only,2022-10-10,10646,10,SON,,artifacts/splits/US_loro_kdate_splits.json,artifacts/regions/US_region_masks.nc,US,US-R4,US-R5,US-R4,target_context,12,0,rootzone,high_update_increment_skill,0.0,8064,1,0.04921875,hyperda_v4_final_2015_2025_context2022_query2023_2025_k0_4_12
forecast_only_latw_audit_US-R4,forecast_only_latw_audit_US-R4_forecast_only_10646,forecast_only,2022-10-10,10646,10,SON,,artifacts/splits/US_loro_kdate_splits.json,artifacts/regions/US_region_masks.nc,US,US-R4,US-R5,US-R4,target_context,12,0,rootzone,analysis_mse_latw,2.572703453338816e-07,8064,1,0.04921875,hyperda_v4_final_2015_2025_context2022_query2023_2025_k0_4_12
forecast_only_latw_audit_US-R4,forecast_only_latw_audit_US-R4_forecast_only_10646,forecast_only,2022-10-10,10646,10,SON,,artifacts/splits/US_loro_kdate_splits.json,artifacts/regions/US_region_masks.nc,US,US-R4,US-R5,US-R4,target_context,12,0,rootzone,analysis_rmse_latw,0.0005072182423118096,8064,1,0.04921875,hyperda_v4_final_2015_2025_context2022_query2023_2025_k0_4_12
forecast_only_latw_audit_US-R4,forecast_only_latw_audit_US-R4_forecast_only_10646,forecast_only,2022-10-10,10646,10,SON,,artifacts/splits/US_loro_kdate_splits.json,artifacts/regions/US_region_masks.nc,US,US-R4,US-R5,US-R4,target_context,12,0,rootzone,analysis_rmse_sqrt_before_time_avg_latw,0.0005072182423118096,8064,1,0.04921875,hyperda_v4_final_2015_2025_context2022_query2023_2025_k0_4_12
forecast_only_latw_audit_US-R4,forecast_only_latw_audit_US-R4_forecast_only_10646,forecast_only,2022-10-10,10646,10,SON,,artifacts/splits/US_loro_kdate_splits.json,artifacts/regions/US_region_masks.nc,US,US-R4,US-R5,US-R4,target_context,12,0,rootzone,analysis_skill_vs_forecast_latw,0.0,8064,1,0.04921875,hyperda_v4_final_2015_2025_context2022_query2023_2025_k0_4_12
forecast_only_latw_audit_US-R4,forecast_only_latw_audit_US-R4_forecast_only_10646,forecast_only,2022-10-10,10646,10,SON,,artifacts/splits/US_loro_kdate_splits.json,artifacts/regions/US_region_masks.nc,US,US-R4,US-R5,US-R4,target_context,12,0,rootzone,increment_mse_latw,2.572703453338816e-07,8064,1,0.04921875,hyperda_v4_final_2015_2025_context2022_query2023_2025_k0_4_12
forecast_only_latw_audit_US-R4,forecast_only_latw_audit_US-R4_forecast_only_10646,forecast_only,2022-10-10,10646,10,SON,,artifacts/splits/US_loro_kdate_splits.json,artifacts/regions/US_region_masks.nc,US,US-R4,US-R5,US-R4,target_context,12,0,rootzone,increment_rmse_latw,0.0005072182423118096,8064,1,0.04921875,hyperda_v4_final_2015_2025_context2022_query2023_2025_k0_4_12
forecast_only_latw_audit_US-R4,forecast_only_latw_audit_US-R4_forecast_only_10646,forecast_only,2022-10-10,10646,10,SON,,artifacts/splits/US_loro_kdate_splits.json,artifacts/regions/US_region_masks.nc,US,US-R4,US-R5,US-R4,target_context,12,0,rootzone,increment_rmse_sqrt_before_time_avg_latw,0.0005072182423118096,8064,1,0.04921875,hyperda_v4_final_2015_2025_context2022_query2023_2025_k0_4_12
forecast_only_latw_audit_US-R4,forecast_only_latw_audit_US-R4_forecast_only_10646,forecast_only,2022-10-10,10646,10,SON,,artifacts/splits/US_loro_kdate_splits.json,artifacts/regions/US_region_masks.nc,US,US-R4,US-R5,US-R4,target_context,12,0,rootzone,increment_mae_latw,0.00031355965223751154,8064,1,0.04921875,hyperda_v4_final_2015_2025_context2022_query2023_2025_k0_4_12
forecast_only_latw_audit_US-R4,forecast_only_latw_audit_US-R4_forecast_only_10646,forecast_only,2022-10-10,10646,10,SON,,artifacts/splits/US_loro_kdate_splits.json,artifacts/regions/US_region_masks.nc,US,US-R4,US-R5,US-R4,target_context,12,0,rootzone,increment_bias_latw,0.00024968716499215087,8064,1,0.04921875,hyperda_v4_final_2015_2025_context2022_query2023_2025_k0_4_12
forecast_only_latw_audit_US-R4,forecast_only_latw_audit_US-R4_forecast_only_10646,forecast_only,2022-10-10,10646,10,SON,,artifacts/splits/US_loro_kdate_splits.json,artifacts/regions/US_region_masks.nc,US,US-R4,US-R5,US-R4,target_context,12,0,rootzone,increment_corr_latw,,8064,1,0.04921875,hyperda_v4_final_2015_2025_context2022_query2023_2025_k0_4_12
forecast_only_latw_audit_US-R4,forecast_only_latw_audit_US-R4_forecast_only_10749,forecast_only,2022-11-03,10749,11,SON,,artifacts/splits/US_loro_kdate_splits.json,artifacts/regions/US_region_masks.nc,US,US-R4,US-R5,US-R4,target_context,12,0,surface,analysis_rmse,0.017668825849624016,8064,1,0.04921875,hyperda_v4_final_2015_2025_context2022_query2023_2025_k0_4_12
forecast_only_latw_audit_US-R4,forecast_only_latw_audit_US-R4_forecast_only_10749,forecast_only,2022-11-03,10749,11,SON,,artifacts/splits/US_loro_kdate_splits.json,artifacts/regions/US_region_masks.nc,US,US-R4,US-R5,US-R4,target_context,12,0,surface,analysis_mae,0.011738182225916905,8064,1,0.04921875,hyperda_v4_final_2015_2025_context2022_query2023_2025_k0_4_12
forecast_only_latw_audit_US-R4,forecast_only_latw_audit_US-R4_forecast_only_10749,forecast_only,2022-11-03,10749,11,SON,,artifacts/splits/US_loro_kdate_splits.json,artifacts/regions/US_region_masks.nc,US,US-R4,US-R5,US-R4,target_context,12,0,surface,analysis_skill_vs_forecast,0.0,8064,1,0.04921875,hyperda_v4_final_2015_2025_context2022_query2023_2025_k0_4_12
forecast_only_latw_audit_US-R4,forecast_only_latw_audit_US-R4_forecast_only_10749,forecast_only,2022-11-03,10749,11,SON,,artifacts/splits/US_loro_kdate_splits.json,artifacts/regions/US_region_masks.nc,US,US-R4,US-R5,US-R4,target_context,12,0,surface,increment_rmse,0.017668825848094833,8064,1,0.04921875,hyperda_v4_final_2015_2025_context2022_query2023_2025_k0_4_12
forecast_only_latw_audit_US-R4,forecast_only_latw_audit_US-R4_forecast_only_10749,forecast_only,2022-11-03,10749,11,SON,,artifacts/splits/US_loro_kdate_splits.json,artifacts/regions/US_region_masks.nc,US,US-R4,US-R5,US-R4,target_context,12,0,surface,increment_mae,0.011738182225223956,8064,1,0.04921875,hyperda_v4_final_2015_2025_context2022_query2023_2025_k0_4_12
forecast_only_latw_audit_US-R4,forecast_only_latw_audit_US-R4_forecast_only_10749,forecast_only,2022-11-03,10749,11,SON,,artifacts/splits/US_loro_kdate_splits.json,artifacts/regions/US_region_masks.nc,US,US-R4,US-R5,US-R4,target_context,12,0,surface,increment_bias,-0.005631321131543714,8064,1,0.04921875,hyperda_v4_final_2015_2025_context2022_query2023_2025_k0_4_12
forecast_only_latw_audit_US-R4,forecast_only_latw_audit_US-R4_forecast_only_10749,forecast_only,2022-11-03,10749,11,SON,,artifacts/splits/US_loro_kdate_splits.json,artifacts/regions/US_region_masks.nc,US,US-R4,US-R5,US-R4,target_context,12,0,surface,increment_corr,,8064,1,0.04921875,hyperda_v4_final_2015_2025_context2022_query2023_2025_k0_4_12
forecast_only_latw_audit_US-R4,forecast_only_latw_audit_US-R4_forecast_only_10749,forecast_only,2022-11-03,10749,11,SON,,artifacts/splits/US_loro_kdate_splits.json,artifacts/regions/US_region_masks.nc,US,US-R4,US-R5,US-R4,target_context,12,0,surface,sign_accuracy_deadzone,0.0,8064,1,0.04921875,hyperda_v4_final_2015_2025_context2022_query2023_2025_k0_4_12
forecast_only_latw_audit_US-R4,forecast_only_latw_audit_US-R4_forecast_only_10749,forecast_only,2022-11-03,10749,11,SON,,artifacts/splits/US_loro_kdate_splits.json,artifacts/regions/US_region_masks.nc,US,US-R4,US-R5,US-R4,target_context,12,0,surface,high_update_increment_skill,0.0,8064,1,0.04921875,hyperda_v4_final_2015_2025_context2022_query2023_2025_k0_4_12
forecast_only_latw_audit_US-R4,forecast_only_latw_audit_US-R4_forecast_only_10749,forecast_only,2022-11-03,10749,11,SON,,artifacts/splits/US_loro_kdate_splits.json,artifacts/regions/US_region_masks.nc,US,US-R4,US-R5,US-R4,target_context,12,0,surface,analysis_mse_latw,0.000313348284161841,8064,1,0.04921875,hyperda_v4_final_2015_2025_context2022_query2023_2025_k0_4_12
forecast_only_latw_audit_US-R4,forecast_only_latw_audit_US-R4_forecast_only_10749,forecast_only,2022-11-03,10749,11,SON,,artifacts/splits/US_loro_kdate_splits.json,artifacts/regions/US_region_masks.nc,US,US-R4,US-R5,US-R4,target_context,12,0,surface,analysis_rmse_latw,0.017701646368681108,8064,1,0.04921875,hyperda_v4_final_2015_2025_context2022_query2023_2025_k0_4_12
forecast_only_latw_audit_US-R4,forecast_only_latw_audit_US-R4_forecast_only_10749,forecast_only,2022-11-03,10749,11,SON,,artifacts/splits/US_loro_kdate_splits.json,artifacts/regions/US_region_masks.nc,US,US-R4,US-R5,US-R4,target_context,12,0,surface,analysis_rmse_sqrt_before_time_avg_latw,0.017701646368681108,8064,1,0.04921875,hyperda_v4_final_2015_2025_context2022_query2023_2025_k0_4_12
forecast_only_latw_audit_US-R4,forecast_only_latw_audit_US-R4_forecast_only_10749,forecast_only,2022-11-03,10749,11,SON,,artifacts/splits/US_loro_kdate_splits.json,artifacts/regions/US_region_masks.nc,US,US-R4,US-R5,US-R4,target_context,12,0,surface,analysis_skill_vs_forecast_latw,0.0,8064,1,0.04921875,hyperda_v4_final_2015_2025_context2022_query2023_2025_k0_4_12
forecast_only_latw_audit_US-R4,forecast_only_latw_audit_US-R4_forecast_only_10749,forecast_only,2022-11-03,10749,11,SON,,artifacts/splits/US_loro_kdate_splits.json,artifacts/regions/US_region_masks.nc,US,US-R4,US-R5,US-R4,target_context,12,0,surface,increment_mse_latw,0.00031334828410990495,8064,1,0.04921875,hyperda_v4_final_2015_2025_context2022_query2023_2025_k0_4_12
forecast_only_latw_audit_US-R4,forecast_only_latw_audit_US-R4_forecast_only_10749,forecast_only,2022-11-03,10749,11,SON,,artifacts/splits/US_loro_kdate_splits.json,artifacts/regions/US_region_masks.nc,US,US-R4,US-R5,US-R4,target_context,12,0,surface,increment_rmse_latw,0.01770164636721412,8064,1,0.04921875,hyperda_v4_final_2015_2025_context2022_query2023_2025_k0_4_12
forecast_only_latw_audit_US-R4,forecast_only_latw_audit_US-R4_forecast_only_10749,forecast_only,2022-11-03,10749,11,SON,,artifacts/splits/US_loro_kdate_splits.json,artifacts/regions/US_region_masks.nc,US,US-R4,US-R5,US-R4,target_context,12,0,surface,increment_rmse_sqrt_before_time_avg_latw,0.01770164636721412,8064,1,0.04921875,hyperda_v4_final_2015_2025_context2022_query2023_2025_k0_4_12
forecast_only_latw_audit_US-R4,forecast_only_latw_audit_US-R4_forecast_only_10749,forecast_only,2022-11-03,10749,11,SON,,artifacts/splits/US_loro_kdate_splits.json,artifacts/regions/US_region_masks.nc,US,US-R4,US-R5,US-R4,target_context,12,0,surface,increment_mae_latw,0.011751756767204339,8064,1,0.04921875,hyperda_v4_final_2015_2025_context2022_query2023_2025_k0_4_12
forecast_only_latw_audit_US-R4,forecast_only_latw_audit_US-R4_forecast_only_10749,forecast_only,2022-11-03,10749,11,SON,,artifacts/splits/US_loro_kdate_splits.json,artifacts/regions/US_region_masks.nc,US,US-R4,US-R5,US-R4,target_context,12,0,surface,increment_bias_latw,-0.005781583006089318,8064,1,0.04921875,hyperda_v4_final_2015_2025_context2022_query2023_2025_k0_4_12
forecast_only_latw_audit_US-R4,forecast_only_latw_audit_US-R4_forecast_only_10749,forecast_only,2022-11-03,10749,11,SON,,artifacts/splits/US_loro_kdate_splits.json,artifacts/regions/US_region_masks.nc,US,US-R4,US-R5,US-R4,target_context,12,0,surface,increment_corr_latw,,8064,1,0.04921875,hyperda_v4_final_2015_2025_context2022_query2023_2025_k0_4_12
forecast_only_latw_audit_US-R4,forecast_only_latw_audit_US-R4_forecast_only_10749,forecast_only,2022-11-03,10749,11,SON,,artifacts/splits/US_loro_kdate_splits.json,artifacts/regions/US_region_masks.nc,US,US-R4,US-R5,US-R4,target_context,12,0,rootzone,analysis_rmse,0.0010455099537830968,8064,1,0.04921875,hyperda_v4_final_2015_2025_context2022_query2023_2025_k0_4_12
forecast_only_latw_audit_US-R4,forecast_only_latw_audit_US-R4_forecast_only_10749,forecast_only,2022-11-03,10749,11,SON,,artifacts/splits/US_loro_kdate_splits.json,artifacts/regions/US_region_masks.nc,US,US-R4,US-R5,US-R4,target_context,12,0,rootzone,analysis_mae,0.0006875569852704685,8064,1,0.04921875,hyperda_v4_final_2015_2025_context2022_query2023_2025_k0_4_12
forecast_only_latw_audit_US-R4,forecast_only_latw_audit_US-R4_forecast_only_10749,forecast_only,2022-11-03,10749,11,SON,,artifacts/splits/US_loro_kdate_splits.json,artifacts/regions/US_region_masks.nc,US,US-R4,US-R5,US-R4,target_context,12,0,rootzone,analysis_skill_vs_forecast,0.0,8064,1,0.04921875,hyperda_v4_final_2015_2025_context2022_query2023_2025_k0_4_12
forecast_only_latw_audit_US-R4,forecast_only_latw_audit_US-R4_forecast_only_10749,forecast_only,2022-11-03,10749,11,SON,,artifacts/splits/US_loro_kdate_splits.json,artifacts/regions/US_region_masks.nc,US,US-R4,US-R5,US-R4,target_context,12,0,rootzone,increment_rmse,0.0010455099537830968,8064,1,0.04921875,hyperda_v4_final_2015_2025_context2022_query2023_2025_k0_4_12
forecast_only_latw_audit_US-R4,forecast_only_latw_audit_US-R4_forecast_only_10749,forecast_only,2022-11-03,10749,11,SON,,artifacts/splits/US_loro_kdate_splits.json,artifacts/regions/US_region_masks.nc,US,US-R4,US-R5,US-R4,target_context,12,0,rootzone,increment_mae,0.0006875569852704685,8064,1,0.04921875,hyperda_v4_final_2015_2025_context2022_query2023_2025_k0_4_12
forecast_only_latw_audit_US-R4,forecast_only_latw_audit_US-R4_forecast_only_10749,forecast_only,2022-11-03,10749,11,SON,,artifacts/splits/US_loro_kdate_splits.json,artifacts/regions/US_region_masks.nc,US,US-R4,US-R5,US-R4,target_context,12,0,rootzone,increment_bias,-0.00034585209944034144,8064,1,0.04921875,hyperda_v4_final_2015_2025_context2022_query2023_2025_k0_4_12
forecast_only_latw_audit_US-R4,forecast_only_latw_audit_US-R4_forecast_only_10749,forecast_only,2022-11-03,10749,11,SON,,artifacts/splits/US_loro_kdate_splits.json,artifacts/regions/US_region_masks.nc,US,US-R4,US-R5,US-R4,target_context,12,0,rootzone,increment_corr,,8064,1,0.04921875,hyperda_v4_final_2015_2025_context2022_query2023_2025_k0_4_12
forecast_only_latw_audit_US-R4,forecast_only_latw_audit_US-R4_forecast_only_10749,forecast_only,2022-11-03,10749,11,SON,,artifacts/splits/US_loro_kdate_splits.json,artifacts/regions/US_region_masks.nc,US,US-R4,US-R5,US-R4,target_context,12,0,rootzone,sign_accuracy_deadzone,,8064,1,0.04921875,hyperda_v4_final_2015_2025_context2022_query2023_2025_k0_4_12
forecast_only_latw_audit_US-R4,forecast_only_latw_audit_US-R4_forecast_only_10749,forecast_only,2022-11-03,10749,11,SON,,artifacts/splits/US_loro_kdate_splits.json,artifacts/regions/US_region_masks.nc,US,US-R4,US-R5,US-R4,target_context,12,0,rootzone,high_update_increment_skill,0.0,8064,1,0.04921875,hyperda_v4_final_2015_2025_context2022_query2023_2025_k0_4_12
forecast_only_latw_audit_US-R4,forecast_only_latw_audit_US-R4_forecast_only_10749,forecast_only,2022-11-03,10749,11,SON,,artifacts/splits/US_loro_kdate_splits.json,artifacts/regions/US_region_masks.nc,US,US-R4,US-R5,US-R4,target_context,12,0,rootzone,analysis_mse_latw,1.0997868195839214e-06,8064,1,0.04921875,hyperda_v4_final_2015_2025_context2022_query2023_2025_k0_4_12
forecast_only_latw_audit_US-R4,forecast_only_latw_audit_US-R4_forecast_only_10749,forecast_only,2022-11-03,10749,11,SON,,artifacts/splits/US_loro_kdate_splits.json,artifacts/regions/US_region_masks.nc,US,US-R4,US-R5,US-R4,target_context,12,0,rootzone,analysis_rmse_latw,0.0010487072134699568,8064,1,0.04921875,hyperda_v4_final_2015_2025_context2022_query2023_2025_k0_4_12
forecast_only_latw_audit_US-R4,forecast_only_latw_audit_US-R4_forecast_only_10749,forecast_only,2022-11-03,10749,11,SON,,artifacts/splits/US_loro_kdate_splits.json,artifacts/regions/US_region_masks.nc,US,US-R4,US-R5,US-R4,target_context,12,0,rootzone,analysis_rmse_sqrt_before_time_avg_latw,0.0010487072134699568,8064,1,0.04921875,hyperda_v4_final_2015_2025_context2022_query2023_2025_k0_4_12
forecast_only_latw_audit_US-R4,forecast_only_latw_audit_US-R4_forecast_only_10749,forecast_only,2022-11-03,10749,11,SON,,artifacts/splits/US_loro_kdate_splits.json,artifacts/regions/US_region_masks.nc,US,US-R4,US-R5,US-R4,target_context,12,0,rootzone,analysis_skill_vs_forecast_latw,0.0,8064,1,0.04921875,hyperda_v4_final_2015_2025_context2022_query2023_2025_k0_4_12
forecast_only_latw_audit_US-R4,forecast_only_latw_audit_US-R4_forecast_only_10749,forecast_only,2022-11-03,10749,11,SON,,artifacts/splits/US_loro_kdate_splits.json,artifacts/regions/US_region_masks.nc,US,US-R4,US-R5,US-R4,target_context,12,0,rootzone,increment_mse_latw,1.0997868195839214e-06,8064,1,0.04921875,hyperda_v4_final_2015_2025_context2022_query2023_2025_k0_4_12
forecast_only_latw_audit_US-R4,forecast_only_latw_audit_US-R4_forecast_only_10749,forecast_only,2022-11-03,10749,11,SON,,artifacts/splits/US_loro_kdate_splits.json,artifacts/regions/US_region_masks.nc,US,US-R4,US-R5,US-R4,target_context,12,0,rootzone,increment_rmse_latw,0.0010487072134699568,8064,1,0.04921875,hyperda_v4_final_2015_2025_context2022_query2023_2025_k0_4_12
forecast_only_latw_audit_US-R4,forecast_only_latw_audit_US-R4_forecast_only_10749,forecast_only,2022-11-03,10749,11,SON,,artifacts/splits/US_loro_kdate_splits.json,artifacts/regions/US_region_masks.nc,US,US-R4,US-R5,US-R4,target_context,12,0,rootzone,increment_rmse_sqrt_before_time_avg_latw,0.0010487072134699568,8064,1,0.04921875,hyperda_v4_final_2015_2025_context2022_query2023_2025_k0_4_12
forecast_only_latw_audit_US-R4,forecast_only_latw_audit_US-R4_forecast_only_10749,forecast_only,2022-11-03,10749,11,SON,,artifacts/splits/US_loro_kdate_splits.json,artifacts/regions/US_region_masks.nc,US,US-R4,US-R5,US-R4,target_context,12,0,rootzone,increment_mae_latw,0.0006892599182862469,8064,1,0.04921875,hyperda_v4_final_2015_2025_context2022_query2023_2025_k0_4_12
forecast_only_latw_audit_US-R4,forecast_only_latw_audit_US-R4_forecast_only_10749,forecast_only,2022-11-03,10749,11,SON,,artifacts/splits/US_loro_kdate_splits.json,artifacts/regions/US_region_masks.nc,US,US-R4,US-R5,US-R4,target_context,12,0,rootzone,increment_bias_latw,-0.0003548582917555984,8064,1,0.04921875,hyperda_v4_final_2015_2025_context2022_query2023_2025_k0_4_12
forecast_only_latw_audit_US-R4,forecast_only_latw_audit_US-R4_forecast_only_10749,forecast_only,2022-11-03,10749,11,SON,,artifacts/splits/US_loro_kdate_splits.json,artifacts/regions/US_region_masks.nc,US,US-R4,US-R5,US-R4,target_context,12,0,rootzone,increment_corr_latw,,8064,1,0.04921875,hyperda_v4_final_2015_2025_context2022_query2023_2025_k0_4_12
forecast_only_latw_audit_US-R5,forecast_only_latw_audit_US-R5_forecast_only_9708,forecast_only,2022-01-01,9708,1,DJF,,artifacts/splits/US_loro_kdate_splits.json,artifacts/regions/US_region_masks.nc,US,US-R5,US-R5,US-R5,target_context,12,0,surface,analysis_rmse,0.005542208129518789,11620,1,0.0709228515625,hyperda_v4_final_2015_2025_context2022_query2023_2025_k0_4_12
forecast_only_latw_audit_US-R5,forecast_only_latw_audit_US-R5_forecast_only_9708,forecast_only,2022-01-01,9708,1,DJF,,artifacts/splits/US_loro_kdate_splits.json,artifacts/regions/US_region_masks.nc,US,US-R5,US-R5,US-R5,target_context,12,0,surface,analysis_mae,0.002368308546698032,11620,1,0.0709228515625,hyperda_v4_final_2015_2025_context2022_query2023_2025_k0_4_12
forecast_only_latw_audit_US-R5,forecast_only_latw_audit_US-R5_forecast_only_9708,forecast_only,2022-01-01,9708,1,DJF,,artifacts/splits/US_loro_kdate_splits.json,artifacts/regions/US_region_masks.nc,US,US-R5,US-R5,US-R5,target_context,12,0,surface,analysis_skill_vs_forecast,0.0,11620,1,0.0709228515625,hyperda_v4_final_2015_2025_context2022_query2023_2025_k0_4_12
forecast_only_latw_audit_US-R5,forecast_only_latw_audit_US-R5_forecast_only_9708,forecast_only,2022-01-01,9708,1,DJF,,artifacts/splits/US_loro_kdate_splits.json,artifacts/regions/US_region_masks.nc,US,US-R5,US-R5,US-R5,target_context,12,0,surface,increment_rmse,0.005542208129518789,11620,1,0.0709228515625,hyperda_v4_final_2015_2025_context2022_query2023_2025_k0_4_12
forecast_only_latw_audit_US-R5,forecast_only_latw_audit_US-R5_forecast_only_9708,forecast_only,2022-01-01,9708,1,DJF,,artifacts/splits/US_loro_kdate_splits.json,artifacts/regions/US_region_masks.nc,US,US-R5,US-R5,US-R5,target_context,12,0,surface,increment_mae,0.002368308546698032,11620,1,0.0709228515625,hyperda_v4_final_2015_2025_context2022_query2023_2025_k0_4_12
forecast_only_latw_audit_US-R5,forecast_only_latw_audit_US-R5_forecast_only_9708,forecast_only,2022-01-01,9708,1,DJF,,artifacts/splits/US_loro_kdate_splits.json,artifacts/regions/US_region_masks.nc,US,US-R5,US-R5,US-R5,target_context,12,0,surface,increment_bias,-0.0020159804581210863,11620,1,0.0709228515625,hyperda_v4_final_2015_2025_context2022_query2023_2025_k0_4_12
forecast_only_latw_audit_US-R5,forecast_only_latw_audit_US-R5_forecast_only_9708,forecast_only,2022-01-01,9708,1,DJF,,artifacts/splits/US_loro_kdate_splits.json,artifacts/regions/US_region_masks.nc,US,US-R5,US-R5,US-R5,target_context,12,0,surface,increment_corr,,11620,1,0.0709228515625,hyperda_v4_final_2015_2025_context2022_query2023_2025_k0_4_12
forecast_only_latw_audit_US-R5,forecast_only_latw_audit_US-R5_forecast_only_9708,forecast_only,2022-01-01,9708,1,DJF,,artifacts/splits/US_loro_kdate_splits.json,artifacts/regions/US_region_masks.nc,US,US-R5,US-R5,US-R5,target_context,12,0,surface,sign_accuracy_deadzone,0.0,11620,1,0.0709228515625,hyperda_v4_final_2015_2025_context2022_query2023_2025_k0_4_12
forecast_only_latw_audit_US-R5,forecast_only_latw_audit_US-R5_forecast_only_9708,forecast_only,2022-01-01,9708,1,DJF,,artifacts/splits/US_loro_kdate_splits.json,artifacts/regions/US_region_masks.nc,US,US-R5,US-R5,US-R5,target_context,12,0,surface,high_update_increment_skill,0.0,11620,1,0.0709228515625,hyperda_v4_final_2015_2025_context2022_query2023_2025_k0_4_12
forecast_only_latw_audit_US-R5,forecast_only_latw_audit_US-R5_forecast_only_9708,forecast_only,2022-01-01,9708,1,DJF,,artifacts/splits/US_loro_kdate_splits.json,artifacts/regions/US_region_masks.nc,US,US-R5,US-R5,US-R5,target_context,12,0,surface,analysis_mse_latw,3.1017841379171126e-05,11620,1,0.0709228515625,hyperda_v4_final_2015_2025_context2022_query2023_2025_k0_4_12
forecast_only_latw_audit_US-R5,forecast_only_latw_audit_US-R5_forecast_only_9708,forecast_only,2022-01-01,9708,1,DJF,,artifacts/splits/US_loro_kdate_splits.json,artifacts/regions/US_region_masks.nc,US,US-R5,US-R5,US-R5,target_context,12,0,surface,analysis_rmse_latw,0.0055693663355153005,11620,1,0.0709228515625,hyperda_v4_final_2015_2025_context2022_query2023_2025_k0_4_12
forecast_only_latw_audit_US-R5,forecast_only_latw_audit_US-R5_forecast_only_9708,forecast_only,2022-01-01,9708,1,DJF,,artifacts/splits/US_loro_kdate_splits.json,artifacts/regions/US_region_masks.nc,US,US-R5,US-R5,US-R5,target_context,12,0,surface,analysis_rmse_sqrt_before_time_avg_latw,0.0055693663355153005,11620,1,0.0709228515625,hyperda_v4_final_2015_2025_context2022_query2023_2025_k0_4_12
forecast_only_latw_audit_US-R5,forecast_only_latw_audit_US-R5_forecast_only_9708,forecast_only,2022-01-01,9708,1,DJF,,artifacts/splits/US_loro_kdate_splits.json,artifacts/regions/US_region_masks.nc,US,US-R5,US-R5,US-R5,target_context,12,0,surface,analysis_skill_vs_forecast_latw,0.0,11620,1,0.0709228515625,hyperda_v4_final_2015_2025_context2022_query2023_2025_k0_4_12
forecast_only_latw_audit_US-R5,forecast_only_latw_audit_US-R5_forecast_only_9708,forecast_only,2022-01-01,9708,1,DJF,,artifacts/splits/US_loro_kdate_splits.json,artifacts/regions/US_region_masks.nc,US,US-R5,US-R5,US-R5,target_context,12,0,surface,increment_mse_latw,3.1017841379171126e-05,11620,1,0.0709228515625,hyperda_v4_final_2015_2025_context2022_query2023_2025_k0_4_12
forecast_only_latw_audit_US-R5,forecast_only_latw_audit_US-R5_forecast_only_9708,forecast_only,2022-01-01,9708,1,DJF,,artifacts/splits/US_loro_kdate_splits.json,artifacts/regions/US_region_masks.nc,US,US-R5,US-R5,US-R5,target_context,12,0,surface,increment_rmse_latw,0.0055693663355153005,11620,1,0.0709228515625,hyperda_v4_final_2015_2025_context2022_query2023_2025_k0_4_12
forecast_only_latw_audit_US-R5,forecast_only_latw_audit_US-R5_forecast_only_9708,forecast_only,2022-01-01,9708,1,DJF,,artifacts/splits/US_loro_kdate_splits.json,artifacts/regions/US_region_masks.nc,US,US-R5,US-R5,US-R5,target_context,12,0,surface,increment_rmse_sqrt_before_time_avg_latw,0.0055693663355153005,11620,1,0.0709228515625,hyperda_v4_final_2015_2025_context2022_query2023_2025_k0_4_12
forecast_only_latw_audit_US-R5,forecast_only_latw_audit_US-R5_forecast_only_9708,forecast_only,2022-01-01,9708,1,DJF,,artifacts/splits/US_loro_kdate_splits.json,artifacts/regions/US_region_masks.nc,US,US-R5,US-R5,US-R5,target_context,12,0,surface,increment_mae_latw,0.002380237029360238,11620,1,0.0709228515625,hyperda_v4_final_2015_2025_context2022_query2023_2025_k0_4_12
forecast_only_latw_audit_US-R5,forecast_only_latw_audit_US-R5_forecast_only_9708,forecast_only,2022-01-01,9708,1,DJF,,artifacts/splits/US_loro_kdate_splits.json,artifacts/regions/US_region_masks.nc,US,US-R5,US-R5,US-R5,target_context,12,0,surface,increment_bias_latw,-0.002030141166639957,11620,1,0.0709228515625,hyperda_v4_final_2015_2025_context2022_query2023_2025_k0_4_12
forecast_only_latw_audit_US-R5,forecast_only_latw_audit_US-R5_forecast_only_9708,forecast_only,2022-01-01,9708,1,DJF,,artifacts/splits/US_loro_kdate_splits.json,artifacts/regions/US_region_masks.nc,US,US-R5,US-R5,US-R5,target_context,12,0,surface,increment_corr_latw,,11620,1,0.0709228515625,hyperda_v4_final_2015_2025_context2022_query2023_2025_k0_4_12
forecast_only_latw_audit_US-R5,forecast_only_latw_audit_US-R5_forecast_only_9708,forecast_only,2022-01-01,9708,1,DJF,,artifacts/splits/US_loro_kdate_splits.json,artifacts/regions/US_region_masks.nc,US,US-R5,US-R5,US-R5,target_context,12,0,rootzone,analysis_rmse,0.0005932793758093046,11620,1,0.0709228515625,hyperda_v4_final_2015_2025_context2022_query2023_2025_k0_4_12
forecast_only_latw_audit_US-R5,forecast_only_latw_audit_US-R5_forecast_only_9708,forecast_only,2022-01-01,9708,1,DJF,,artifacts/splits/US_loro_kdate_splits.json,artifacts/regions/US_region_masks.nc,US,US-R5,US-R5,US-R5,target_context,12,0,rootzone,analysis_mae,0.00022254573492246733,11620,1,0.0709228515625,hyperda_v4_final_2015_2025_context2022_query2023_2025_k0_4_12
forecast_only_latw_audit_US-R5,forecast_only_latw_audit_US-R5_forecast_only_9708,forecast_only,2022-01-01,9708,1,DJF,,artifacts/splits/US_loro_kdate_splits.json,artifacts/regions/US_region_masks.nc,US,US-R5,US-R5,US-R5,target_context,12,0,rootzone,analysis_skill_vs_forecast,0.0,11620,1,0.0709228515625,hyperda_v4_final_2015_2025_context2022_query2023_2025_k0_4_12
forecast_only_latw_audit_US-R5,forecast_only_latw_audit_US-R5_forecast_only_9708,forecast_only,2022-01-01,9708,1,DJF,,artifacts/splits/US_loro_kdate_splits.json,artifacts/regions/US_region_masks.nc,US,US-R5,US-R5,US-R5,target_context,12,0,rootzone,increment_rmse,0.0005932793758093046,11620,1,0.0709228515625,hyperda_v4_final_2015_2025_context2022_query2023_2025_k0_4_12
forecast_only_latw_audit_US-R5,forecast_only_latw_audit_US-R5_forecast_only_9708,forecast_only,2022-01-01,9708,1,DJF,,artifacts/splits/US_loro_kdate_splits.json,artifacts/regions/US_region_masks.nc,US,US-R5,US-R5,US-R5,target_context,12,0,rootzone,increment_mae,0.00022254573492246733,11620,1,0.0709228515625,hyperda_v4_final_2015_2025_context2022_query2023_2025_k0_4_12
forecast_only_latw_audit_US-R5,forecast_only_latw_audit_US-R5_forecast_only_9708,forecast_only,2022-01-01,9708,1,DJF,,artifacts/splits/US_loro_kdate_splits.json,artifacts/regions/US_region_masks.nc,US,US-R5,US-R5,US-R5,target_context,12,0,rootzone,increment_bias,-0.0001761820305158062,11620,1,0.0709228515625,hyperda_v4_final_2015_2025_context2022_query2023_2025_k0_4_12
forecast_only_latw_audit_US-R5,forecast_only_latw_audit_US-R5_forecast_only_9708,forecast_only,2022-01-01,9708,1,DJF,,artifacts/splits/US_loro_kdate_splits.json,artifacts/regions/US_region_masks.nc,US,US-R5,US-R5,US-R5,target_context,12,0,rootzone,increment_corr,,11620,1,0.0709228515625,hyperda_v4_final_2015_2025_context2022_query2023_2025_k0_4_12
forecast_only_latw_audit_US-R5,forecast_only_latw_audit_US-R5_forecast_only_9708,forecast_only,2022-01-01,9708,1,DJF,,artifacts/splits/US_loro_kdate_splits.json,artifacts/regions/US_region_masks.nc,US,US-R5,US-R5,US-R5,target_context,12,0,rootzone,sign_accuracy_deadzone,0.0,11620,1,0.0709228515625,hyperda_v4_final_2015_2025_context2022_query2023_2025_k0_4_12
forecast_only_latw_audit_US-R5,forecast_only_latw_audit_US-R5_forecast_only_9708,forecast_only,2022-01-01,9708,1,DJF,,artifacts/splits/US_loro_kdate_splits.json,artifacts/regions/US_region_masks.nc,US,US-R5,US-R5,US-R5,target_context,12,0,rootzone,high_update_increment_skill,0.0,11620,1,0.0709228515625,hyperda_v4_final_2015_2025_context2022_query2023_2025_k0_4_12
forecast_only_latw_audit_US-R5,forecast_only_latw_audit_US-R5_forecast_only_9708,forecast_only,2022-01-01,9708,1,DJF,,artifacts/splits/US_loro_kdate_splits.json,artifacts/regions/US_region_masks.nc,US,US-R5,US-R5,US-R5,target_context,12,0,rootzone,analysis_mse_latw,3.554903735997579e-07,11620,1,0.0709228515625,hyperda_v4_final_2015_2025_context2022_query2023_2025_k0_4_12
forecast_only_latw_audit_US-R5,forecast_only_latw_audit_US-R5_forecast_only_9708,forecast_only,2022-01-01,9708,1,DJF,,artifacts/splits/US_loro_kdate_splits.json,artifacts/regions/US_region_masks.nc,US,US-R5,US-R5,US-R5,target_context,12,0,rootzone,analysis_rmse_latw,0.000596230134763212,11620,1,0.0709228515625,hyperda_v4_final_2015_2025_context2022_query2023_2025_k0_4_12
forecast_only_latw_audit_US-R5,forecast_only_latw_audit_US-R5_forecast_only_9708,forecast_only,2022-01-01,9708,1,DJF,,artifacts/splits/US_loro_kdate_splits.json,artifacts/regions/US_region_masks.nc,US,US-R5,US-R5,US-R5,target_context,12,0,rootzone,analysis_rmse_sqrt_before_time_avg_latw,0.000596230134763212,11620,1,0.0709228515625,hyperda_v4_final_2015_2025_context2022_query2023_2025_k0_4_12
forecast_only_latw_audit_US-R5,forecast_only_latw_audit_US-R5_forecast_only_9708,forecast_only,2022-01-01,9708,1,DJF,,artifacts/splits/US_loro_kdate_splits.json,artifacts/regions/US_region_masks.nc,US,US-R5,US-R5,US-R5,target_context,12,0,rootzone,analysis_skill_vs_forecast_latw,0.0,11620,1,0.0709228515625,hyperda_v4_final_2015_2025_context2022_query2023_2025_k0_4_12
forecast_only_latw_audit_US-R5,forecast_only_latw_audit_US-R5_forecast_only_9708,forecast_only,2022-01-01,9708,1,DJF,,artifacts/splits/US_loro_kdate_splits.json,artifacts/regions/US_region_masks.nc,US,US-R5,US-R5,US-R5,target_context,12,0,rootzone,increment_mse_latw,3.554903735997579e-07,11620,1,0.0709228515625,hyperda_v4_final_2015_2025_context2022_query2023_2025_k0_4_12
forecast_only_latw_audit_US-R5,forecast_only_latw_audit_US-R5_forecast_only_9708,forecast_only,2022-01-01,9708,1,DJF,,artifacts/splits/US_loro_kdate_splits.json,artifacts/regions/US_region_masks.nc,US,US-R5,US-R5,US-R5,target_context,12,0,rootzone,increment_rmse_latw,0.000596230134763212,11620,1,0.0709228515625,hyperda_v4_final_2015_2025_context2022_query2023_2025_k0_4_12
forecast_only_latw_audit_US-R5,forecast_only_latw_audit_US-R5_forecast_only_9708,forecast_only,2022-01-01,9708,1,DJF,,artifacts/splits/US_loro_kdate_splits.json,artifacts/regions/US_region_masks.nc,US,US-R5,US-R5,US-R5,target_context,12,0,rootzone,increment_rmse_sqrt_before_time_avg_latw,0.000596230134763212,11620,1,0.0709228515625,hyperda_v4_final_2015_2025_context2022_query2023_2025_k0_4_12
forecast_only_latw_audit_US-R5,forecast_only_latw_audit_US-R5_forecast_only_9708,forecast_only,2022-01-01,9708,1,DJF,,artifacts/splits/US_loro_kdate_splits.json,artifacts/regions/US_region_masks.nc,US,US-R5,US-R5,US-R5,target_context,12,0,rootzone,increment_mae_latw,0.0002234693224548249,11620,1,0.0709228515625,hyperda_v4_final_2015_2025_context2022_query2023_2025_k0_4_12
forecast_only_latw_audit_US-R5,forecast_only_latw_audit_US-R5_forecast_only_9708,forecast_only,2022-01-01,9708,1,DJF,,artifacts/splits/US_loro_kdate_splits.json,artifacts/regions/US_region_masks.nc,US,US-R5,US-R5,US-R5,target_context,12,0,rootzone,increment_bias_latw,-0.0001775620585434213,11620,1,0.0709228515625,hyperda_v4_final_2015_2025_context2022_query2023_2025_k0_4_12
forecast_only_latw_audit_US-R5,forecast_only_latw_audit_US-R5_forecast_only_9708,forecast_only,2022-01-01,9708,1,DJF,,artifacts/splits/US_loro_kdate_splits.json,artifacts/regions/US_region_masks.nc,US,US-R5,US-R5,US-R5,target_context,12,0,rootzone,increment_corr_latw,,11620,1,0.0709228515625,hyperda_v4_final_2015_2025_context2022_query2023_2025_k0_4_12
forecast_only_latw_audit_US-R5,forecast_only_latw_audit_US-R5_forecast_only_9873,forecast_only,2022-02-17,9873,2,DJF,,artifacts/splits/US_loro_kdate_splits.json,artifacts/regions/US_region_masks.nc,US,US-R5,US-R5,US-R5,target_context,12,0,surface,analysis_rmse,0.004857320971201894,11620,1,0.0709228515625,hyperda_v4_final_2015_2025_context2022_query2023_2025_k0_4_12
forecast_only_latw_audit_US-R5,forecast_only_latw_audit_US-R5_forecast_only_9873,forecast_only,2022-02-17,9873,2,DJF,,artifacts/splits/US_loro_kdate_splits.json,artifacts/regions/US_region_masks.nc,US,US-R5,US-R5,US-R5,target_context,12,0,surface,analysis_mae,0.002797380437923791,11620,1,0.0709228515625,hyperda_v4_final_2015_2025_context2022_query2023_2025_k0_4_12
forecast_only_latw_audit_US-R5,forecast_only_latw_audit_US-R5_forecast_only_9873,forecast_only,2022-02-17,9873,2,DJF,,artifacts/splits/US_loro_kdate_splits.json,artifacts/regions/US_region_masks.nc,US,US-R5,US-R5,US-R5,target_context,12,0,surface,analysis_skill_vs_forecast,0.0,11620,1,0.0709228515625,hyperda_v4_final_2015_2025_context2022_query2023_2025_k0_4_12
forecast_only_latw_audit_US-R5,forecast_only_latw_audit_US-R5_forecast_only_9873,forecast_only,2022-02-17,9873,2,DJF,,artifacts/splits/US_loro_kdate_splits.json,artifacts/regions/US_region_masks.nc,US,US-R5,US-R5,US-R5,target_context,12,0,surface,increment_rmse,0.004857320971201894,11620,1,0.0709228515625,hyperda_v4_final_2015_2025_context2022_query2023_2025_k0_4_12
forecast_only_latw_audit_US-R5,forecast_only_latw_audit_US-R5_forecast_only_9873,forecast_only,2022-02-17,9873,2,DJF,,artifacts/splits/US_loro_kdate_splits.json,artifacts/regions/US_region_masks.nc,US,US-R5,US-R5,US-R5,target_context,12,0,surface,increment_mae,0.002797380437923791,11620,1,0.0709228515625,hyperda_v4_final_2015_2025_context2022_query2023_2025_k0_4_12
forecast_only_latw_audit_US-R5,forecast_only_latw_audit_US-R5_forecast_only_9873,forecast_only,2022-02-17,9873,2,DJF,,artifacts/splits/US_loro_kdate_splits.json,artifacts/regions/US_region_masks.nc,US,US-R5,US-R5,US-R5,target_context,12,0,surface,increment_bias,-0.0008618905608143126,11620,1,0.0709228515625,hyperda_v4_final_2015_2025_context2022_query2023_2025_k0_4_12
forecast_only_latw_audit_US-R5,forecast_only_latw_audit_US-R5_forecast_only_9873,forecast_only,2022-02-17,9873,2,DJF,,artifacts/splits/US_loro_kdate_splits.json,artifacts/regions/US_region_masks.nc,US,US-R5,US-R5,US-R5,target_context,12,0,surface,increment_corr,,11620,1,0.0709228515625,hyperda_v4_final_2015_2025_context2022_query2023_2025_k0_4_12
forecast_only_latw_audit_US-R5,forecast_only_latw_audit_US-R5_forecast_only_9873,forecast_only,2022-02-17,9873,2,DJF,,artifacts/splits/US_loro_kdate_splits.json,artifacts/regions/US_region_masks.nc,US,US-R5,US-R5,US-R5,target_context,12,0,surface,sign_accuracy_deadzone,0.0,11620,1,0.0709228515625,hyperda_v4_final_2015_2025_context2022_query2023_2025_k0_4_12
forecast_only_latw_audit_US-R5,forecast_only_latw_audit_US-R5_forecast_only_9873,forecast_only,2022-02-17,9873,2,DJF,,artifacts/splits/US_loro_kdate_splits.json,artifacts/regions/US_region_masks.nc,US,US-R5,US-R5,US-R5,target_context,12,0,surface,high_update_increment_skill,0.0,11620,1,0.0709228515625,hyperda_v4_final_2015_2025_context2022_query2023_2025_k0_4_12
forecast_only_latw_audit_US-R5,forecast_only_latw_audit_US-R5_forecast_only_9873,forecast_only,2022-02-17,9873,2,DJF,,artifacts/splits/US_loro_kdate_splits.json,artifacts/regions/US_region_masks.nc,US,US-R5,US-R5,US-R5,target_context,12,0,surface,analysis_mse_latw,2.3509029468744212e-05,11620,1,0.0709228515625,hyperda_v4_final_2015_2025_context2022_query2023_2025_k0_4_12
forecast_only_latw_audit_US-R5,forecast_only_latw_audit_US-R5_forecast_only_9873,forecast_only,2022-02-17,9873,2,DJF,,artifacts/splits/US_loro_kdate_splits.json,artifacts/regions/US_region_masks.nc,US,US-R5,US-R5,US-R5,target_context,12,0,surface,analysis_rmse_latw,0.004848611086563265,11620,1,0.0709228515625,hyperda_v4_final_2015_2025_context2022_query2023_2025_k0_4_12
forecast_only_latw_audit_US-R5,forecast_only_latw_audit_US-R5_forecast_only_9873,forecast_only,2022-02-17,9873,2,DJF,,artifacts/splits/US_loro_kdate_splits.json,artifacts/regions/US_region_masks.nc,US,US-R5,US-R5,US-R5,target_context,12,0,surface,analysis_rmse_sqrt_before_time_avg_latw,0.004848611086563265,11620,1,0.0709228515625,hyperda_v4_final_2015_2025_context2022_query2023_2025_k0_4_12
forecast_only_latw_audit_US-R5,forecast_only_latw_audit_US-R5_forecast_only_9873,forecast_only,2022-02-17,9873,2,DJF,,artifacts/splits/US_loro_kdate_splits.json,artifacts/regions/US_region_masks.nc,US,US-R5,US-R5,US-R5,target_context,12,0,surface,analysis_skill_vs_forecast_latw,0.0,11620,1,0.0709228515625,hyperda_v4_final_2015_2025_context2022_query2023_2025_k0_4_12
forecast_only_latw_audit_US-R5,forecast_only_latw_audit_US-R5_forecast_only_9873,forecast_only,2022-02-17,9873,2,DJF,,artifacts/splits/US_loro_kdate_splits.json,artifacts/regions/US_region_masks.nc,US,US-R5,US-R5,US-R5,target_context,12,0,surface,increment_mse_latw,2.3509029468744212e-05,11620,1,0.0709228515625,hyperda_v4_final_2015_2025_context2022_query2023_2025_k0_4_12
forecast_only_latw_audit_US-R5,forecast_only_latw_audit_US-R5_forecast_only_9873,forecast_only,2022-02-17,9873,2,DJF,,artifacts/splits/US_loro_kdate_splits.json,artifacts/regions/US_region_masks.nc,US,US-R5,US-R5,US-R5,target_context,12,0,surface,increment_rmse_latw,0.004848611086563265,11620,1,0.0709228515625,hyperda_v4_final_2015_2025_context2022_query2023_2025_k0_4_12
forecast_only_latw_audit_US-R5,forecast_only_latw_audit_US-R5_forecast_only_9873,forecast_only,2022-02-17,9873,2,DJF,,artifacts/splits/US_loro_kdate_splits.json,artifacts/regions/US_region_masks.nc,US,US-R5,US-R5,US-R5,target_context,12,0,surface,increment_rmse_sqrt_before_time_avg_latw,0.004848611086563265,11620,1,0.0709228515625,hyperda_v4_final_2015_2025_context2022_query2023_2025_k0_4_12
forecast_only_latw_audit_US-R5,forecast_only_latw_audit_US-R5_forecast_only_9873,forecast_only,2022-02-17,9873,2,DJF,,artifacts/splits/US_loro_kdate_splits.json,artifacts/regions/US_region_masks.nc,US,US-R5,US-R5,US-R5,target_context,12,0,surface,increment_mae_latw,0.0027842276896746774,11620,1,0.0709228515625,hyperda_v4_final_2015_2025_context2022_query2023_2025_k0_4_12
forecast_only_latw_audit_US-R5,forecast_only_latw_audit_US-R5_forecast_only_9873,forecast_only,2022-02-17,9873,2,DJF,,artifacts/splits/US_loro_kdate_splits.json,artifacts/regions/US_region_masks.nc,US,US-R5,US-R5,US-R5,target_context,12,0,surface,increment_bias_latw,-0.0008770536836677645,11620,1,0.0709228515625,hyperda_v4_final_2015_2025_context2022_query2023_2025_k0_4_12
forecast_only_latw_audit_US-R5,forecast_only_latw_audit_US-R5_forecast_only_9873,forecast_only,2022-02-17,9873,2,DJF,,artifacts/splits/US_loro_kdate_splits.json,artifacts/regions/US_region_masks.nc,US,US-R5,US-R5,US-R5,target_context,12,0,surface,increment_corr_latw,,11620,1,0.0709228515625,hyperda_v4_final_2015_2025_context2022_query2023_2025_k0_4_12
forecast_only_latw_audit_US-R5,forecast_only_latw_audit_US-R5_forecast_only_9873,forecast_only,2022-02-17,9873,2,DJF,,artifacts/splits/US_loro_kdate_splits.json,artifacts/regions/US_region_masks.nc,US,US-R5,US-R5,US-R5,target_context,12,0,rootzone,analysis_rmse,0.0004215756090932222,11620,1,0.0709228515625,hyperda_v4_final_2015_2025_context2022_query2023_2025_k0_4_12
forecast_only_latw_audit_US-R5,forecast_only_latw_audit_US-R5_forecast_only_9873,forecast_only,2022-02-17,9873,2,DJF,,artifacts/splits/US_loro_kdate_splits.json,artifacts/regions/US_region_masks.nc,US,US-R5,US-R5,US-R5,target_context,12,0,rootzone,analysis_mae,0.00022842633135603956,11620,1,0.0709228515625,hyperda_v4_final_2015_2025_context2022_query2023_2025_k0_4_12
forecast_only_latw_audit_US-R5,forecast_only_latw_audit_US-R5_forecast_only_9873,forecast_only,2022-02-17,9873,2,DJF,,artifacts/splits/US_loro_kdate_splits.json,artifacts/regions/US_region_masks.nc,US,US-R5,US-R5,US-R5,target_context,12,0,rootzone,analysis_skill_vs_forecast,0.0,11620,1,0.0709228515625,hyperda_v4_final_2015_2025_context2022_query2023_2025_k0_4_12
forecast_only_latw_audit_US-R5,forecast_only_latw_audit_US-R5_forecast_only_9873,forecast_only,2022-02-17,9873,2,DJF,,artifacts/splits/US_loro_kdate_splits.json,artifacts/regions/US_region_masks.nc,US,US-R5,US-R5,US-R5,target_context,12,0,rootzone,increment_rmse,0.0004215756090932222,11620,1,0.0709228515625,hyperda_v4_final_2015_2025_context2022_query2023_2025_k0_4_12
forecast_only_latw_audit_US-R5,forecast_only_latw_audit_US-R5_forecast_only_9873,forecast_only,2022-02-17,9873,2,DJF,,artifacts/splits/US_loro_kdate_splits.json,artifacts/regions/US_region_masks.nc,US,US-R5,US-R5,US-R5,target_context,12,0,rootzone,increment_mae,0.00022842633135603956,11620,1,0.0709228515625,hyperda_v4_final_2015_2025_context2022_query2023_2025_k0_4_12
forecast_only_latw_audit_US-R5,forecast_only_latw_audit_US-R5_forecast_only_9873,forecast_only,2022-02-17,9873,2,DJF,,artifacts/splits/US_loro_kdate_splits.json,artifacts/regions/US_region_masks.nc,US,US-R5,US-R5,US-R5,target_context,12,0,rootzone,increment_bias,-6.202890949641161e-05,11620,1,0.0709228515625,hyperda_v4_final_2015_2025_context2022_query2023_2025_k0_4_12
forecast_only_latw_audit_US-R5,forecast_only_latw_audit_US-R5_forecast_only_9873,forecast_only,2022-02-17,9873,2,DJF,,artifacts/splits/US_loro_kdate_splits.json,artifacts/regions/US_region_masks.nc,US,US-R5,US-R5,US-R5,target_context,12,0,rootzone,increment_corr,,11620,1,0.0709228515625,hyperda_v4_final_2015_2025_context2022_query2023_2025_k0_4_12
forecast_only_latw_audit_US-R5,forecast_only_latw_audit_US-R5_forecast_only_9873,forecast_only,2022-02-17,9873,2,DJF,,artifacts/splits/US_loro_kdate_splits.json,artifacts/regions/US_region_masks.nc,US,US-R5,US-R5,US-R5,target_context,12,0,rootzone,sign_accuracy_deadzone,0.0,11620,1,0.0709228515625,hyperda_v4_final_2015_2025_context2022_query2023_2025_k0_4_12
forecast_only_latw_audit_US-R5,forecast_only_latw_audit_US-R5_forecast_only_9873,forecast_only,2022-02-17,9873,2,DJF,,artifacts/splits/US_loro_kdate_splits.json,artifacts/regions/US_region_masks.nc,US,US-R5,US-R5,US-R5,target_context,12,0,rootzone,high_update_increment_skill,0.0,11620,1,0.0709228515625,hyperda_v4_final_2015_2025_context2022_query2023_2025_k0_4_12
forecast_only_latw_audit_US-R5,forecast_only_latw_audit_US-R5_forecast_only_9873,forecast_only,2022-02-17,9873,2,DJF,,artifacts/splits/US_loro_kdate_splits.json,artifacts/regions/US_region_masks.nc,US,US-R5,US-R5,US-R5,target_context,12,0,rootzone,analysis_mse_latw,1.7772327167933695e-07,11620,1,0.0709228515625,hyperda_v4_final_2015_2025_context2022_query2023_2025_k0_4_12
forecast_only_latw_audit_US-R5,forecast_only_latw_audit_US-R5_forecast_only_9873,forecast_only,2022-02-17,9873,2,DJF,,artifacts/splits/US_loro_kdate_splits.json,artifacts/regions/US_region_masks.nc,US,US-R5,US-R5,US-R5,target_context,12,0,rootzone,analysis_rmse_latw,0.00042157238011916406,11620,1,0.0709228515625,hyperda_v4_final_2015_2025_context2022_query2023_2025_k0_4_12
forecast_only_latw_audit_US-R5,forecast_only_latw_audit_US-R5_forecast_only_9873,forecast_only,2022-02-17,9873,2,DJF,,artifacts/splits/US_loro_kdate_splits.json,artifacts/regions/US_region_masks.nc,US,US-R5,US-R5,US-R5,target_context,12,0,rootzone,analysis_rmse_sqrt_before_time_avg_latw,0.00042157238011916406,11620,1,0.0709228515625,hyperda_v4_final_2015_2025_context2022_query2023_2025_k0_4_12
forecast_only_latw_audit_US-R5,forecast_only_latw_audit_US-R5_forecast_only_9873,forecast_only,2022-02-17,9873,2,DJF,,artifacts/splits/US_loro_kdate_splits.json,artifacts/regions/US_region_masks.nc,US,US-R5,US-R5,US-R5,target_context,12,0,rootzone,analysis_skill_vs_forecast_latw,0.0,11620,1,0.0709228515625,hyperda_v4_final_2015_2025_context2022_query2023_2025_k0_4_12
forecast_only_latw_audit_US-R5,forecast_only_latw_audit_US-R5_forecast_only_9873,forecast_only,2022-02-17,9873,2,DJF,,artifacts/splits/US_loro_kdate_splits.json,artifacts/regions/US_region_masks.nc,US,US-R5,US-R5,US-R5,target_context,12,0,rootzone,increment_mse_latw,1.7772327167933695e-07,11620,1,0.0709228515625,hyperda_v4_final_2015_2025_context2022_query2023_2025_k0_4_12
forecast_only_latw_audit_US-R5,forecast_only_latw_audit_US-R5_forecast_only_9873,forecast_only,2022-02-17,9873,2,DJF,,artifacts/splits/US_loro_kdate_splits.json,artifacts/regions/US_region_masks.nc,US,US-R5,US-R5,US-R5,target_context,12,0,rootzone,increment_rmse_latw,0.00042157238011916406,11620,1,0.0709228515625,hyperda_v4_final_2015_2025_context2022_query2023_2025_k0_4_12
forecast_only_latw_audit_US-R5,forecast_only_latw_audit_US-R5_forecast_only_9873,forecast_only,2022-02-17,9873,2,DJF,,artifacts/splits/US_loro_kdate_splits.json,artifacts/regions/US_region_masks.nc,US,US-R5,US-R5,US-R5,target_context,12,0,rootzone,increment_rmse_sqrt_before_time_avg_latw,0.00042157238011916406,11620,1,0.0709228515625,hyperda_v4_final_2015_2025_context2022_query2023_2025_k0_4_12
forecast_only_latw_audit_US-R5,forecast_only_latw_audit_US-R5_forecast_only_9873,forecast_only,2022-02-17,9873,2,DJF,,artifacts/splits/US_loro_kdate_splits.json,artifacts/regions/US_region_masks.nc,US,US-R5,US-R5,US-R5,target_context,12,0,rootzone,increment_mae_latw,0.00022714967362971871,11620,1,0.0709228515625,hyperda_v4_final_2015_2025_context2022_query2023_2025_k0_4_12
forecast_only_latw_audit_US-R5,forecast_only_latw_audit_US-R5_forecast_only_9873,forecast_only,2022-02-17,9873,2,DJF,,artifacts/splits/US_loro_kdate_splits.json,artifacts/regions/US_region_masks.nc,US,US-R5,US-R5,US-R5,target_context,12,0,rootzone,increment_bias_latw,-6.322307878715009e-05,11620,1,0.0709228515625,hyperda_v4_final_2015_2025_context2022_query2023_2025_k0_4_12
forecast_only_latw_audit_US-R5,forecast_only_latw_audit_US-R5_forecast_only_9873,forecast_only,2022-02-17,9873,2,DJF,,artifacts/splits/US_loro_kdate_splits.json,artifacts/regions/US_region_masks.nc,US,US-R5,US-R5,US-R5,target_context,12,0,rootzone,increment_corr_latw,,11620,1,0.0709228515625,hyperda_v4_final_2015_2025_context2022_query2023_2025_k0_4_12
forecast_only_latw_audit_US-R5,forecast_only_latw_audit_US-R5_forecast_only_9920,forecast_only,2022-03-01,9920,3,MAM,,artifacts/splits/US_loro_kdate_splits.json,artifacts/regions/US_region_masks.nc,US,US-R5,US-R5,US-R5,target_context,12,0,surface,analysis_rmse,0.007390221394176382,11620,1,0.0709228515625,hyperda_v4_final_2015_2025_context2022_query2023_2025_k0_4_12
forecast_only_latw_audit_US-R5,forecast_only_latw_audit_US-R5_forecast_only_9920,forecast_only,2022-03-01,9920,3,MAM,,artifacts/splits/US_loro_kdate_splits.json,artifacts/regions/US_region_masks.nc,US,US-R5,US-R5,US-R5,target_context,12,0,surface,analysis_mae,0.0038925740643438087,11620,1,0.0709228515625,hyperda_v4_final_2015_2025_context2022_query2023_2025_k0_4_12
forecast_only_latw_audit_US-R5,forecast_only_latw_audit_US-R5_forecast_only_9920,forecast_only,2022-03-01,9920,3,MAM,,artifacts/splits/US_loro_kdate_splits.json,artifacts/regions/US_region_masks.nc,US,US-R5,US-R5,US-R5,target_context,12,0,surface,analysis_skill_vs_forecast,0.0,11620,1,0.0709228515625,hyperda_v4_final_2015_2025_context2022_query2023_2025_k0_4_12
forecast_only_latw_audit_US-R5,forecast_only_latw_audit_US-R5_forecast_only_9920,forecast_only,2022-03-01,9920,3,MAM,,artifacts/splits/US_loro_kdate_splits.json,artifacts/regions/US_region_masks.nc,US,US-R5,US-R5,US-R5,target_context,12,0,surface,increment_rmse,0.007390221394176382,11620,1,0.0709228515625,hyperda_v4_final_2015_2025_context2022_query2023_2025_k0_4_12
forecast_only_latw_audit_US-R5,forecast_only_latw_audit_US-R5_forecast_only_9920,forecast_only,2022-03-01,9920,3,MAM,,artifacts/splits/US_loro_kdate_splits.json,artifacts/regions/US_region_masks.nc,US,US-R5,US-R5,US-R5,target_context,12,0,surface,increment_mae,0.0038925740643438087,11620,1,0.0709228515625,hyperda_v4_final_2015_2025_context2022_query2023_2025_k0_4_12
forecast_only_latw_audit_US-R5,forecast_only_latw_audit_US-R5_forecast_only_9920,forecast_only,2022-03-01,9920,3,MAM,,artifacts/splits/US_loro_kdate_splits.json,artifacts/regions/US_region_masks.nc,US,US-R5,US-R5,US-R5,target_context,12,0,surface,increment_bias,0.0012995701558926429,11620,1,0.0709228515625,hyperda_v4_final_2015_2025_context2022_query2023_2025_k0_4_12
forecast_only_latw_audit_US-R5,forecast_only_latw_audit_US-R5_forecast_only_9920,forecast_only,2022-03-01,9920,3,MAM,,artifacts/splits/US_loro_kdate_splits.json,artifacts/regions/US_region_masks.nc,US,US-R5,US-R5,US-R5,target_context,12,0,surface,increment_corr,,11620,1,0.0709228515625,hyperda_v4_final_2015_2025_context2022_query2023_2025_k0_4_12
forecast_only_latw_audit_US-R5,forecast_only_latw_audit_US-R5_forecast_only_9920,forecast_only,2022-03-01,9920,3,MAM,,artifacts/splits/US_loro_kdate_splits.json,artifacts/regions/US_region_masks.nc,US,US-R5,US-R5,US-R5,target_context,12,0,surface,sign_accuracy_deadzone,0.0,11620,1,0.0709228515625,hyperda_v4_final_2015_2025_context2022_query2023_2025_k0_4_12
forecast_only_latw_audit_US-R5,forecast_only_latw_audit_US-R5_forecast_only_9920,forecast_only,2022-03-01,9920,3,MAM,,artifacts/splits/US_loro_kdate_splits.json,artifacts/regions/US_region_masks.nc,US,US-R5,US-R5,US-R5,target_context,12,0,surface,high_update_increment_skill,0.0,11620,1,0.0709228515625,hyperda_v4_final_2015_2025_context2022_query2023_2025_k0_4_12
forecast_only_latw_audit_US-R5,forecast_only_latw_audit_US-R5_forecast_only_9920,forecast_only,2022-03-01,9920,3,MAM,,artifacts/splits/US_loro_kdate_splits.json,artifacts/regions/US_region_masks.nc,US,US-R5,US-R5,US-R5,target_context,12,0,surface,analysis_mse_latw,5.5362993479031276e-05,11620,1,0.0709228515625,hyperda_v4_final_2015_2025_context2022_query2023_2025_k0_4_12
forecast_only_latw_audit_US-R5,forecast_only_latw_audit_US-R5_forecast_only_9920,forecast_only,2022-03-01,9920,3,MAM,,artifacts/splits/US_loro_kdate_splits.json,artifacts/regions/US_region_masks.nc,US,US-R5,US-R5,US-R5,target_context,12,0,surface,analysis_rmse_latw,0.007440631255413164,11620,1,0.0709228515625,hyperda_v4_final_2015_2025_context2022_query2023_2025_k0_4_12
forecast_only_latw_audit_US-R5,forecast_only_latw_audit_US-R5_forecast_only_9920,forecast_only,2022-03-01,9920,3,MAM,,artifacts/splits/US_loro_kdate_splits.json,artifacts/regions/US_region_masks.nc,US,US-R5,US-R5,US-R5,target_context,12,0,surface,analysis_rmse_sqrt_before_time_avg_latw,0.007440631255413164,11620,1,0.0709228515625,hyperda_v4_final_2015_2025_context2022_query2023_2025_k0_4_12
forecast_only_latw_audit_US-R5,forecast_only_latw_audit_US-R5_forecast_only_9920,forecast_only,2022-03-01,9920,3,MAM,,artifacts/splits/US_loro_kdate_splits.json,artifacts/regions/US_region_masks.nc,US,US-R5,US-R5,US-R5,target_context,12,0,surface,analysis_skill_vs_forecast_latw,0.0,11620,1,0.0709228515625,hyperda_v4_final_2015_2025_context2022_query2023_2025_k0_4_12
forecast_only_latw_audit_US-R5,forecast_only_latw_audit_US-R5_forecast_only_9920,forecast_only,2022-03-01,9920,3,MAM,,artifacts/splits/US_loro_kdate_splits.json,artifacts/regions/US_region_masks.nc,US,US-R5,US-R5,US-R5,target_context,12,0,surface,increment_mse_latw,5.5362993479031276e-05,11620,1,0.0709228515625,hyperda_v4_final_2015_2025_context2022_query2023_2025_k0_4_12
forecast_only_latw_audit_US-R5,forecast_only_latw_audit_US-R5_forecast_only_9920,forecast_only,2022-03-01,9920,3,MAM,,artifacts/splits/US_loro_kdate_splits.json,artifacts/regions/US_region_masks.nc,US,US-R5,US-R5,US-R5,target_context,12,0,surface,increment_rmse_latw,0.007440631255413164,11620,1,0.0709228515625,hyperda_v4_final_2015_2025_context2022_query2023_2025_k0_4_12
forecast_only_latw_audit_US-R5,forecast_only_latw_audit_US-R5_forecast_only_9920,forecast_only,2022-03-01,9920,3,MAM,,artifacts/splits/US_loro_kdate_splits.json,artifacts/regions/US_region_masks.nc,US,US-R5,US-R5,US-R5,target_context,12,0,surface,increment_rmse_sqrt_before_time_avg_latw,0.007440631255413164,11620,1,0.0709228515625,hyperda_v4_final_2015_2025_context2022_query2023_2025_k0_4_12
forecast_only_latw_audit_US-R5,forecast_only_latw_audit_US-R5_forecast_only_9920,forecast_only,2022-03-01,9920,3,MAM,,artifacts/splits/US_loro_kdate_splits.json,artifacts/regions/US_region_masks.nc,US,US-R5,US-R5,US-R5,target_context,12,0,surface,increment_mae_latw,0.0039267541310686604,11620,1,0.0709228515625,hyperda_v4_final_2015_2025_context2022_query2023_2025_k0_4_12
forecast_only_latw_audit_US-R5,forecast_only_latw_audit_US-R5_forecast_only_9920,forecast_only,2022-03-01,9920,3,MAM,,artifacts/splits/US_loro_kdate_splits.json,artifacts/regions/US_region_masks.nc,US,US-R5,US-R5,US-R5,target_context,12,0,surface,increment_bias_latw,0.001330226909383244,11620,1,0.0709228515625,hyperda_v4_final_2015_2025_context2022_query2023_2025_k0_4_12
forecast_only_latw_audit_US-R5,forecast_only_latw_audit_US-R5_forecast_only_9920,forecast_only,2022-03-01,9920,3,MAM,,artifacts/splits/US_loro_kdate_splits.json,artifacts/regions/US_region_masks.nc,US,US-R5,US-R5,US-R5,target_context,12,0,surface,increment_corr_latw,,11620,1,0.0709228515625,hyperda_v4_final_2015_2025_context2022_query2023_2025_k0_4_12
forecast_only_latw_audit_US-R5,forecast_only_latw_audit_US-R5_forecast_only_9920,forecast_only,2022-03-01,9920,3,MAM,,artifacts/splits/US_loro_kdate_splits.json,artifacts/regions/US_region_masks.nc,US,US-R5,US-R5,US-R5,target_context,12,0,rootzone,analysis_rmse,0.0005602341416304692,11620,1,0.0709228515625,hyperda_v4_final_2015_2025_context2022_query2023_2025_k0_4_12
forecast_only_latw_audit_US-R5,forecast_only_latw_audit_US-R5_forecast_only_9920,forecast_only,2022-03-01,9920,3,MAM,,artifacts/splits/US_loro_kdate_splits.json,artifacts/regions/US_region_masks.nc,US,US-R5,US-R5,US-R5,target_context,12,0,rootzone,analysis_mae,0.0002848897267152233,11620,1,0.0709228515625,hyperda_v4_final_2015_2025_context2022_query2023_2025_k0_4_12
forecast_only_latw_audit_US-R5,forecast_only_latw_audit_US-R5_forecast_only_9920,forecast_only,2022-03-01,9920,3,MAM,,artifacts/splits/US_loro_kdate_splits.json,artifacts/regions/US_region_masks.nc,US,US-R5,US-R5,US-R5,target_context,12,0,rootzone,analysis_skill_vs_forecast,0.0,11620,1,0.0709228515625,hyperda_v4_final_2015_2025_context2022_query2023_2025_k0_4_12
forecast_only_latw_audit_US-R5,forecast_only_latw_audit_US-R5_forecast_only_9920,forecast_only,2022-03-01,9920,3,MAM,,artifacts/splits/US_loro_kdate_splits.json,artifacts/regions/US_region_masks.nc,US,US-R5,US-R5,US-R5,target_context,12,0,rootzone,increment_rmse,0.0005602341416304692,11620,1,0.0709228515625,hyperda_v4_final_2015_2025_context2022_query2023_2025_k0_4_12
forecast_only_latw_audit_US-R5,forecast_only_latw_audit_US-R5_forecast_only_9920,forecast_only,2022-03-01,9920,3,MAM,,artifacts/splits/US_loro_kdate_splits.json,artifacts/regions/US_region_masks.nc,US,US-R5,US-R5,US-R5,target_context,12,0,rootzone,increment_mae,0.0002848897267152233,11620,1,0.0709228515625,hyperda_v4_final_2015_2025_context2022_query2023_2025_k0_4_12
forecast_only_latw_audit_US-R5,forecast_only_latw_audit_US-R5_forecast_only_9920,forecast_only,2022-03-01,9920,3,MAM,,artifacts/splits/US_loro_kdate_splits.json,artifacts/regions/US_region_masks.nc,US,US-R5,US-R5,US-R5,target_context,12,0,rootzone,increment_bias,6.388782230229878e-05,11620,1,0.0709228515625,hyperda_v4_final_2015_2025_context2022_query2023_2025_k0_4_12
forecast_only_latw_audit_US-R5,forecast_only_latw_audit_US-R5_forecast_only_9920,forecast_only,2022-03-01,9920,3,MAM,,artifacts/splits/US_loro_kdate_splits.json,artifacts/regions/US_region_masks.nc,US,US-R5,US-R5,US-R5,target_context,12,0,rootzone,increment_corr,,11620,1,0.0709228515625,hyperda_v4_final_2015_2025_context2022_query2023_2025_k0_4_12
forecast_only_latw_audit_US-R5,forecast_only_latw_audit_US-R5_forecast_only_9920,forecast_only,2022-03-01,9920,3,MAM,,artifacts/splits/US_loro_kdate_splits.json,artifacts/regions/US_region_masks.nc,US,US-R5,US-R5,US-R5,target_context,12,0,rootzone,sign_accuracy_deadzone,0.0,11620,1,0.0709228515625,hyperda_v4_final_2015_2025_context2022_query2023_2025_k0_4_12
forecast_only_latw_audit_US-R5,forecast_only_latw_audit_US-R5_forecast_only_9920,forecast_only,2022-03-01,9920,3,MAM,,artifacts/splits/US_loro_kdate_splits.json,artifacts/regions/US_region_masks.nc,US,US-R5,US-R5,US-R5,target_context,12,0,rootzone,high_update_increment_skill,0.0,11620,1,0.0709228515625,hyperda_v4_final_2015_2025_context2022_query2023_2025_k0_4_12
forecast_only_latw_audit_US-R5,forecast_only_latw_audit_US-R5_forecast_only_9920,forecast_only,2022-03-01,9920,3,MAM,,artifacts/splits/US_loro_kdate_splits.json,artifacts/regions/US_region_masks.nc,US,US-R5,US-R5,US-R5,target_context,12,0,rootzone,analysis_mse_latw,3.1803468391800985e-07,11620,1,0.0709228515625,hyperda_v4_final_2015_2025_context2022_query2023_2025_k0_4_12
forecast_only_latw_audit_US-R5,forecast_only_latw_audit_US-R5_forecast_only_9920,forecast_only,2022-03-01,9920,3,MAM,,artifacts/splits/US_loro_kdate_splits.json,artifacts/regions/US_region_masks.nc,US,US-R5,US-R5,US-R5,target_context,12,0,rootzone,analysis_rmse_latw,0.0005639456391515142,11620,1,0.0709228515625,hyperda_v4_final_2015_2025_context2022_query2023_2025_k0_4_12
forecast_only_latw_audit_US-R5,forecast_only_latw_audit_US-R5_forecast_only_9920,forecast_only,2022-03-01,9920,3,MAM,,artifacts/splits/US_loro_kdate_splits.json,artifacts/regions/US_region_masks.nc,US,US-R5,US-R5,US-R5,target_context,12,0,rootzone,analysis_rmse_sqrt_before_time_avg_latw,0.0005639456391515142,11620,1,0.0709228515625,hyperda_v4_final_2015_2025_context2022_query2023_2025_k0_4_12
forecast_only_latw_audit_US-R5,forecast_only_latw_audit_US-R5_forecast_only_9920,forecast_only,2022-03-01,9920,3,MAM,,artifacts/splits/US_loro_kdate_splits.json,artifacts/regions/US_region_masks.nc,US,US-R5,US-R5,US-R5,target_context,12,0,rootzone,analysis_skill_vs_forecast_latw,0.0,11620,1,0.0709228515625,hyperda_v4_final_2015_2025_context2022_query2023_2025_k0_4_12
forecast_only_latw_audit_US-R5,forecast_only_latw_audit_US-R5_forecast_only_9920,forecast_only,2022-03-01,9920,3,MAM,,artifacts/splits/US_loro_kdate_splits.json,artifacts/regions/US_region_masks.nc,US,US-R5,US-R5,US-R5,target_context,12,0,rootzone,increment_mse_latw,3.1803468391800985e-07,11620,1,0.0709228515625,hyperda_v4_final_2015_2025_context2022_query2023_2025_k0_4_12
forecast_only_latw_audit_US-R5,forecast_only_latw_audit_US-R5_forecast_only_9920,forecast_only,2022-03-01,9920,3,MAM,,artifacts/splits/US_loro_kdate_splits.json,artifacts/regions/US_region_masks.nc,US,US-R5,US-R5,US-R5,target_context,12,0,rootzone,increment_rmse_latw,0.0005639456391515142,11620,1,0.0709228515625,hyperda_v4_final_2015_2025_context2022_query2023_2025_k0_4_12
forecast_only_latw_audit_US-R5,forecast_only_latw_audit_US-R5_forecast_only_9920,forecast_only,2022-03-01,9920,3,MAM,,artifacts/splits/US_loro_kdate_splits.json,artifacts/regions/US_region_masks.nc,US,US-R5,US-R5,US-R5,target_context,12,0,rootzone,increment_rmse_sqrt_before_time_avg_latw,0.0005639456391515142,11620,1,0.0709228515625,hyperda_v4_final_2015_2025_context2022_query2023_2025_k0_4_12
forecast_only_latw_audit_US-R5,forecast_only_latw_audit_US-R5_forecast_only_9920,forecast_only,2022-03-01,9920,3,MAM,,artifacts/splits/US_loro_kdate_splits.json,artifacts/regions/US_region_masks.nc,US,US-R5,US-R5,US-R5,target_context,12,0,rootzone,increment_mae_latw,0.00028733892410108113,11620,1,0.0709228515625,hyperda_v4_final_2015_2025_context2022_query2023_2025_k0_4_12
forecast_only_latw_audit_US-R5,forecast_only_latw_audit_US-R5_forecast_only_9920,forecast_only,2022-03-01,9920,3,MAM,,artifacts/splits/US_loro_kdate_splits.json,artifacts/regions/US_region_masks.nc,US,US-R5,US-R5,US-R5,target_context,12,0,rootzone,increment_bias_latw,6.581668732856969e-05,11620,1,0.0709228515625,hyperda_v4_final_2015_2025_context2022_query2023_2025_k0_4_12
forecast_only_latw_audit_US-R5,forecast_only_latw_audit_US-R5_forecast_only_9920,forecast_only,2022-03-01,9920,3,MAM,,artifacts/splits/US_loro_kdate_splits.json,artifacts/regions/US_region_masks.nc,US,US-R5,US-R5,US-R5,target_context,12,0,rootzone,increment_corr_latw,,11620,1,0.0709228515625,hyperda_v4_final_2015_2025_context2022_query2023_2025_k0_4_12
forecast_only_latw_audit_US-R5,forecast_only_latw_audit_US-R5_forecast_only_10070,forecast_only,2022-04-10,10070,4,MAM,,artifacts/splits/US_loro_kdate_splits.json,artifacts/regions/US_region_masks.nc,US,US-R5,US-R5,US-R5,target_context,12,0,surface,analysis_rmse,0.008139436968475177,11620,1,0.0709228515625,hyperda_v4_final_2015_2025_context2022_query2023_2025_k0_4_12
forecast_only_latw_audit_US-R5,forecast_only_latw_audit_US-R5_forecast_only_10070,forecast_only,2022-04-10,10070,4,MAM,,artifacts/splits/US_loro_kdate_splits.json,artifacts/regions/US_region_masks.nc,US,US-R5,US-R5,US-R5,target_context,12,0,surface,analysis_mae,0.004245498298111143,11620,1,0.0709228515625,hyperda_v4_final_2015_2025_context2022_query2023_2025_k0_4_12
forecast_only_latw_audit_US-R5,forecast_only_latw_audit_US-R5_forecast_only_10070,forecast_only,2022-04-10,10070,4,MAM,,artifacts/splits/US_loro_kdate_splits.json,artifacts/regions/US_region_masks.nc,US,US-R5,US-R5,US-R5,target_context,12,0,surface,analysis_skill_vs_forecast,0.0,11620,1,0.0709228515625,hyperda_v4_final_2015_2025_context2022_query2023_2025_k0_4_12
forecast_only_latw_audit_US-R5,forecast_only_latw_audit_US-R5_forecast_only_10070,forecast_only,2022-04-10,10070,4,MAM,,artifacts/splits/US_loro_kdate_splits.json,artifacts/regions/US_region_masks.nc,US,US-R5,US-R5,US-R5,target_context,12,0,surface,increment_rmse,0.008139436968475177,11620,1,0.0709228515625,hyperda_v4_final_2015_2025_context2022_query2023_2025_k0_4_12
forecast_only_latw_audit_US-R5,forecast_only_latw_audit_US-R5_forecast_only_10070,forecast_only,2022-04-10,10070,4,MAM,,artifacts/splits/US_loro_kdate_splits.json,artifacts/regions/US_region_masks.nc,US,US-R5,US-R5,US-R5,target_context,12,0,surface,increment_mae,0.004245498298111143,11620,1,0.0709228515625,hyperda_v4_final_2015_2025_context2022_query2023_2025_k0_4_12
forecast_only_latw_audit_US-R5,forecast_only_latw_audit_US-R5_forecast_only_10070,forecast_only,2022-04-10,10070,4,MAM,,artifacts/splits/US_loro_kdate_splits.json,artifacts/regions/US_region_masks.nc,US,US-R5,US-R5,US-R5,target_context,12,0,surface,increment_bias,-0.000929620523460966,11620,1,0.0709228515625,hyperda_v4_final_2015_2025_context2022_query2023_2025_k0_4_12
forecast_only_latw_audit_US-R5,forecast_only_latw_audit_US-R5_forecast_only_10070,forecast_only,2022-04-10,10070,4,MAM,,artifacts/splits/US_loro_kdate_splits.json,artifacts/regions/US_region_masks.nc,US,US-R5,US-R5,US-R5,target_context,12,0,surface,increment_corr,,11620,1,0.0709228515625,hyperda_v4_final_2015_2025_context2022_query2023_2025_k0_4_12
forecast_only_latw_audit_US-R5,forecast_only_latw_audit_US-R5_forecast_only_10070,forecast_only,2022-04-10,10070,4,MAM,,artifacts/splits/US_loro_kdate_splits.json,artifacts/regions/US_region_masks.nc,US,US-R5,US-R5,US-R5,target_context,12,0,surface,sign_accuracy_deadzone,0.0,11620,1,0.0709228515625,hyperda_v4_final_2015_2025_context2022_query2023_2025_k0_4_12
forecast_only_latw_audit_US-R5,forecast_only_latw_audit_US-R5_forecast_only_10070,forecast_only,2022-04-10,10070,4,MAM,,artifacts/splits/US_loro_kdate_splits.json,artifacts/regions/US_region_masks.nc,US,US-R5,US-R5,US-R5,target_context,12,0,surface,high_update_increment_skill,0.0,11620,1,0.0709228515625,hyperda_v4_final_2015_2025_context2022_query2023_2025_k0_4_12
forecast_only_latw_audit_US-R5,forecast_only_latw_audit_US-R5_forecast_only_10070,forecast_only,2022-04-10,10070,4,MAM,,artifacts/splits/US_loro_kdate_splits.json,artifacts/regions/US_region_masks.nc,US,US-R5,US-R5,US-R5,target_context,12,0,surface,analysis_mse_latw,6.606711495197699e-05,11620,1,0.0709228515625,hyperda_v4_final_2015_2025_context2022_query2023_2025_k0_4_12
forecast_only_latw_audit_US-R5,forecast_only_latw_audit_US-R5_forecast_only_10070,forecast_only,2022-04-10,10070,4,MAM,,artifacts/splits/US_loro_kdate_splits.json,artifacts/regions/US_region_masks.nc,US,US-R5,US-R5,US-R5,target_context,12,0,surface,analysis_rmse_latw,0.00812816799481759,11620,1,0.0709228515625,hyperda_v4_final_2015_2025_context2022_query2023_2025_k0_4_12
forecast_only_latw_audit_US-R5,forecast_only_latw_audit_US-R5_forecast_only_10070,forecast_only,2022-04-10,10070,4,MAM,,artifacts/splits/US_loro_kdate_splits.json,artifacts/regions/US_region_masks.nc,US,US-R5,US-R5,US-R5,target_context,12,0,surface,analysis_rmse_sqrt_before_time_avg_latw,0.00812816799481759,11620,1,0.0709228515625,hyperda_v4_final_2015_2025_context2022_query2023_2025_k0_4_12
forecast_only_latw_audit_US-R5,forecast_only_latw_audit_US-R5_forecast_only_10070,forecast_only,2022-04-10,10070,4,MAM,,artifacts/splits/US_loro_kdate_splits.json,artifacts/regions/US_region_masks.nc,US,US-R5,US-R5,US-R5,target_context,12,0,surface,analysis_skill_vs_forecast_latw,0.0,11620,1,0.0709228515625,hyperda_v4_final_2015_2025_context2022_query2023_2025_k0_4_12
forecast_only_latw_audit_US-R5,forecast_only_latw_audit_US-R5_forecast_only_10070,forecast_only,2022-04-10,10070,4,MAM,,artifacts/splits/US_loro_kdate_splits.json,artifacts/regions/US_region_masks.nc,US,US-R5,US-R5,US-R5,target_context,12,0,surface,increment_mse_latw,6.606711495197699e-05,11620,1,0.0709228515625,hyperda_v4_final_2015_2025_context2022_query2023_2025_k0_4_12
forecast_only_latw_audit_US-R5,forecast_only_latw_audit_US-R5_forecast_only_10070,forecast_only,2022-04-10,10070,4,MAM,,artifacts/splits/US_loro_kdate_splits.json,artifacts/regions/US_region_masks.nc,US,US-R5,US-R5,US-R5,target_context,12,0,surface,increment_rmse_latw,0.00812816799481759,11620,1,0.0709228515625,hyperda_v4_final_2015_2025_context2022_query2023_2025_k0_4_12
forecast_only_latw_audit_US-R5,forecast_only_latw_audit_US-R5_forecast_only_10070,forecast_only,2022-04-10,10070,4,MAM,,artifacts/splits/US_loro_kdate_splits.json,artifacts/regions/US_region_masks.nc,US,US-R5,US-R5,US-R5,target_context,12,0,surface,increment_rmse_sqrt_before_time_avg_latw,0.00812816799481759,11620,1,0.0709228515625,hyperda_v4_final_2015_2025_context2022_query2023_2025_k0_4_12
forecast_only_latw_audit_US-R5,forecast_only_latw_audit_US-R5_forecast_only_10070,forecast_only,2022-04-10,10070,4,MAM,,artifacts/splits/US_loro_kdate_splits.json,artifacts/regions/US_region_masks.nc,US,US-R5,US-R5,US-R5,target_context,12,0,surface,increment_mae_latw,0.004241486522359259,11620,1,0.0709228515625,hyperda_v4_final_2015_2025_context2022_query2023_2025_k0_4_12
forecast_only_latw_audit_US-R5,forecast_only_latw_audit_US-R5_forecast_only_10070,forecast_only,2022-04-10,10070,4,MAM,,artifacts/splits/US_loro_kdate_splits.json,artifacts/regions/US_region_masks.nc,US,US-R5,US-R5,US-R5,target_context,12,0,surface,increment_bias_latw,-0.000959950379893861,11620,1,0.0709228515625,hyperda_v4_final_2015_2025_context2022_query2023_2025_k0_4_12
forecast_only_latw_audit_US-R5,forecast_only_latw_audit_US-R5_forecast_only_10070,forecast_only,2022-04-10,10070,4,MAM,,artifacts/splits/US_loro_kdate_splits.json,artifacts/regions/US_region_masks.nc,US,US-R5,US-R5,US-R5,target_context,12,0,surface,increment_corr_latw,,11620,1,0.0709228515625,hyperda_v4_final_2015_2025_context2022_query2023_2025_k0_4_12
forecast_only_latw_audit_US-R5,forecast_only_latw_audit_US-R5_forecast_only_10070,forecast_only,2022-04-10,10070,4,MAM,,artifacts/splits/US_loro_kdate_splits.json,artifacts/regions/US_region_masks.nc,US,US-R5,US-R5,US-R5,target_context,12,0,rootzone,analysis_rmse,0.0006202394252941053,11620,1,0.0709228515625,hyperda_v4_final_2015_2025_context2022_query2023_2025_k0_4_12
forecast_only_latw_audit_US-R5,forecast_only_latw_audit_US-R5_forecast_only_10070,forecast_only,2022-04-10,10070,4,MAM,,artifacts/splits/US_loro_kdate_splits.json,artifacts/regions/US_region_masks.nc,US,US-R5,US-R5,US-R5,target_context,12,0,rootzone,analysis_mae,0.00032869255147784587,11620,1,0.0709228515625,hyperda_v4_final_2015_2025_context2022_query2023_2025_k0_4_12
forecast_only_latw_audit_US-R5,forecast_only_latw_audit_US-R5_forecast_only_10070,forecast_only,2022-04-10,10070,4,MAM,,artifacts/splits/US_loro_kdate_splits.json,artifacts/regions/US_region_masks.nc,US,US-R5,US-R5,US-R5,target_context,12,0,rootzone,analysis_skill_vs_forecast,0.0,11620,1,0.0709228515625,hyperda_v4_final_2015_2025_context2022_query2023_2025_k0_4_12
forecast_only_latw_audit_US-R5,forecast_only_latw_audit_US-R5_forecast_only_10070,forecast_only,2022-04-10,10070,4,MAM,,artifacts/splits/US_loro_kdate_splits.json,artifacts/regions/US_region_masks.nc,US,US-R5,US-R5,US-R5,target_context,12,0,rootzone,increment_rmse,0.0006202394252941053,11620,1,0.0709228515625,hyperda_v4_final_2015_2025_context2022_query2023_2025_k0_4_12
forecast_only_latw_audit_US-R5,forecast_only_latw_audit_US-R5_forecast_only_10070,forecast_only,2022-04-10,10070,4,MAM,,artifacts/splits/US_loro_kdate_splits.json,artifacts/regions/US_region_masks.nc,US,US-R5,US-R5,US-R5,target_context,12,0,rootzone,increment_mae,0.00032869255147784587,11620,1,0.0709228515625,hyperda_v4_final_2015_2025_context2022_query2023_2025_k0_4_12
forecast_only_latw_audit_US-R5,forecast_only_latw_audit_US-R5_forecast_only_10070,forecast_only,2022-04-10,10070,4,MAM,,artifacts/splits/US_loro_kdate_splits.json,artifacts/regions/US_region_masks.nc,US,US-R5,US-R5,US-R5,target_context,12,0,rootzone,increment_bias,-6.790842200515603e-05,11620,1,0.0709228515625,hyperda_v4_final_2015_2025_context2022_query2023_2025_k0_4_12
forecast_only_latw_audit_US-R5,forecast_only_latw_audit_US-R5_forecast_only_10070,forecast_only,2022-04-10,10070,4,MAM,,artifacts/splits/US_loro_kdate_splits.json,artifacts/regions/US_region_masks.nc,US,US-R5,US-R5,US-R5,target_context,12,0,rootzone,increment_corr,,11620,1,0.0709228515625,hyperda_v4_final_2015_2025_context2022_query2023_2025_k0_4_12
forecast_only_latw_audit_US-R5,forecast_only_latw_audit_US-R5_forecast_only_10070,forecast_only,2022-04-10,10070,4,MAM,,artifacts/splits/US_loro_kdate_splits.json,artifacts/regions/US_region_masks.nc,US,US-R5,US-R5,US-R5,target_context,12,0,rootzone,sign_accuracy_deadzone,0.0,11620,1,0.0709228515625,hyperda_v4_final_2015_2025_context2022_query2023_2025_k0_4_12
forecast_only_latw_audit_US-R5,forecast_only_latw_audit_US-R5_forecast_only_10070,forecast_only,2022-04-10,10070,4,MAM,,artifacts/splits/US_loro_kdate_splits.json,artifacts/regions/US_region_masks.nc,US,US-R5,US-R5,US-R5,target_context,12,0,rootzone,high_update_increment_skill,0.0,11620,1,0.0709228515625,hyperda_v4_final_2015_2025_context2022_query2023_2025_k0_4_12
forecast_only_latw_audit_US-R5,forecast_only_latw_audit_US-R5_forecast_only_10070,forecast_only,2022-04-10,10070,4,MAM,,artifacts/splits/US_loro_kdate_splits.json,artifacts/regions/US_region_masks.nc,US,US-R5,US-R5,US-R5,target_context,12,0,rootzone,analysis_mse_latw,3.8280762217597996e-07,11620,1,0.0709228515625,hyperda_v4_final_2015_2025_context2022_query2023_2025_k0_4_12
forecast_only_latw_audit_US-R5,forecast_only_latw_audit_US-R5_forecast_only_10070,forecast_only,2022-04-10,10070,4,MAM,,artifacts/splits/US_loro_kdate_splits.json,artifacts/regions/US_region_masks.nc,US,US-R5,US-R5,US-R5,target_context,12,0,rootzone,analysis_rmse_latw,0.0006187144916485956,11620,1,0.0709228515625,hyperda_v4_final_2015_2025_context2022_query2023_2025_k0_4_12
forecast_only_latw_audit_US-R5,forecast_only_latw_audit_US-R5_forecast_only_10070,forecast_only,2022-04-10,10070,4,MAM,,artifacts/splits/US_loro_kdate_splits.json,artifacts/regions/US_region_masks.nc,US,US-R5,US-R5,US-R5,target_context,12,0,rootzone,analysis_rmse_sqrt_before_time_avg_latw,0.0006187144916485956,11620,1,0.0709228515625,hyperda_v4_final_2015_2025_context2022_query2023_2025_k0_4_12
forecast_only_latw_audit_US-R5,forecast_only_latw_audit_US-R5_forecast_only_10070,forecast_only,2022-04-10,10070,4,MAM,,artifacts/splits/US_loro_kdate_splits.json,artifacts/regions/US_region_masks.nc,US,US-R5,US-R5,US-R5,target_context,12,0,rootzone,analysis_skill_vs_forecast_latw,0.0,11620,1,0.0709228515625,hyperda_v4_final_2015_2025_context2022_query2023_2025_k0_4_12
forecast_only_latw_audit_US-R5,forecast_only_latw_audit_US-R5_forecast_only_10070,forecast_only,2022-04-10,10070,4,MAM,,artifacts/splits/US_loro_kdate_splits.json,artifacts/regions/US_region_masks.nc,US,US-R5,US-R5,US-R5,target_context,12,0,rootzone,increment_mse_latw,3.8280762217597996e-07,11620,1,0.0709228515625,hyperda_v4_final_2015_2025_context2022_query2023_2025_k0_4_12
forecast_only_latw_audit_US-R5,forecast_only_latw_audit_US-R5_forecast_only_10070,forecast_only,2022-04-10,10070,4,MAM,,artifacts/splits/US_loro_kdate_splits.json,artifacts/regions/US_region_masks.nc,US,US-R5,US-R5,US-R5,target_context,12,0,rootzone,increment_rmse_latw,0.0006187144916485956,11620,1,0.0709228515625,hyperda_v4_final_2015_2025_context2022_query2023_2025_k0_4_12
forecast_only_latw_audit_US-R5,forecast_only_latw_audit_US-R5_forecast_only_10070,forecast_only,2022-04-10,10070,4,MAM,,artifacts/splits/US_loro_kdate_splits.json,artifacts/regions/US_region_masks.nc,US,US-R5,US-R5,US-R5,target_context,12,0,rootzone,increment_rmse_sqrt_before_time_avg_latw,0.0006187144916485956,11620,1,0.0709228515625,hyperda_v4_final_2015_2025_context2022_query2023_2025_k0_4_12
forecast_only_latw_audit_US-R5,forecast_only_latw_audit_US-R5_forecast_only_10070,forecast_only,2022-04-10,10070,4,MAM,,artifacts/splits/US_loro_kdate_splits.json,artifacts/regions/US_region_masks.nc,US,US-R5,US-R5,US-R5,target_context,12,0,rootzone,increment_mae_latw,0.0003279939967099899,11620,1,0.0709228515625,hyperda_v4_final_2015_2025_context2022_query2023_2025_k0_4_12
forecast_only_latw_audit_US-R5,forecast_only_latw_audit_US-R5_forecast_only_10070,forecast_only,2022-04-10,10070,4,MAM,,artifacts/splits/US_loro_kdate_splits.json,artifacts/regions/US_region_masks.nc,US,US-R5,US-R5,US-R5,target_context,12,0,rootzone,increment_bias_latw,-7.016143192733008e-05,11620,1,0.0709228515625,hyperda_v4_final_2015_2025_context2022_query2023_2025_k0_4_12
forecast_only_latw_audit_US-R5,forecast_only_latw_audit_US-R5_forecast_only_10070,forecast_only,2022-04-10,10070,4,MAM,,artifacts/splits/US_loro_kdate_splits.json,artifacts/regions/US_region_masks.nc,US,US-R5,US-R5,US-R5,target_context,12,0,rootzone,increment_corr_latw,,11620,1,0.0709228515625,hyperda_v4_final_2015_2025_context2022_query2023_2025_k0_4_12
forecast_only_latw_audit_US-R5,forecast_only_latw_audit_US-R5_forecast_only_10229,forecast_only,2022-05-19,10229,5,MAM,,artifacts/splits/US_loro_kdate_splits.json,artifacts/regions/US_region_masks.nc,US,US-R5,US-R5,US-R5,target_context,12,0,surface,analysis_rmse,0.008849848332686143,11620,1,0.0709228515625,hyperda_v4_final_2015_2025_context2022_query2023_2025_k0_4_12
forecast_only_latw_audit_US-R5,forecast_only_latw_audit_US-R5_forecast_only_10229,forecast_only,2022-05-19,10229,5,MAM,,artifacts/splits/US_loro_kdate_splits.json,artifacts/regions/US_region_masks.nc,US,US-R5,US-R5,US-R5,target_context,12,0,surface,analysis_mae,0.004847594848136689,11620,1,0.0709228515625,hyperda_v4_final_2015_2025_context2022_query2023_2025_k0_4_12
forecast_only_latw_audit_US-R5,forecast_only_latw_audit_US-R5_forecast_only_10229,forecast_only,2022-05-19,10229,5,MAM,,artifacts/splits/US_loro_kdate_splits.json,artifacts/regions/US_region_masks.nc,US,US-R5,US-R5,US-R5,target_context,12,0,surface,analysis_skill_vs_forecast,0.0,11620,1,0.0709228515625,hyperda_v4_final_2015_2025_context2022_query2023_2025_k0_4_12
forecast_only_latw_audit_US-R5,forecast_only_latw_audit_US-R5_forecast_only_10229,forecast_only,2022-05-19,10229,5,MAM,,artifacts/splits/US_loro_kdate_splits.json,artifacts/regions/US_region_masks.nc,US,US-R5,US-R5,US-R5,target_context,12,0,surface,increment_rmse,0.008849848332686143,11620,1,0.0709228515625,hyperda_v4_final_2015_2025_context2022_query2023_2025_k0_4_12
forecast_only_latw_audit_US-R5,forecast_only_latw_audit_US-R5_forecast_only_10229,forecast_only,2022-05-19,10229,5,MAM,,artifacts/splits/US_loro_kdate_splits.json,artifacts/regions/US_region_masks.nc,US,US-R5,US-R5,US-R5,target_context,12,0,surface,increment_mae,0.004847594848136689,11620,1,0.0709228515625,hyperda_v4_final_2015_2025_context2022_query2023_2025_k0_4_12
forecast_only_latw_audit_US-R5,forecast_only_latw_audit_US-R5_forecast_only_10229,forecast_only,2022-05-19,10229,5,MAM,,artifacts/splits/US_loro_kdate_splits.json,artifacts/regions/US_region_masks.nc,US,US-R5,US-R5,US-R5,target_context,12,0,surface,increment_bias,0.0037260555820908276,11620,1,0.0709228515625,hyperda_v4_final_2015_2025_context2022_query2023_2025_k0_4_12
forecast_only_latw_audit_US-R5,forecast_only_latw_audit_US-R5_forecast_only_10229,forecast_only,2022-05-19,10229,5,MAM,,artifacts/splits/US_loro_kdate_splits.json,artifacts/regions/US_region_masks.nc,US,US-R5,US-R5,US-R5,target_context,12,0,surface,increment_corr,,11620,1,0.0709228515625,hyperda_v4_final_2015_2025_context2022_query2023_2025_k0_4_12
forecast_only_latw_audit_US-R5,forecast_only_latw_audit_US-R5_forecast_only_10229,forecast_only,2022-05-19,10229,5,MAM,,artifacts/splits/US_loro_kdate_splits.json,artifacts/regions/US_region_masks.nc,US,US-R5,US-R5,US-R5,target_context,12,0,surface,sign_accuracy_deadzone,0.0,11620,1,0.0709228515625,hyperda_v4_final_2015_2025_context2022_query2023_2025_k0_4_12
forecast_only_latw_audit_US-R5,forecast_only_latw_audit_US-R5_forecast_only_10229,forecast_only,2022-05-19,10229,5,MAM,,artifacts/splits/US_loro_kdate_splits.json,artifacts/regions/US_region_masks.nc,US,US-R5,US-R5,US-R5,target_context,12,0,surface,high_update_increment_skill,0.0,11620,1,0.0709228515625,hyperda_v4_final_2015_2025_context2022_query2023_2025_k0_4_12
forecast_only_latw_audit_US-R5,forecast_only_latw_audit_US-R5_forecast_only_10229,forecast_only,2022-05-19,10229,5,MAM,,artifacts/splits/US_loro_kdate_splits.json,artifacts/regions/US_region_masks.nc,US,US-R5,US-R5,US-R5,target_context,12,0,surface,analysis_mse_latw,7.69273069119226e-05,11620,1,0.0709228515625,hyperda_v4_final_2015_2025_context2022_query2023_2025_k0_4_12
forecast_only_latw_audit_US-R5,forecast_only_latw_audit_US-R5_forecast_only_10229,forecast_only,2022-05-19,10229,5,MAM,,artifacts/splits/US_loro_kdate_splits.json,artifacts/regions/US_region_masks.nc,US,US-R5,US-R5,US-R5,target_context,12,0,surface,analysis_rmse_latw,0.008770821336221745,11620,1,0.0709228515625,hyperda_v4_final_2015_2025_context2022_query2023_2025_k0_4_12
forecast_only_latw_audit_US-R5,forecast_only_latw_audit_US-R5_forecast_only_10229,forecast_only,2022-05-19,10229,5,MAM,,artifacts/splits/US_loro_kdate_splits.json,artifacts/regions/US_region_masks.nc,US,US-R5,US-R5,US-R5,target_context,12,0,surface,analysis_rmse_sqrt_before_time_avg_latw,0.008770821336221745,11620,1,0.0709228515625,hyperda_v4_final_2015_2025_context2022_query2023_2025_k0_4_12
forecast_only_latw_audit_US-R5,forecast_only_latw_audit_US-R5_forecast_only_10229,forecast_only,2022-05-19,10229,5,MAM,,artifacts/splits/US_loro_kdate_splits.json,artifacts/regions/US_region_masks.nc,US,US-R5,US-R5,US-R5,target_context,12,0,surface,analysis_skill_vs_forecast_latw,0.0,11620,1,0.0709228515625,hyperda_v4_final_2015_2025_context2022_query2023_2025_k0_4_12
forecast_only_latw_audit_US-R5,forecast_only_latw_audit_US-R5_forecast_only_10229,forecast_only,2022-05-19,10229,5,MAM,,artifacts/splits/US_loro_kdate_splits.json,artifacts/regions/US_region_masks.nc,US,US-R5,US-R5,US-R5,target_context,12,0,surface,increment_mse_latw,7.69273069119226e-05,11620,1,0.0709228515625,hyperda_v4_final_2015_2025_context2022_query2023_2025_k0_4_12
forecast_only_latw_audit_US-R5,forecast_only_latw_audit_US-R5_forecast_only_10229,forecast_only,2022-05-19,10229,5,MAM,,artifacts/splits/US_loro_kdate_splits.json,artifacts/regions/US_region_masks.nc,US,US-R5,US-R5,US-R5,target_context,12,0,surface,increment_rmse_latw,0.008770821336221745,11620,1,0.0709228515625,hyperda_v4_final_2015_2025_context2022_query2023_2025_k0_4_12
forecast_only_latw_audit_US-R5,forecast_only_latw_audit_US-R5_forecast_only_10229,forecast_only,2022-05-19,10229,5,MAM,,artifacts/splits/US_loro_kdate_splits.json,artifacts/regions/US_region_masks.nc,US,US-R5,US-R5,US-R5,target_context,12,0,surface,increment_rmse_sqrt_before_time_avg_latw,0.008770821336221745,11620,1,0.0709228515625,hyperda_v4_final_2015_2025_context2022_query2023_2025_k0_4_12
forecast_only_latw_audit_US-R5,forecast_only_latw_audit_US-R5_forecast_only_10229,forecast_only,2022-05-19,10229,5,MAM,,artifacts/splits/US_loro_kdate_splits.json,artifacts/regions/US_region_masks.nc,US,US-R5,US-R5,US-R5,target_context,12,0,surface,increment_mae_latw,0.004794401109345754,11620,1,0.0709228515625,hyperda_v4_final_2015_2025_context2022_query2023_2025_k0_4_12
forecast_only_latw_audit_US-R5,forecast_only_latw_audit_US-R5_forecast_only_10229,forecast_only,2022-05-19,10229,5,MAM,,artifacts/splits/US_loro_kdate_splits.json,artifacts/regions/US_region_masks.nc,US,US-R5,US-R5,US-R5,target_context,12,0,surface,increment_bias_latw,0.003654407001205005,11620,1,0.0709228515625,hyperda_v4_final_2015_2025_context2022_query2023_2025_k0_4_12
forecast_only_latw_audit_US-R5,forecast_only_latw_audit_US-R5_forecast_only_10229,forecast_only,2022-05-19,10229,5,MAM,,artifacts/splits/US_loro_kdate_splits.json,artifacts/regions/US_region_masks.nc,US,US-R5,US-R5,US-R5,target_context,12,0,surface,increment_corr_latw,,11620,1,0.0709228515625,hyperda_v4_final_2015_2025_context2022_query2023_2025_k0_4_12
forecast_only_latw_audit_US-R5,forecast_only_latw_audit_US-R5_forecast_only_10229,forecast_only,2022-05-19,10229,5,MAM,,artifacts/splits/US_loro_kdate_splits.json,artifacts/regions/US_region_masks.nc,US,US-R5,US-R5,US-R5,target_context,12,0,rootzone,analysis_rmse,0.0007254838855819945,11620,1,0.0709228515625,hyperda_v4_final_2015_2025_context2022_query2023_2025_k0_4_12
forecast_only_latw_audit_US-R5,forecast_only_latw_audit_US-R5_forecast_only_10229,forecast_only,2022-05-19,10229,5,MAM,,artifacts/splits/US_loro_kdate_splits.json,artifacts/regions/US_region_masks.nc,US,US-R5,US-R5,US-R5,target_context,12,0,rootzone,analysis_mae,0.0003843541338834623,11620,1,0.0709228515625,hyperda_v4_final_2015_2025_context2022_query2023_2025_k0_4_12
forecast_only_latw_audit_US-R5,forecast_only_latw_audit_US-R5_forecast_only_10229,forecast_only,2022-05-19,10229,5,MAM,,artifacts/splits/US_loro_kdate_splits.json,artifacts/regions/US_region_masks.nc,US,US-R5,US-R5,US-R5,target_context,12,0,rootzone,analysis_skill_vs_forecast,0.0,11620,1,0.0709228515625,hyperda_v4_final_2015_2025_context2022_query2023_2025_k0_4_12
forecast_only_latw_audit_US-R5,forecast_only_latw_audit_US-R5_forecast_only_10229,forecast_only,2022-05-19,10229,5,MAM,,artifacts/splits/US_loro_kdate_splits.json,artifacts/regions/US_region_masks.nc,US,US-R5,US-R5,US-R5,target_context,12,0,rootzone,increment_rmse,0.0007254838855819945,11620,1,0.0709228515625,hyperda_v4_final_2015_2025_context2022_query2023_2025_k0_4_12
forecast_only_latw_audit_US-R5,forecast_only_latw_audit_US-R5_forecast_only_10229,forecast_only,2022-05-19,10229,5,MAM,,artifacts/splits/US_loro_kdate_splits.json,artifacts/regions/US_region_masks.nc,US,US-R5,US-R5,US-R5,target_context,12,0,rootzone,increment_mae,0.0003843541338834623,11620,1,0.0709228515625,hyperda_v4_final_2015_2025_context2022_query2023_2025_k0_4_12
forecast_only_latw_audit_US-R5,forecast_only_latw_audit_US-R5_forecast_only_10229,forecast_only,2022-05-19,10229,5,MAM,,artifacts/splits/US_loro_kdate_splits.json,artifacts/regions/US_region_masks.nc,US,US-R5,US-R5,US-R5,target_context,12,0,rootzone,increment_bias,0.00027698199080364224,11620,1,0.0709228515625,hyperda_v4_final_2015_2025_context2022_query2023_2025_k0_4_12
forecast_only_latw_audit_US-R5,forecast_only_latw_audit_US-R5_forecast_only_10229,forecast_only,2022-05-19,10229,5,MAM,,artifacts/splits/US_loro_kdate_splits.json,artifacts/regions/US_region_masks.nc,US,US-R5,US-R5,US-R5,target_context,12,0,rootzone,increment_corr,,11620,1,0.0709228515625,hyperda_v4_final_2015_2025_context2022_query2023_2025_k0_4_12
forecast_only_latw_audit_US-R5,forecast_only_latw_audit_US-R5_forecast_only_10229,forecast_only,2022-05-19,10229,5,MAM,,artifacts/splits/US_loro_kdate_splits.json,artifacts/regions/US_region_masks.nc,US,US-R5,US-R5,US-R5,target_context,12,0,rootzone,sign_accuracy_deadzone,0.0,11620,1,0.0709228515625,hyperda_v4_final_2015_2025_context2022_query2023_2025_k0_4_12
forecast_only_latw_audit_US-R5,forecast_only_latw_audit_US-R5_forecast_only_10229,forecast_only,2022-05-19,10229,5,MAM,,artifacts/splits/US_loro_kdate_splits.json,artifacts/regions/US_region_masks.nc,US,US-R5,US-R5,US-R5,target_context,12,0,rootzone,high_update_increment_skill,0.0,11620,1,0.0709228515625,hyperda_v4_final_2015_2025_context2022_query2023_2025_k0_4_12
forecast_only_latw_audit_US-R5,forecast_only_latw_audit_US-R5_forecast_only_10229,forecast_only,2022-05-19,10229,5,MAM,,artifacts/splits/US_loro_kdate_splits.json,artifacts/regions/US_region_masks.nc,US,US-R5,US-R5,US-R5,target_context,12,0,rootzone,analysis_mse_latw,5.204142608408508e-07,11620,1,0.0709228515625,hyperda_v4_final_2015_2025_context2022_query2023_2025_k0_4_12
forecast_only_latw_audit_US-R5,forecast_only_latw_audit_US-R5_forecast_only_10229,forecast_only,2022-05-19,10229,5,MAM,,artifacts/splits/US_loro_kdate_splits.json,artifacts/regions/US_region_masks.nc,US,US-R5,US-R5,US-R5,target_context,12,0,rootzone,analysis_rmse_latw,0.0007213974361202365,11620,1,0.0709228515625,hyperda_v4_final_2015_2025_context2022_query2023_2025_k0_4_12
forecast_only_latw_audit_US-R5,forecast_only_latw_audit_US-R5_forecast_only_10229,forecast_only,2022-05-19,10229,5,MAM,,artifacts/splits/US_loro_kdate_splits.json,artifacts/regions/US_region_masks.nc,US,US-R5,US-R5,US-R5,target_context,12,0,rootzone,analysis_rmse_sqrt_before_time_avg_latw,0.0007213974361202365,11620,1,0.0709228515625,hyperda_v4_final_2015_2025_context2022_query2023_2025_k0_4_12
forecast_only_latw_audit_US-R5,forecast_only_latw_audit_US-R5_forecast_only_10229,forecast_only,2022-05-19,10229,5,MAM,,artifacts/splits/US_loro_kdate_splits.json,artifacts/regions/US_region_masks.nc,US,US-R5,US-R5,US-R5,target_context,12,0,rootzone,analysis_skill_vs_forecast_latw,0.0,11620,1,0.0709228515625,hyperda_v4_final_2015_2025_context2022_query2023_2025_k0_4_12
forecast_only_latw_audit_US-R5,forecast_only_latw_audit_US-R5_forecast_only_10229,forecast_only,2022-05-19,10229,5,MAM,,artifacts/splits/US_loro_kdate_splits.json,artifacts/regions/US_region_masks.nc,US,US-R5,US-R5,US-R5,target_context,12,0,rootzone,increment_mse_latw,5.204142608408508e-07,11620,1,0.0709228515625,hyperda_v4_final_2015_2025_context2022_query2023_2025_k0_4_12
forecast_only_latw_audit_US-R5,forecast_only_latw_audit_US-R5_forecast_only_10229,forecast_only,2022-05-19,10229,5,MAM,,artifacts/splits/US_loro_kdate_splits.json,artifacts/regions/US_region_masks.nc,US,US-R5,US-R5,US-R5,target_context,12,0,rootzone,increment_rmse_latw,0.0007213974361202365,11620,1,0.0709228515625,hyperda_v4_final_2015_2025_context2022_query2023_2025_k0_4_12
forecast_only_latw_audit_US-R5,forecast_only_latw_audit_US-R5_forecast_only_10229,forecast_only,2022-05-19,10229,5,MAM,,artifacts/splits/US_loro_kdate_splits.json,artifacts/regions/US_region_masks.nc,US,US-R5,US-R5,US-R5,target_context,12,0,rootzone,increment_rmse_sqrt_before_time_avg_latw,0.0007213974361202365,11620,1,0.0709228515625,hyperda_v4_final_2015_2025_context2022_query2023_2025_k0_4_12
forecast_only_latw_audit_US-R5,forecast_only_latw_audit_US-R5_forecast_only_10229,forecast_only,2022-05-19,10229,5,MAM,,artifacts/splits/US_loro_kdate_splits.json,artifacts/regions/US_region_masks.nc,US,US-R5,US-R5,US-R5,target_context,12,0,rootzone,increment_mae_latw,0.00038079069946875537,11620,1,0.0709228515625,hyperda_v4_final_2015_2025_context2022_query2023_2025_k0_4_12
forecast_only_latw_audit_US-R5,forecast_only_latw_audit_US-R5_forecast_only_10229,forecast_only,2022-05-19,10229,5,MAM,,artifacts/splits/US_loro_kdate_splits.json,artifacts/regions/US_region_masks.nc,US,US-R5,US-R5,US-R5,target_context,12,0,rootzone,increment_bias_latw,0.0002715029955474803,11620,1,0.0709228515625,hyperda_v4_final_2015_2025_context2022_query2023_2025_k0_4_12
forecast_only_latw_audit_US-R5,forecast_only_latw_audit_US-R5_forecast_only_10229,forecast_only,2022-05-19,10229,5,MAM,,artifacts/splits/US_loro_kdate_splits.json,artifacts/regions/US_region_masks.nc,US,US-R5,US-R5,US-R5,target_context,12,0,rootzone,increment_corr_latw,,11620,1,0.0709228515625,hyperda_v4_final_2015_2025_context2022_query2023_2025_k0_4_12
forecast_only_latw_audit_US-R5,forecast_only_latw_audit_US-R5_forecast_only_10303,forecast_only,2022-06-05,10303,6,JJA,,artifacts/splits/US_loro_kdate_splits.json,artifacts/regions/US_region_masks.nc,US,US-R5,US-R5,US-R5,target_context,12,0,surface,analysis_rmse,0.007870265218890324,11620,1,0.0709228515625,hyperda_v4_final_2015_2025_context2022_query2023_2025_k0_4_12
forecast_only_latw_audit_US-R5,forecast_only_latw_audit_US-R5_forecast_only_10303,forecast_only,2022-06-05,10303,6,JJA,,artifacts/splits/US_loro_kdate_splits.json,artifacts/regions/US_region_masks.nc,US,US-R5,US-R5,US-R5,target_context,12,0,surface,analysis_mae,0.004198883570692215,11620,1,0.0709228515625,hyperda_v4_final_2015_2025_context2022_query2023_2025_k0_4_12
forecast_only_latw_audit_US-R5,forecast_only_latw_audit_US-R5_forecast_only_10303,forecast_only,2022-06-05,10303,6,JJA,,artifacts/splits/US_loro_kdate_splits.json,artifacts/regions/US_region_masks.nc,US,US-R5,US-R5,US-R5,target_context,12,0,surface,analysis_skill_vs_forecast,0.0,11620,1,0.0709228515625,hyperda_v4_final_2015_2025_context2022_query2023_2025_k0_4_12
forecast_only_latw_audit_US-R5,forecast_only_latw_audit_US-R5_forecast_only_10303,forecast_only,2022-06-05,10303,6,JJA,,artifacts/splits/US_loro_kdate_splits.json,artifacts/regions/US_region_masks.nc,US,US-R5,US-R5,US-R5,target_context,12,0,surface,increment_rmse,0.007870265218890324,11620,1,0.0709228515625,hyperda_v4_final_2015_2025_context2022_query2023_2025_k0_4_12
forecast_only_latw_audit_US-R5,forecast_only_latw_audit_US-R5_forecast_only_10303,forecast_only,2022-06-05,10303,6,JJA,,artifacts/splits/US_loro_kdate_splits.json,artifacts/regions/US_region_masks.nc,US,US-R5,US-R5,US-R5,target_context,12,0,surface,increment_mae,0.004198883570692215,11620,1,0.0709228515625,hyperda_v4_final_2015_2025_context2022_query2023_2025_k0_4_12
forecast_only_latw_audit_US-R5,forecast_only_latw_audit_US-R5_forecast_only_10303,forecast_only,2022-06-05,10303,6,JJA,,artifacts/splits/US_loro_kdate_splits.json,artifacts/regions/US_region_masks.nc,US,US-R5,US-R5,US-R5,target_context,12,0,surface,increment_bias,0.0024722668517015477,11620,1,0.0709228515625,hyperda_v4_final_2015_2025_context2022_query2023_2025_k0_4_12
forecast_only_latw_audit_US-R5,forecast_only_latw_audit_US-R5_forecast_only_10303,forecast_only,2022-06-05,10303,6,JJA,,artifacts/splits/US_loro_kdate_splits.json,artifacts/regions/US_region_masks.nc,US,US-R5,US-R5,US-R5,target_context,12,0,surface,increment_corr,,11620,1,0.0709228515625,hyperda_v4_final_2015_2025_context2022_query2023_2025_k0_4_12
forecast_only_latw_audit_US-R5,forecast_only_latw_audit_US-R5_forecast_only_10303,forecast_only,2022-06-05,10303,6,JJA,,artifacts/splits/US_loro_kdate_splits.json,artifacts/regions/US_region_masks.nc,US,US-R5,US-R5,US-R5,target_context,12,0,surface,sign_accuracy_deadzone,0.0,11620,1,0.0709228515625,hyperda_v4_final_2015_2025_context2022_query2023_2025_k0_4_12
forecast_only_latw_audit_US-R5,forecast_only_latw_audit_US-R5_forecast_only_10303,forecast_only,2022-06-05,10303,6,JJA,,artifacts/splits/US_loro_kdate_splits.json,artifacts/regions/US_region_masks.nc,US,US-R5,US-R5,US-R5,target_context,12,0,surface,high_update_increment_skill,0.0,11620,1,0.0709228515625,hyperda_v4_final_2015_2025_context2022_query2023_2025_k0_4_12
forecast_only_latw_audit_US-R5,forecast_only_latw_audit_US-R5_forecast_only_10303,forecast_only,2022-06-05,10303,6,JJA,,artifacts/splits/US_loro_kdate_splits.json,artifacts/regions/US_region_masks.nc,US,US-R5,US-R5,US-R5,target_context,12,0,surface,analysis_mse_latw,6.0881265243518246e-05,11620,1,0.0709228515625,hyperda_v4_final_2015_2025_context2022_query2023_2025_k0_4_12
forecast_only_latw_audit_US-R5,forecast_only_latw_audit_US-R5_forecast_only_10303,forecast_only,2022-06-05,10303,6,JJA,,artifacts/splits/US_loro_kdate_splits.json,artifacts/regions/US_region_masks.nc,US,US-R5,US-R5,US-R5,target_context,12,0,surface,analysis_rmse_latw,0.0078026447595362335,11620,1,0.0709228515625,hyperda_v4_final_2015_2025_context2022_query2023_2025_k0_4_12
forecast_only_latw_audit_US-R5,forecast_only_latw_audit_US-R5_forecast_only_10303,forecast_only,2022-06-05,10303,6,JJA,,artifacts/splits/US_loro_kdate_splits.json,artifacts/regions/US_region_masks.nc,US,US-R5,US-R5,US-R5,target_context,12,0,surface,analysis_rmse_sqrt_before_time_avg_latw,0.0078026447595362335,11620,1,0.0709228515625,hyperda_v4_final_2015_2025_context2022_query2023_2025_k0_4_12
forecast_only_latw_audit_US-R5,forecast_only_latw_audit_US-R5_forecast_only_10303,forecast_only,2022-06-05,10303,6,JJA,,artifacts/splits/US_loro_kdate_splits.json,artifacts/regions/US_region_masks.nc,US,US-R5,US-R5,US-R5,target_context,12,0,surface,analysis_skill_vs_forecast_latw,0.0,11620,1,0.0709228515625,hyperda_v4_final_2015_2025_context2022_query2023_2025_k0_4_12
forecast_only_latw_audit_US-R5,forecast_only_latw_audit_US-R5_forecast_only_10303,forecast_only,2022-06-05,10303,6,JJA,,artifacts/splits/US_loro_kdate_splits.json,artifacts/regions/US_region_masks.nc,US,US-R5,US-R5,US-R5,target_context,12,0,surface,increment_mse_latw,6.0881265243518246e-05,11620,1,0.0709228515625,hyperda_v4_final_2015_2025_context2022_query2023_2025_k0_4_12
forecast_only_latw_audit_US-R5,forecast_only_latw_audit_US-R5_forecast_only_10303,forecast_only,2022-06-05,10303,6,JJA,,artifacts/splits/US_loro_kdate_splits.json,artifacts/regions/US_region_masks.nc,US,US-R5,US-R5,US-R5,target_context,12,0,surface,increment_rmse_latw,0.0078026447595362335,11620,1,0.0709228515625,hyperda_v4_final_2015_2025_context2022_query2023_2025_k0_4_12
forecast_only_latw_audit_US-R5,forecast_only_latw_audit_US-R5_forecast_only_10303,forecast_only,2022-06-05,10303,6,JJA,,artifacts/splits/US_loro_kdate_splits.json,artifacts/regions/US_region_masks.nc,US,US-R5,US-R5,US-R5,target_context,12,0,surface,increment_rmse_sqrt_before_time_avg_latw,0.0078026447595362335,11620,1,0.0709228515625,hyperda_v4_final_2015_2025_context2022_query2023_2025_k0_4_12
forecast_only_latw_audit_US-R5,forecast_only_latw_audit_US-R5_forecast_only_10303,forecast_only,2022-06-05,10303,6,JJA,,artifacts/splits/US_loro_kdate_splits.json,artifacts/regions/US_region_masks.nc,US,US-R5,US-R5,US-R5,target_context,12,0,surface,increment_mae_latw,0.004167803724548768,11620,1,0.0709228515625,hyperda_v4_final_2015_2025_context2022_query2023_2025_k0_4_12
forecast_only_latw_audit_US-R5,forecast_only_latw_audit_US-R5_forecast_only_10303,forecast_only,2022-06-05,10303,6,JJA,,artifacts/splits/US_loro_kdate_splits.json,artifacts/regions/US_region_masks.nc,US,US-R5,US-R5,US-R5,target_context,12,0,surface,increment_bias_latw,0.0024447731837168923,11620,1,0.0709228515625,hyperda_v4_final_2015_2025_context2022_query2023_2025_k0_4_12
forecast_only_latw_audit_US-R5,forecast_only_latw_audit_US-R5_forecast_only_10303,forecast_only,2022-06-05,10303,6,JJA,,artifacts/splits/US_loro_kdate_splits.json,artifacts/regions/US_region_masks.nc,US,US-R5,US-R5,US-R5,target_context,12,0,surface,increment_corr_latw,,11620,1,0.0709228515625,hyperda_v4_final_2015_2025_context2022_query2023_2025_k0_4_12
forecast_only_latw_audit_US-R5,forecast_only_latw_audit_US-R5_forecast_only_10303,forecast_only,2022-06-05,10303,6,JJA,,artifacts/splits/US_loro_kdate_splits.json,artifacts/regions/US_region_masks.nc,US,US-R5,US-R5,US-R5,target_context,12,0,rootzone,analysis_rmse,0.0007756479473755545,11620,1,0.0709228515625,hyperda_v4_final_2015_2025_context2022_query2023_2025_k0_4_12
forecast_only_latw_audit_US-R5,forecast_only_latw_audit_US-R5_forecast_only_10303,forecast_only,2022-06-05,10303,6,JJA,,artifacts/splits/US_loro_kdate_splits.json,artifacts/regions/US_region_masks.nc,US,US-R5,US-R5,US-R5,target_context,12,0,rootzone,analysis_mae,0.00035682428923151786,11620,1,0.0709228515625,hyperda_v4_final_2015_2025_context2022_query2023_2025_k0_4_12
forecast_only_latw_audit_US-R5,forecast_only_latw_audit_US-R5_forecast_only_10303,forecast_only,2022-06-05,10303,6,JJA,,artifacts/splits/US_loro_kdate_splits.json,artifacts/regions/US_region_masks.nc,US,US-R5,US-R5,US-R5,target_context,12,0,rootzone,analysis_skill_vs_forecast,0.0,11620,1,0.0709228515625,hyperda_v4_final_2015_2025_context2022_query2023_2025_k0_4_12
forecast_only_latw_audit_US-R5,forecast_only_latw_audit_US-R5_forecast_only_10303,forecast_only,2022-06-05,10303,6,JJA,,artifacts/splits/US_loro_kdate_splits.json,artifacts/regions/US_region_masks.nc,US,US-R5,US-R5,US-R5,target_context,12,0,rootzone,increment_rmse,0.0007756479473755545,11620,1,0.0709228515625,hyperda_v4_final_2015_2025_context2022_query2023_2025_k0_4_12
forecast_only_latw_audit_US-R5,forecast_only_latw_audit_US-R5_forecast_only_10303,forecast_only,2022-06-05,10303,6,JJA,,artifacts/splits/US_loro_kdate_splits.json,artifacts/regions/US_region_masks.nc,US,US-R5,US-R5,US-R5,target_context,12,0,rootzone,increment_mae,0.00035682428923151786,11620,1,0.0709228515625,hyperda_v4_final_2015_2025_context2022_query2023_2025_k0_4_12
forecast_only_latw_audit_US-R5,forecast_only_latw_audit_US-R5_forecast_only_10303,forecast_only,2022-06-05,10303,6,JJA,,artifacts/splits/US_loro_kdate_splits.json,artifacts/regions/US_region_masks.nc,US,US-R5,US-R5,US-R5,target_context,12,0,rootzone,increment_bias,0.0002062662881310138,11620,1,0.0709228515625,hyperda_v4_final_2015_2025_context2022_query2023_2025_k0_4_12
forecast_only_latw_audit_US-R5,forecast_only_latw_audit_US-R5_forecast_only_10303,forecast_only,2022-06-05,10303,6,JJA,,artifacts/splits/US_loro_kdate_splits.json,artifacts/regions/US_region_masks.nc,US,US-R5,US-R5,US-R5,target_context,12,0,rootzone,increment_corr,,11620,1,0.0709228515625,hyperda_v4_final_2015_2025_context2022_query2023_2025_k0_4_12
forecast_only_latw_audit_US-R5,forecast_only_latw_audit_US-R5_forecast_only_10303,forecast_only,2022-06-05,10303,6,JJA,,artifacts/splits/US_loro_kdate_splits.json,artifacts/regions/US_region_masks.nc,US,US-R5,US-R5,US-R5,target_context,12,0,rootzone,sign_accuracy_deadzone,0.0,11620,1,0.0709228515625,hyperda_v4_final_2015_2025_context2022_query2023_2025_k0_4_12
forecast_only_latw_audit_US-R5,forecast_only_latw_audit_US-R5_forecast_only_10303,forecast_only,2022-06-05,10303,6,JJA,,artifacts/splits/US_loro_kdate_splits.json,artifacts/regions/US_region_masks.nc,US,US-R5,US-R5,US-R5,target_context,12,0,rootzone,high_update_increment_skill,0.0,11620,1,0.0709228515625,hyperda_v4_final_2015_2025_context2022_query2023_2025_k0_4_12
forecast_only_latw_audit_US-R5,forecast_only_latw_audit_US-R5_forecast_only_10303,forecast_only,2022-06-05,10303,6,JJA,,artifacts/splits/US_loro_kdate_splits.json,artifacts/regions/US_region_masks.nc,US,US-R5,US-R5,US-R5,target_context,12,0,rootzone,analysis_mse_latw,6.010747546619744e-07,11620,1,0.0709228515625,hyperda_v4_final_2015_2025_context2022_query2023_2025_k0_4_12
forecast_only_latw_audit_US-R5,forecast_only_latw_audit_US-R5_forecast_only_10303,forecast_only,2022-06-05,10303,6,JJA,,artifacts/splits/US_loro_kdate_splits.json,artifacts/regions/US_region_masks.nc,US,US-R5,US-R5,US-R5,target_context,12,0,rootzone,analysis_rmse_latw,0.0007752901099988148,11620,1,0.0709228515625,hyperda_v4_final_2015_2025_context2022_query2023_2025_k0_4_12
forecast_only_latw_audit_US-R5,forecast_only_latw_audit_US-R5_forecast_only_10303,forecast_only,2022-06-05,10303,6,JJA,,artifacts/splits/US_loro_kdate_splits.json,artifacts/regions/US_region_masks.nc,US,US-R5,US-R5,US-R5,target_context,12,0,rootzone,analysis_rmse_sqrt_before_time_avg_latw,0.0007752901099988148,11620,1,0.0709228515625,hyperda_v4_final_2015_2025_context2022_query2023_2025_k0_4_12
forecast_only_latw_audit_US-R5,forecast_only_latw_audit_US-R5_forecast_only_10303,forecast_only,2022-06-05,10303,6,JJA,,artifacts/splits/US_loro_kdate_splits.json,artifacts/regions/US_region_masks.nc,US,US-R5,US-R5,US-R5,target_context,12,0,rootzone,analysis_skill_vs_forecast_latw,0.0,11620,1,0.0709228515625,hyperda_v4_final_2015_2025_context2022_query2023_2025_k0_4_12
forecast_only_latw_audit_US-R5,forecast_only_latw_audit_US-R5_forecast_only_10303,forecast_only,2022-06-05,10303,6,JJA,,artifacts/splits/US_loro_kdate_splits.json,artifacts/regions/US_region_masks.nc,US,US-R5,US-R5,US-R5,target_context,12,0,rootzone,increment_mse_latw,6.010747546619744e-07,11620,1,0.0709228515625,hyperda_v4_final_2015_2025_context2022_query2023_2025_k0_4_12
forecast_only_latw_audit_US-R5,forecast_only_latw_audit_US-R5_forecast_only_10303,forecast_only,2022-06-05,10303,6,JJA,,artifacts/splits/US_loro_kdate_splits.json,artifacts/regions/US_region_masks.nc,US,US-R5,US-R5,US-R5,target_context,12,0,rootzone,increment_rmse_latw,0.0007752901099988148,11620,1,0.0709228515625,hyperda_v4_final_2015_2025_context2022_query2023_2025_k0_4_12
forecast_only_latw_audit_US-R5,forecast_only_latw_audit_US-R5_forecast_only_10303,forecast_only,2022-06-05,10303,6,JJA,,artifacts/splits/US_loro_kdate_splits.json,artifacts/regions/US_region_masks.nc,US,US-R5,US-R5,US-R5,target_context,12,0,rootzone,increment_rmse_sqrt_before_time_avg_latw,0.0007752901099988148,11620,1,0.0709228515625,hyperda_v4_final_2015_2025_context2022_query2023_2025_k0_4_12
forecast_only_latw_audit_US-R5,forecast_only_latw_audit_US-R5_forecast_only_10303,forecast_only,2022-06-05,10303,6,JJA,,artifacts/splits/US_loro_kdate_splits.json,artifacts/regions/US_region_masks.nc,US,US-R5,US-R5,US-R5,target_context,12,0,rootzone,increment_mae_latw,0.00035561693530200127,11620,1,0.0709228515625,hyperda_v4_final_2015_2025_context2022_query2023_2025_k0_4_12
forecast_only_latw_audit_US-R5,forecast_only_latw_audit_US-R5_forecast_only_10303,forecast_only,2022-06-05,10303,6,JJA,,artifacts/splits/US_loro_kdate_splits.json,artifacts/regions/US_region_masks.nc,US,US-R5,US-R5,US-R5,target_context,12,0,rootzone,increment_bias_latw,0.0002051955344061341,11620,1,0.0709228515625,hyperda_v4_final_2015_2025_context2022_query2023_2025_k0_4_12
forecast_only_latw_audit_US-R5,forecast_only_latw_audit_US-R5_forecast_only_10303,forecast_only,2022-06-05,10303,6,JJA,,artifacts/splits/US_loro_kdate_splits.json,artifacts/regions/US_region_masks.nc,US,US-R5,US-R5,US-R5,target_context,12,0,rootzone,increment_corr_latw,,11620,1,0.0709228515625,hyperda_v4_final_2015_2025_context2022_query2023_2025_k0_4_12
forecast_only_latw_audit_US-R5,forecast_only_latw_audit_US-R5_forecast_only_10466,forecast_only,2022-07-14,10466,7,JJA,,artifacts/splits/US_loro_kdate_splits.json,artifacts/regions/US_region_masks.nc,US,US-R5,US-R5,US-R5,target_context,12,0,surface,analysis_rmse,0.00752489835958252,11620,1,0.0709228515625,hyperda_v4_final_2015_2025_context2022_query2023_2025_k0_4_12
forecast_only_latw_audit_US-R5,forecast_only_latw_audit_US-R5_forecast_only_10466,forecast_only,2022-07-14,10466,7,JJA,,artifacts/splits/US_loro_kdate_splits.json,artifacts/regions/US_region_masks.nc,US,US-R5,US-R5,US-R5,target_context,12,0,surface,analysis_mae,0.003988058128347701,11620,1,0.0709228515625,hyperda_v4_final_2015_2025_context2022_query2023_2025_k0_4_12
forecast_only_latw_audit_US-R5,forecast_only_latw_audit_US-R5_forecast_only_10466,forecast_only,2022-07-14,10466,7,JJA,,artifacts/splits/US_loro_kdate_splits.json,artifacts/regions/US_region_masks.nc,US,US-R5,US-R5,US-R5,target_context,12,0,surface,analysis_skill_vs_forecast,0.0,11620,1,0.0709228515625,hyperda_v4_final_2015_2025_context2022_query2023_2025_k0_4_12
forecast_only_latw_audit_US-R5,forecast_only_latw_audit_US-R5_forecast_only_10466,forecast_only,2022-07-14,10466,7,JJA,,artifacts/splits/US_loro_kdate_splits.json,artifacts/regions/US_region_masks.nc,US,US-R5,US-R5,US-R5,target_context,12,0,surface,increment_rmse,0.00752489835958252,11620,1,0.0709228515625,hyperda_v4_final_2015_2025_context2022_query2023_2025_k0_4_12
forecast_only_latw_audit_US-R5,forecast_only_latw_audit_US-R5_forecast_only_10466,forecast_only,2022-07-14,10466,7,JJA,,artifacts/splits/US_loro_kdate_splits.json,artifacts/regions/US_region_masks.nc,US,US-R5,US-R5,US-R5,target_context,12,0,surface,increment_mae,0.003988058128347701,11620,1,0.0709228515625,hyperda_v4_final_2015_2025_context2022_query2023_2025_k0_4_12
forecast_only_latw_audit_US-R5,forecast_only_latw_audit_US-R5_forecast_only_10466,forecast_only,2022-07-14,10466,7,JJA,,artifacts/splits/US_loro_kdate_splits.json,artifacts/regions/US_region_masks.nc,US,US-R5,US-R5,US-R5,target_context,12,0,surface,increment_bias,-0.0009024841451244798,11620,1,0.0709228515625,hyperda_v4_final_2015_2025_context2022_query2023_2025_k0_4_12
forecast_only_latw_audit_US-R5,forecast_only_latw_audit_US-R5_forecast_only_10466,forecast_only,2022-07-14,10466,7,JJA,,artifacts/splits/US_loro_kdate_splits.json,artifacts/regions/US_region_masks.nc,US,US-R5,US-R5,US-R5,target_context,12,0,surface,increment_corr,,11620,1,0.0709228515625,hyperda_v4_final_2015_2025_context2022_query2023_2025_k0_4_12
forecast_only_latw_audit_US-R5,forecast_only_latw_audit_US-R5_forecast_only_10466,forecast_only,2022-07-14,10466,7,JJA,,artifacts/splits/US_loro_kdate_splits.json,artifacts/regions/US_region_masks.nc,US,US-R5,US-R5,US-R5,target_context,12,0,surface,sign_accuracy_deadzone,0.0,11620,1,0.0709228515625,hyperda_v4_final_2015_2025_context2022_query2023_2025_k0_4_12
forecast_only_latw_audit_US-R5,forecast_only_latw_audit_US-R5_forecast_only_10466,forecast_only,2022-07-14,10466,7,JJA,,artifacts/splits/US_loro_kdate_splits.json,artifacts/regions/US_region_masks.nc,US,US-R5,US-R5,US-R5,target_context,12,0,surface,high_update_increment_skill,0.0,11620,1,0.0709228515625,hyperda_v4_final_2015_2025_context2022_query2023_2025_k0_4_12
forecast_only_latw_audit_US-R5,forecast_only_latw_audit_US-R5_forecast_only_10466,forecast_only,2022-07-14,10466,7,JJA,,artifacts/splits/US_loro_kdate_splits.json,artifacts/regions/US_region_masks.nc,US,US-R5,US-R5,US-R5,target_context,12,0,surface,analysis_mse_latw,5.612773517170944e-05,11620,1,0.0709228515625,hyperda_v4_final_2015_2025_context2022_query2023_2025_k0_4_12
forecast_only_latw_audit_US-R5,forecast_only_latw_audit_US-R5_forecast_only_10466,forecast_only,2022-07-14,10466,7,JJA,,artifacts/splits/US_loro_kdate_splits.json,artifacts/regions/US_region_masks.nc,US,US-R5,US-R5,US-R5,target_context,12,0,surface,analysis_rmse_latw,0.007491844577386095,11620,1,0.0709228515625,hyperda_v4_final_2015_2025_context2022_query2023_2025_k0_4_12
forecast_only_latw_audit_US-R5,forecast_only_latw_audit_US-R5_forecast_only_10466,forecast_only,2022-07-14,10466,7,JJA,,artifacts/splits/US_loro_kdate_splits.json,artifacts/regions/US_region_masks.nc,US,US-R5,US-R5,US-R5,target_context,12,0,surface,analysis_rmse_sqrt_before_time_avg_latw,0.007491844577386095,11620,1,0.0709228515625,hyperda_v4_final_2015_2025_context2022_query2023_2025_k0_4_12
forecast_only_latw_audit_US-R5,forecast_only_latw_audit_US-R5_forecast_only_10466,forecast_only,2022-07-14,10466,7,JJA,,artifacts/splits/US_loro_kdate_splits.json,artifacts/regions/US_region_masks.nc,US,US-R5,US-R5,US-R5,target_context,12,0,surface,analysis_skill_vs_forecast_latw,0.0,11620,1,0.0709228515625,hyperda_v4_final_2015_2025_context2022_query2023_2025_k0_4_12
forecast_only_latw_audit_US-R5,forecast_only_latw_audit_US-R5_forecast_only_10466,forecast_only,2022-07-14,10466,7,JJA,,artifacts/splits/US_loro_kdate_splits.json,artifacts/regions/US_region_masks.nc,US,US-R5,US-R5,US-R5,target_context,12,0,surface,increment_mse_latw,5.612773517170944e-05,11620,1,0.0709228515625,hyperda_v4_final_2015_2025_context2022_query2023_2025_k0_4_12
forecast_only_latw_audit_US-R5,forecast_only_latw_audit_US-R5_forecast_only_10466,forecast_only,2022-07-14,10466,7,JJA,,artifacts/splits/US_loro_kdate_splits.json,artifacts/regions/US_region_masks.nc,US,US-R5,US-R5,US-R5,target_context,12,0,surface,increment_rmse_latw,0.007491844577386095,11620,1,0.0709228515625,hyperda_v4_final_2015_2025_context2022_query2023_2025_k0_4_12
forecast_only_latw_audit_US-R5,forecast_only_latw_audit_US-R5_forecast_only_10466,forecast_only,2022-07-14,10466,7,JJA,,artifacts/splits/US_loro_kdate_splits.json,artifacts/regions/US_region_masks.nc,US,US-R5,US-R5,US-R5,target_context,12,0,surface,increment_rmse_sqrt_before_time_avg_latw,0.007491844577386095,11620,1,0.0709228515625,hyperda_v4_final_2015_2025_context2022_query2023_2025_k0_4_12
forecast_only_latw_audit_US-R5,forecast_only_latw_audit_US-R5_forecast_only_10466,forecast_only,2022-07-14,10466,7,JJA,,artifacts/splits/US_loro_kdate_splits.json,artifacts/regions/US_region_masks.nc,US,US-R5,US-R5,US-R5,target_context,12,0,surface,increment_mae_latw,0.0039595824950874586,11620,1,0.0709228515625,hyperda_v4_final_2015_2025_context2022_query2023_2025_k0_4_12
forecast_only_latw_audit_US-R5,forecast_only_latw_audit_US-R5_forecast_only_10466,forecast_only,2022-07-14,10466,7,JJA,,artifacts/splits/US_loro_kdate_splits.json,artifacts/regions/US_region_masks.nc,US,US-R5,US-R5,US-R5,target_context,12,0,surface,increment_bias_latw,-0.0008809030761711339,11620,1,0.0709228515625,hyperda_v4_final_2015_2025_context2022_query2023_2025_k0_4_12
forecast_only_latw_audit_US-R5,forecast_only_latw_audit_US-R5_forecast_only_10466,forecast_only,2022-07-14,10466,7,JJA,,artifacts/splits/US_loro_kdate_splits.json,artifacts/regions/US_region_masks.nc,US,US-R5,US-R5,US-R5,target_context,12,0,surface,increment_corr_latw,,11620,1,0.0709228515625,hyperda_v4_final_2015_2025_context2022_query2023_2025_k0_4_12
forecast_only_latw_audit_US-R5,forecast_only_latw_audit_US-R5_forecast_only_10466,forecast_only,2022-07-14,10466,7,JJA,,artifacts/splits/US_loro_kdate_splits.json,artifacts/regions/US_region_masks.nc,US,US-R5,US-R5,US-R5,target_context,12,0,rootzone,analysis_rmse,0.001164249821737751,11620,1,0.0709228515625,hyperda_v4_final_2015_2025_context2022_query2023_2025_k0_4_12
forecast_only_latw_audit_US-R5,forecast_only_latw_audit_US-R5_forecast_only_10466,forecast_only,2022-07-14,10466,7,JJA,,artifacts/splits/US_loro_kdate_splits.json,artifacts/regions/US_region_masks.nc,US,US-R5,US-R5,US-R5,target_context,12,0,rootzone,analysis_mae,0.0005286792322044323,11620,1,0.0709228515625,hyperda_v4_final_2015_2025_context2022_query2023_2025_k0_4_12
forecast_only_latw_audit_US-R5,forecast_only_latw_audit_US-R5_forecast_only_10466,forecast_only,2022-07-14,10466,7,JJA,,artifacts/splits/US_loro_kdate_splits.json,artifacts/regions/US_region_masks.nc,US,US-R5,US-R5,US-R5,target_context,12,0,rootzone,analysis_skill_vs_forecast,0.0,11620,1,0.0709228515625,hyperda_v4_final_2015_2025_context2022_query2023_2025_k0_4_12
forecast_only_latw_audit_US-R5,forecast_only_latw_audit_US-R5_forecast_only_10466,forecast_only,2022-07-14,10466,7,JJA,,artifacts/splits/US_loro_kdate_splits.json,artifacts/regions/US_region_masks.nc,US,US-R5,US-R5,US-R5,target_context,12,0,rootzone,increment_rmse,0.001164249821737751,11620,1,0.0709228515625,hyperda_v4_final_2015_2025_context2022_query2023_2025_k0_4_12
forecast_only_latw_audit_US-R5,forecast_only_latw_audit_US-R5_forecast_only_10466,forecast_only,2022-07-14,10466,7,JJA,,artifacts/splits/US_loro_kdate_splits.json,artifacts/regions/US_region_masks.nc,US,US-R5,US-R5,US-R5,target_context,12,0,rootzone,increment_mae,0.0005286792322044323,11620,1,0.0709228515625,hyperda_v4_final_2015_2025_context2022_query2023_2025_k0_4_12
forecast_only_latw_audit_US-R5,forecast_only_latw_audit_US-R5_forecast_only_10466,forecast_only,2022-07-14,10466,7,JJA,,artifacts/splits/US_loro_kdate_splits.json,artifacts/regions/US_region_masks.nc,US,US-R5,US-R5,US-R5,target_context,12,0,rootzone,increment_bias,-2.7196922959846393e-05,11620,1,0.0709228515625,hyperda_v4_final_2015_2025_context2022_query2023_2025_k0_4_12
forecast_only_latw_audit_US-R5,forecast_only_latw_audit_US-R5_forecast_only_10466,forecast_only,2022-07-14,10466,7,JJA,,artifacts/splits/US_loro_kdate_splits.json,artifacts/regions/US_region_masks.nc,US,US-R5,US-R5,US-R5,target_context,12,0,rootzone,increment_corr,,11620,1,0.0709228515625,hyperda_v4_final_2015_2025_context2022_query2023_2025_k0_4_12
forecast_only_latw_audit_US-R5,forecast_only_latw_audit_US-R5_forecast_only_10466,forecast_only,2022-07-14,10466,7,JJA,,artifacts/splits/US_loro_kdate_splits.json,artifacts/regions/US_region_masks.nc,US,US-R5,US-R5,US-R5,target_context,12,0,rootzone,sign_accuracy_deadzone,0.0,11620,1,0.0709228515625,hyperda_v4_final_2015_2025_context2022_query2023_2025_k0_4_12
forecast_only_latw_audit_US-R5,forecast_only_latw_audit_US-R5_forecast_only_10466,forecast_only,2022-07-14,10466,7,JJA,,artifacts/splits/US_loro_kdate_splits.json,artifacts/regions/US_region_masks.nc,US,US-R5,US-R5,US-R5,target_context,12,0,rootzone,high_update_increment_skill,0.0,11620,1,0.0709228515625,hyperda_v4_final_2015_2025_context2022_query2023_2025_k0_4_12
forecast_only_latw_audit_US-R5,forecast_only_latw_audit_US-R5_forecast_only_10466,forecast_only,2022-07-14,10466,7,JJA,,artifacts/splits/US_loro_kdate_splits.json,artifacts/regions/US_region_masks.nc,US,US-R5,US-R5,US-R5,target_context,12,0,rootzone,analysis_mse_latw,1.3576385581169778e-06,11620,1,0.0709228515625,hyperda_v4_final_2015_2025_context2022_query2023_2025_k0_4_12
forecast_only_latw_audit_US-R5,forecast_only_latw_audit_US-R5_forecast_only_10466,forecast_only,2022-07-14,10466,7,JJA,,artifacts/splits/US_loro_kdate_splits.json,artifacts/regions/US_region_masks.nc,US,US-R5,US-R5,US-R5,target_context,12,0,rootzone,analysis_rmse_latw,0.0011651774792352356,11620,1,0.0709228515625,hyperda_v4_final_2015_2025_context2022_query2023_2025_k0_4_12
forecast_only_latw_audit_US-R5,forecast_only_latw_audit_US-R5_forecast_only_10466,forecast_only,2022-07-14,10466,7,JJA,,artifacts/splits/US_loro_kdate_splits.json,artifacts/regions/US_region_masks.nc,US,US-R5,US-R5,US-R5,target_context,12,0,rootzone,analysis_rmse_sqrt_before_time_avg_latw,0.0011651774792352356,11620,1,0.0709228515625,hyperda_v4_final_2015_2025_context2022_query2023_2025_k0_4_12
forecast_only_latw_audit_US-R5,forecast_only_latw_audit_US-R5_forecast_only_10466,forecast_only,2022-07-14,10466,7,JJA,,artifacts/splits/US_loro_kdate_splits.json,artifacts/regions/US_region_masks.nc,US,US-R5,US-R5,US-R5,target_context,12,0,rootzone,analysis_skill_vs_forecast_latw,0.0,11620,1,0.0709228515625,hyperda_v4_final_2015_2025_context2022_query2023_2025_k0_4_12
forecast_only_latw_audit_US-R5,forecast_only_latw_audit_US-R5_forecast_only_10466,forecast_only,2022-07-14,10466,7,JJA,,artifacts/splits/US_loro_kdate_splits.json,artifacts/regions/US_region_masks.nc,US,US-R5,US-R5,US-R5,target_context,12,0,rootzone,increment_mse_latw,1.3576385581169778e-06,11620,1,0.0709228515625,hyperda_v4_final_2015_2025_context2022_query2023_2025_k0_4_12
forecast_only_latw_audit_US-R5,forecast_only_latw_audit_US-R5_forecast_only_10466,forecast_only,2022-07-14,10466,7,JJA,,artifacts/splits/US_loro_kdate_splits.json,artifacts/regions/US_region_masks.nc,US,US-R5,US-R5,US-R5,target_context,12,0,rootzone,increment_rmse_latw,0.0011651774792352356,11620,1,0.0709228515625,hyperda_v4_final_2015_2025_context2022_query2023_2025_k0_4_12
forecast_only_latw_audit_US-R5,forecast_only_latw_audit_US-R5_forecast_only_10466,forecast_only,2022-07-14,10466,7,JJA,,artifacts/splits/US_loro_kdate_splits.json,artifacts/regions/US_region_masks.nc,US,US-R5,US-R5,US-R5,target_context,12,0,rootzone,increment_rmse_sqrt_before_time_avg_latw,0.0011651774792352356,11620,1,0.0709228515625,hyperda_v4_final_2015_2025_context2022_query2023_2025_k0_4_12
forecast_only_latw_audit_US-R5,forecast_only_latw_audit_US-R5_forecast_only_10466,forecast_only,2022-07-14,10466,7,JJA,,artifacts/splits/US_loro_kdate_splits.json,artifacts/regions/US_region_masks.nc,US,US-R5,US-R5,US-R5,target_context,12,0,rootzone,increment_mae_latw,0.0005276247853483288,11620,1,0.0709228515625,hyperda_v4_final_2015_2025_context2022_query2023_2025_k0_4_12
forecast_only_latw_audit_US-R5,forecast_only_latw_audit_US-R5_forecast_only_10466,forecast_only,2022-07-14,10466,7,JJA,,artifacts/splits/US_loro_kdate_splits.json,artifacts/regions/US_region_masks.nc,US,US-R5,US-R5,US-R5,target_context,12,0,rootzone,increment_bias_latw,-2.310799487710369e-05,11620,1,0.0709228515625,hyperda_v4_final_2015_2025_context2022_query2023_2025_k0_4_12
forecast_only_latw_audit_US-R5,forecast_only_latw_audit_US-R5_forecast_only_10466,forecast_only,2022-07-14,10466,7,JJA,,artifacts/splits/US_loro_kdate_splits.json,artifacts/regions/US_region_masks.nc,US,US-R5,US-R5,US-R5,target_context,12,0,rootzone,increment_corr_latw,,11620,1,0.0709228515625,hyperda_v4_final_2015_2025_context2022_query2023_2025_k0_4_12
forecast_only_latw_audit_US-R5,forecast_only_latw_audit_US-R5_forecast_only_10555,forecast_only,2022-08-04,10555,8,JJA,,artifacts/splits/US_loro_kdate_splits.json,artifacts/regions/US_region_masks.nc,US,US-R5,US-R5,US-R5,target_context,12,0,surface,analysis_rmse,0.006393126830920329,11620,1,0.0709228515625,hyperda_v4_final_2015_2025_context2022_query2023_2025_k0_4_12
forecast_only_latw_audit_US-R5,forecast_only_latw_audit_US-R5_forecast_only_10555,forecast_only,2022-08-04,10555,8,JJA,,artifacts/splits/US_loro_kdate_splits.json,artifacts/regions/US_region_masks.nc,US,US-R5,US-R5,US-R5,target_context,12,0,surface,analysis_mae,0.003981947522168008,11620,1,0.0709228515625,hyperda_v4_final_2015_2025_context2022_query2023_2025_k0_4_12
forecast_only_latw_audit_US-R5,forecast_only_latw_audit_US-R5_forecast_only_10555,forecast_only,2022-08-04,10555,8,JJA,,artifacts/splits/US_loro_kdate_splits.json,artifacts/regions/US_region_masks.nc,US,US-R5,US-R5,US-R5,target_context,12,0,surface,analysis_skill_vs_forecast,0.0,11620,1,0.0709228515625,hyperda_v4_final_2015_2025_context2022_query2023_2025_k0_4_12
forecast_only_latw_audit_US-R5,forecast_only_latw_audit_US-R5_forecast_only_10555,forecast_only,2022-08-04,10555,8,JJA,,artifacts/splits/US_loro_kdate_splits.json,artifacts/regions/US_region_masks.nc,US,US-R5,US-R5,US-R5,target_context,12,0,surface,increment_rmse,0.006393126830920329,11620,1,0.0709228515625,hyperda_v4_final_2015_2025_context2022_query2023_2025_k0_4_12
forecast_only_latw_audit_US-R5,forecast_only_latw_audit_US-R5_forecast_only_10555,forecast_only,2022-08-04,10555,8,JJA,,artifacts/splits/US_loro_kdate_splits.json,artifacts/regions/US_region_masks.nc,US,US-R5,US-R5,US-R5,target_context,12,0,surface,increment_mae,0.003981947522168008,11620,1,0.0709228515625,hyperda_v4_final_2015_2025_context2022_query2023_2025_k0_4_12
forecast_only_latw_audit_US-R5,forecast_only_latw_audit_US-R5_forecast_only_10555,forecast_only,2022-08-04,10555,8,JJA,,artifacts/splits/US_loro_kdate_splits.json,artifacts/regions/US_region_masks.nc,US,US-R5,US-R5,US-R5,target_context,12,0,surface,increment_bias,0.0026395588180309934,11620,1,0.0709228515625,hyperda_v4_final_2015_2025_context2022_query2023_2025_k0_4_12
forecast_only_latw_audit_US-R5,forecast_only_latw_audit_US-R5_forecast_only_10555,forecast_only,2022-08-04,10555,8,JJA,,artifacts/splits/US_loro_kdate_splits.json,artifacts/regions/US_region_masks.nc,US,US-R5,US-R5,US-R5,target_context,12,0,surface,increment_corr,,11620,1,0.0709228515625,hyperda_v4_final_2015_2025_context2022_query2023_2025_k0_4_12
forecast_only_latw_audit_US-R5,forecast_only_latw_audit_US-R5_forecast_only_10555,forecast_only,2022-08-04,10555,8,JJA,,artifacts/splits/US_loro_kdate_splits.json,artifacts/regions/US_region_masks.nc,US,US-R5,US-R5,US-R5,target_context,12,0,surface,sign_accuracy_deadzone,0.0,11620,1,0.0709228515625,hyperda_v4_final_2015_2025_context2022_query2023_2025_k0_4_12
forecast_only_latw_audit_US-R5,forecast_only_latw_audit_US-R5_forecast_only_10555,forecast_only,2022-08-04,10555,8,JJA,,artifacts/splits/US_loro_kdate_splits.json,artifacts/regions/US_region_masks.nc,US,US-R5,US-R5,US-R5,target_context,12,0,surface,high_update_increment_skill,0.0,11620,1,0.0709228515625,hyperda_v4_final_2015_2025_context2022_query2023_2025_k0_4_12
forecast_only_latw_audit_US-R5,forecast_only_latw_audit_US-R5_forecast_only_10555,forecast_only,2022-08-04,10555,8,JJA,,artifacts/splits/US_loro_kdate_splits.json,artifacts/regions/US_region_masks.nc,US,US-R5,US-R5,US-R5,target_context,12,0,surface,analysis_mse_latw,4.0733700498001304e-05,11620,1,0.0709228515625,hyperda_v4_final_2015_2025_context2022_query2023_2025_k0_4_12
forecast_only_latw_audit_US-R5,forecast_only_latw_audit_US-R5_forecast_only_10555,forecast_only,2022-08-04,10555,8,JJA,,artifacts/splits/US_loro_kdate_splits.json,artifacts/regions/US_region_masks.nc,US,US-R5,US-R5,US-R5,target_context,12,0,surface,analysis_rmse_latw,0.006382295864185654,11620,1,0.0709228515625,hyperda_v4_final_2015_2025_context2022_query2023_2025_k0_4_12
forecast_only_latw_audit_US-R5,forecast_only_latw_audit_US-R5_forecast_only_10555,forecast_only,2022-08-04,10555,8,JJA,,artifacts/splits/US_loro_kdate_splits.json,artifacts/regions/US_region_masks.nc,US,US-R5,US-R5,US-R5,target_context,12,0,surface,analysis_rmse_sqrt_before_time_avg_latw,0.006382295864185654,11620,1,0.0709228515625,hyperda_v4_final_2015_2025_context2022_query2023_2025_k0_4_12
forecast_only_latw_audit_US-R5,forecast_only_latw_audit_US-R5_forecast_only_10555,forecast_only,2022-08-04,10555,8,JJA,,artifacts/splits/US_loro_kdate_splits.json,artifacts/regions/US_region_masks.nc,US,US-R5,US-R5,US-R5,target_context,12,0,surface,analysis_skill_vs_forecast_latw,0.0,11620,1,0.0709228515625,hyperda_v4_final_2015_2025_context2022_query2023_2025_k0_4_12
forecast_only_latw_audit_US-R5,forecast_only_latw_audit_US-R5_forecast_only_10555,forecast_only,2022-08-04,10555,8,JJA,,artifacts/splits/US_loro_kdate_splits.json,artifacts/regions/US_region_masks.nc,US,US-R5,US-R5,US-R5,target_context,12,0,surface,increment_mse_latw,4.0733700498001304e-05,11620,1,0.0709228515625,hyperda_v4_final_2015_2025_context2022_query2023_2025_k0_4_12
forecast_only_latw_audit_US-R5,forecast_only_latw_audit_US-R5_forecast_only_10555,forecast_only,2022-08-04,10555,8,JJA,,artifacts/splits/US_loro_kdate_splits.json,artifacts/regions/US_region_masks.nc,US,US-R5,US-R5,US-R5,target_context,12,0,surface,increment_rmse_latw,0.006382295864185654,11620,1,0.0709228515625,hyperda_v4_final_2015_2025_context2022_query2023_2025_k0_4_12
forecast_only_latw_audit_US-R5,forecast_only_latw_audit_US-R5_forecast_only_10555,forecast_only,2022-08-04,10555,8,JJA,,artifacts/splits/US_loro_kdate_splits.json,artifacts/regions/US_region_masks.nc,US,US-R5,US-R5,US-R5,target_context,12,0,surface,increment_rmse_sqrt_before_time_avg_latw,0.006382295864185654,11620,1,0.0709228515625,hyperda_v4_final_2015_2025_context2022_query2023_2025_k0_4_12
forecast_only_latw_audit_US-R5,forecast_only_latw_audit_US-R5_forecast_only_10555,forecast_only,2022-08-04,10555,8,JJA,,artifacts/splits/US_loro_kdate_splits.json,artifacts/regions/US_region_masks.nc,US,US-R5,US-R5,US-R5,target_context,12,0,surface,increment_mae_latw,0.003961563670597888,11620,1,0.0709228515625,hyperda_v4_final_2015_2025_context2022_query2023_2025_k0_4_12
forecast_only_latw_audit_US-R5,forecast_only_latw_audit_US-R5_forecast_only_10555,forecast_only,2022-08-04,10555,8,JJA,,artifacts/splits/US_loro_kdate_splits.json,artifacts/regions/US_region_masks.nc,US,US-R5,US-R5,US-R5,target_context,12,0,surface,increment_bias_latw,0.002644181878904291,11620,1,0.0709228515625,hyperda_v4_final_2015_2025_context2022_query2023_2025_k0_4_12
forecast_only_latw_audit_US-R5,forecast_only_latw_audit_US-R5_forecast_only_10555,forecast_only,2022-08-04,10555,8,JJA,,artifacts/splits/US_loro_kdate_splits.json,artifacts/regions/US_region_masks.nc,US,US-R5,US-R5,US-R5,target_context,12,0,surface,increment_corr_latw,,11620,1,0.0709228515625,hyperda_v4_final_2015_2025_context2022_query2023_2025_k0_4_12
forecast_only_latw_audit_US-R5,forecast_only_latw_audit_US-R5_forecast_only_10555,forecast_only,2022-08-04,10555,8,JJA,,artifacts/splits/US_loro_kdate_splits.json,artifacts/regions/US_region_masks.nc,US,US-R5,US-R5,US-R5,target_context,12,0,rootzone,analysis_rmse,0.0005765317383502344,11620,1,0.0709228515625,hyperda_v4_final_2015_2025_context2022_query2023_2025_k0_4_12
forecast_only_latw_audit_US-R5,forecast_only_latw_audit_US-R5_forecast_only_10555,forecast_only,2022-08-04,10555,8,JJA,,artifacts/splits/US_loro_kdate_splits.json,artifacts/regions/US_region_masks.nc,US,US-R5,US-R5,US-R5,target_context,12,0,rootzone,analysis_mae,0.0003383870395269123,11620,1,0.0709228515625,hyperda_v4_final_2015_2025_context2022_query2023_2025_k0_4_12
forecast_only_latw_audit_US-R5,forecast_only_latw_audit_US-R5_forecast_only_10555,forecast_only,2022-08-04,10555,8,JJA,,artifacts/splits/US_loro_kdate_splits.json,artifacts/regions/US_region_masks.nc,US,US-R5,US-R5,US-R5,target_context,12,0,rootzone,analysis_skill_vs_forecast,0.0,11620,1,0.0709228515625,hyperda_v4_final_2015_2025_context2022_query2023_2025_k0_4_12
forecast_only_latw_audit_US-R5,forecast_only_latw_audit_US-R5_forecast_only_10555,forecast_only,2022-08-04,10555,8,JJA,,artifacts/splits/US_loro_kdate_splits.json,artifacts/regions/US_region_masks.nc,US,US-R5,US-R5,US-R5,target_context,12,0,rootzone,increment_rmse,0.0005765317383502344,11620,1,0.0709228515625,hyperda_v4_final_2015_2025_context2022_query2023_2025_k0_4_12
forecast_only_latw_audit_US-R5,forecast_only_latw_audit_US-R5_forecast_only_10555,forecast_only,2022-08-04,10555,8,JJA,,artifacts/splits/US_loro_kdate_splits.json,artifacts/regions/US_region_masks.nc,US,US-R5,US-R5,US-R5,target_context,12,0,rootzone,increment_mae,0.0003383870395269123,11620,1,0.0709228515625,hyperda_v4_final_2015_2025_context2022_query2023_2025_k0_4_12
forecast_only_latw_audit_US-R5,forecast_only_latw_audit_US-R5_forecast_only_10555,forecast_only,2022-08-04,10555,8,JJA,,artifacts/splits/US_loro_kdate_splits.json,artifacts/regions/US_region_masks.nc,US,US-R5,US-R5,US-R5,target_context,12,0,rootzone,increment_bias,0.00023657137146556234,11620,1,0.0709228515625,hyperda_v4_final_2015_2025_context2022_query2023_2025_k0_4_12
forecast_only_latw_audit_US-R5,forecast_only_latw_audit_US-R5_forecast_only_10555,forecast_only,2022-08-04,10555,8,JJA,,artifacts/splits/US_loro_kdate_splits.json,artifacts/regions/US_region_masks.nc,US,US-R5,US-R5,US-R5,target_context,12,0,rootzone,increment_corr,,11620,1,0.0709228515625,hyperda_v4_final_2015_2025_context2022_query2023_2025_k0_4_12
forecast_only_latw_audit_US-R5,forecast_only_latw_audit_US-R5_forecast_only_10555,forecast_only,2022-08-04,10555,8,JJA,,artifacts/splits/US_loro_kdate_splits.json,artifacts/regions/US_region_masks.nc,US,US-R5,US-R5,US-R5,target_context,12,0,rootzone,sign_accuracy_deadzone,0.0,11620,1,0.0709228515625,hyperda_v4_final_2015_2025_context2022_query2023_2025_k0_4_12
forecast_only_latw_audit_US-R5,forecast_only_latw_audit_US-R5_forecast_only_10555,forecast_only,2022-08-04,10555,8,JJA,,artifacts/splits/US_loro_kdate_splits.json,artifacts/regions/US_region_masks.nc,US,US-R5,US-R5,US-R5,target_context,12,0,rootzone,high_update_increment_skill,0.0,11620,1,0.0709228515625,hyperda_v4_final_2015_2025_context2022_query2023_2025_k0_4_12
forecast_only_latw_audit_US-R5,forecast_only_latw_audit_US-R5_forecast_only_10555,forecast_only,2022-08-04,10555,8,JJA,,artifacts/splits/US_loro_kdate_splits.json,artifacts/regions/US_region_masks.nc,US,US-R5,US-R5,US-R5,target_context,12,0,rootzone,analysis_mse_latw,3.3303059331992614e-07,11620,1,0.0709228515625,hyperda_v4_final_2015_2025_context2022_query2023_2025_k0_4_12
forecast_only_latw_audit_US-R5,forecast_only_latw_audit_US-R5_forecast_only_10555,forecast_only,2022-08-04,10555,8,JJA,,artifacts/splits/US_loro_kdate_splits.json,artifacts/regions/US_region_masks.nc,US,US-R5,US-R5,US-R5,target_context,12,0,rootzone,analysis_rmse_latw,0.0005770880290908192,11620,1,0.0709228515625,hyperda_v4_final_2015_2025_context2022_query2023_2025_k0_4_12
forecast_only_latw_audit_US-R5,forecast_only_latw_audit_US-R5_forecast_only_10555,forecast_only,2022-08-04,10555,8,JJA,,artifacts/splits/US_loro_kdate_splits.json,artifacts/regions/US_region_masks.nc,US,US-R5,US-R5,US-R5,target_context,12,0,rootzone,analysis_rmse_sqrt_before_time_avg_latw,0.0005770880290908192,11620,1,0.0709228515625,hyperda_v4_final_2015_2025_context2022_query2023_2025_k0_4_12
forecast_only_latw_audit_US-R5,forecast_only_latw_audit_US-R5_forecast_only_10555,forecast_only,2022-08-04,10555,8,JJA,,artifacts/splits/US_loro_kdate_splits.json,artifacts/regions/US_region_masks.nc,US,US-R5,US-R5,US-R5,target_context,12,0,rootzone,analysis_skill_vs_forecast_latw,0.0,11620,1,0.0709228515625,hyperda_v4_final_2015_2025_context2022_query2023_2025_k0_4_12
forecast_only_latw_audit_US-R5,forecast_only_latw_audit_US-R5_forecast_only_10555,forecast_only,2022-08-04,10555,8,JJA,,artifacts/splits/US_loro_kdate_splits.json,artifacts/regions/US_region_masks.nc,US,US-R5,US-R5,US-R5,target_context,12,0,rootzone,increment_mse_latw,3.3303059331992614e-07,11620,1,0.0709228515625,hyperda_v4_final_2015_2025_context2022_query2023_2025_k0_4_12
forecast_only_latw_audit_US-R5,forecast_only_latw_audit_US-R5_forecast_only_10555,forecast_only,2022-08-04,10555,8,JJA,,artifacts/splits/US_loro_kdate_splits.json,artifacts/regions/US_region_masks.nc,US,US-R5,US-R5,US-R5,target_context,12,0,rootzone,increment_rmse_latw,0.0005770880290908192,11620,1,0.0709228515625,hyperda_v4_final_2015_2025_context2022_query2023_2025_k0_4_12
forecast_only_latw_audit_US-R5,forecast_only_latw_audit_US-R5_forecast_only_10555,forecast_only,2022-08-04,10555,8,JJA,,artifacts/splits/US_loro_kdate_splits.json,artifacts/regions/US_region_masks.nc,US,US-R5,US-R5,US-R5,target_context,12,0,rootzone,increment_rmse_sqrt_before_time_avg_latw,0.0005770880290908192,11620,1,0.0709228515625,hyperda_v4_final_2015_2025_context2022_query2023_2025_k0_4_12
forecast_only_latw_audit_US-R5,forecast_only_latw_audit_US-R5_forecast_only_10555,forecast_only,2022-08-04,10555,8,JJA,,artifacts/splits/US_loro_kdate_splits.json,artifacts/regions/US_region_masks.nc,US,US-R5,US-R5,US-R5,target_context,12,0,rootzone,increment_mae_latw,0.000337633203853009,11620,1,0.0709228515625,hyperda_v4_final_2015_2025_context2022_query2023_2025_k0_4_12
forecast_only_latw_audit_US-R5,forecast_only_latw_audit_US-R5_forecast_only_10555,forecast_only,2022-08-04,10555,8,JJA,,artifacts/splits/US_loro_kdate_splits.json,artifacts/regions/US_region_masks.nc,US,US-R5,US-R5,US-R5,target_context,12,0,rootzone,increment_bias_latw,0.0002372799920604819,11620,1,0.0709228515625,hyperda_v4_final_2015_2025_context2022_query2023_2025_k0_4_12
forecast_only_latw_audit_US-R5,forecast_only_latw_audit_US-R5_forecast_only_10555,forecast_only,2022-08-04,10555,8,JJA,,artifacts/splits/US_loro_kdate_splits.json,artifacts/regions/US_region_masks.nc,US,US-R5,US-R5,US-R5,target_context,12,0,rootzone,increment_corr_latw,,11620,1,0.0709228515625,hyperda_v4_final_2015_2025_context2022_query2023_2025_k0_4_12
forecast_only_latw_audit_US-R5,forecast_only_latw_audit_US-R5_forecast_only_10591,forecast_only,2022-09-27,10591,9,SON,,artifacts/splits/US_loro_kdate_splits.json,artifacts/regions/US_region_masks.nc,US,US-R5,US-R5,US-R5,target_context,12,0,surface,analysis_rmse,0.006634987449165828,11620,1,0.0709228515625,hyperda_v4_final_2015_2025_context2022_query2023_2025_k0_4_12
forecast_only_latw_audit_US-R5,forecast_only_latw_audit_US-R5_forecast_only_10591,forecast_only,2022-09-27,10591,9,SON,,artifacts/splits/US_loro_kdate_splits.json,artifacts/regions/US_region_masks.nc,US,US-R5,US-R5,US-R5,target_context,12,0,surface,analysis_mae,0.003971263078616839,11620,1,0.0709228515625,hyperda_v4_final_2015_2025_context2022_query2023_2025_k0_4_12
forecast_only_latw_audit_US-R5,forecast_only_latw_audit_US-R5_forecast_only_10591,forecast_only,2022-09-27,10591,9,SON,,artifacts/splits/US_loro_kdate_splits.json,artifacts/regions/US_region_masks.nc,US,US-R5,US-R5,US-R5,target_context,12,0,surface,analysis_skill_vs_forecast,0.0,11620,1,0.0709228515625,hyperda_v4_final_2015_2025_context2022_query2023_2025_k0_4_12
forecast_only_latw_audit_US-R5,forecast_only_latw_audit_US-R5_forecast_only_10591,forecast_only,2022-09-27,10591,9,SON,,artifacts/splits/US_loro_kdate_splits.json,artifacts/regions/US_region_masks.nc,US,US-R5,US-R5,US-R5,target_context,12,0,surface,increment_rmse,0.006634987449165828,11620,1,0.0709228515625,hyperda_v4_final_2015_2025_context2022_query2023_2025_k0_4_12
forecast_only_latw_audit_US-R5,forecast_only_latw_audit_US-R5_forecast_only_10591,forecast_only,2022-09-27,10591,9,SON,,artifacts/splits/US_loro_kdate_splits.json,artifacts/regions/US_region_masks.nc,US,US-R5,US-R5,US-R5,target_context,12,0,surface,increment_mae,0.003971263078616839,11620,1,0.0709228515625,hyperda_v4_final_2015_2025_context2022_query2023_2025_k0_4_12
forecast_only_latw_audit_US-R5,forecast_only_latw_audit_US-R5_forecast_only_10591,forecast_only,2022-09-27,10591,9,SON,,artifacts/splits/US_loro_kdate_splits.json,artifacts/regions/US_region_masks.nc,US,US-R5,US-R5,US-R5,target_context,12,0,surface,increment_bias,0.0027558491195002234,11620,1,0.0709228515625,hyperda_v4_final_2015_2025_context2022_query2023_2025_k0_4_12
forecast_only_latw_audit_US-R5,forecast_only_latw_audit_US-R5_forecast_only_10591,forecast_only,2022-09-27,10591,9,SON,,artifacts/splits/US_loro_kdate_splits.json,artifacts/regions/US_region_masks.nc,US,US-R5,US-R5,US-R5,target_context,12,0,surface,increment_corr,,11620,1,0.0709228515625,hyperda_v4_final_2015_2025_context2022_query2023_2025_k0_4_12
forecast_only_latw_audit_US-R5,forecast_only_latw_audit_US-R5_forecast_only_10591,forecast_only,2022-09-27,10591,9,SON,,artifacts/splits/US_loro_kdate_splits.json,artifacts/regions/US_region_masks.nc,US,US-R5,US-R5,US-R5,target_context,12,0,surface,sign_accuracy_deadzone,0.0,11620,1,0.0709228515625,hyperda_v4_final_2015_2025_context2022_query2023_2025_k0_4_12
forecast_only_latw_audit_US-R5,forecast_only_latw_audit_US-R5_forecast_only_10591,forecast_only,2022-09-27,10591,9,SON,,artifacts/splits/US_loro_kdate_splits.json,artifacts/regions/US_region_masks.nc,US,US-R5,US-R5,US-R5,target_context,12,0,surface,high_update_increment_skill,0.0,11620,1,0.0709228515625,hyperda_v4_final_2015_2025_context2022_query2023_2025_k0_4_12
forecast_only_latw_audit_US-R5,forecast_only_latw_audit_US-R5_forecast_only_10591,forecast_only,2022-09-27,10591,9,SON,,artifacts/splits/US_loro_kdate_splits.json,artifacts/regions/US_region_masks.nc,US,US-R5,US-R5,US-R5,target_context,12,0,surface,analysis_mse_latw,4.378286013681943e-05,11620,1,0.0709228515625,hyperda_v4_final_2015_2025_context2022_query2023_2025_k0_4_12
forecast_only_latw_audit_US-R5,forecast_only_latw_audit_US-R5_forecast_only_10591,forecast_only,2022-09-27,10591,9,SON,,artifacts/splits/US_loro_kdate_splits.json,artifacts/regions/US_region_masks.nc,US,US-R5,US-R5,US-R5,target_context,12,0,surface,analysis_rmse_latw,0.0066168618042709215,11620,1,0.0709228515625,hyperda_v4_final_2015_2025_context2022_query2023_2025_k0_4_12
forecast_only_latw_audit_US-R5,forecast_only_latw_audit_US-R5_forecast_only_10591,forecast_only,2022-09-27,10591,9,SON,,artifacts/splits/US_loro_kdate_splits.json,artifacts/regions/US_region_masks.nc,US,US-R5,US-R5,US-R5,target_context,12,0,surface,analysis_rmse_sqrt_before_time_avg_latw,0.0066168618042709215,11620,1,0.0709228515625,hyperda_v4_final_2015_2025_context2022_query2023_2025_k0_4_12
forecast_only_latw_audit_US-R5,forecast_only_latw_audit_US-R5_forecast_only_10591,forecast_only,2022-09-27,10591,9,SON,,artifacts/splits/US_loro_kdate_splits.json,artifacts/regions/US_region_masks.nc,US,US-R5,US-R5,US-R5,target_context,12,0,surface,analysis_skill_vs_forecast_latw,0.0,11620,1,0.0709228515625,hyperda_v4_final_2015_2025_context2022_query2023_2025_k0_4_12
forecast_only_latw_audit_US-R5,forecast_only_latw_audit_US-R5_forecast_only_10591,forecast_only,2022-09-27,10591,9,SON,,artifacts/splits/US_loro_kdate_splits.json,artifacts/regions/US_region_masks.nc,US,US-R5,US-R5,US-R5,target_context,12,0,surface,increment_mse_latw,4.378286013681943e-05,11620,1,0.0709228515625,hyperda_v4_final_2015_2025_context2022_query2023_2025_k0_4_12
forecast_only_latw_audit_US-R5,forecast_only_latw_audit_US-R5_forecast_only_10591,forecast_only,2022-09-27,10591,9,SON,,artifacts/splits/US_loro_kdate_splits.json,artifacts/regions/US_region_masks.nc,US,US-R5,US-R5,US-R5,target_context,12,0,surface,increment_rmse_latw,0.0066168618042709215,11620,1,0.0709228515625,hyperda_v4_final_2015_2025_context2022_query2023_2025_k0_4_12
forecast_only_latw_audit_US-R5,forecast_only_latw_audit_US-R5_forecast_only_10591,forecast_only,2022-09-27,10591,9,SON,,artifacts/splits/US_loro_kdate_splits.json,artifacts/regions/US_region_masks.nc,US,US-R5,US-R5,US-R5,target_context,12,0,surface,increment_rmse_sqrt_before_time_avg_latw,0.0066168618042709215,11620,1,0.0709228515625,hyperda_v4_final_2015_2025_context2022_query2023_2025_k0_4_12
forecast_only_latw_audit_US-R5,forecast_only_latw_audit_US-R5_forecast_only_10591,forecast_only,2022-09-27,10591,9,SON,,artifacts/splits/US_loro_kdate_splits.json,artifacts/regions/US_region_masks.nc,US,US-R5,US-R5,US-R5,target_context,12,0,surface,increment_mae_latw,0.003959303604857614,11620,1,0.0709228515625,hyperda_v4_final_2015_2025_context2022_query2023_2025_k0_4_12
forecast_only_latw_audit_US-R5,forecast_only_latw_audit_US-R5_forecast_only_10591,forecast_only,2022-09-27,10591,9,SON,,artifacts/splits/US_loro_kdate_splits.json,artifacts/regions/US_region_masks.nc,US,US-R5,US-R5,US-R5,target_context,12,0,surface,increment_bias_latw,0.002753810410198782,11620,1,0.0709228515625,hyperda_v4_final_2015_2025_context2022_query2023_2025_k0_4_12
forecast_only_latw_audit_US-R5,forecast_only_latw_audit_US-R5_forecast_only_10591,forecast_only,2022-09-27,10591,9,SON,,artifacts/splits/US_loro_kdate_splits.json,artifacts/regions/US_region_masks.nc,US,US-R5,US-R5,US-R5,target_context,12,0,surface,increment_corr_latw,,11620,1,0.0709228515625,hyperda_v4_final_2015_2025_context2022_query2023_2025_k0_4_12
forecast_only_latw_audit_US-R5,forecast_only_latw_audit_US-R5_forecast_only_10591,forecast_only,2022-09-27,10591,9,SON,,artifacts/splits/US_loro_kdate_splits.json,artifacts/regions/US_region_masks.nc,US,US-R5,US-R5,US-R5,target_context,12,0,rootzone,analysis_rmse,0.0005318007736148306,11620,1,0.0709228515625,hyperda_v4_final_2015_2025_context2022_query2023_2025_k0_4_12
forecast_only_latw_audit_US-R5,forecast_only_latw_audit_US-R5_forecast_only_10591,forecast_only,2022-09-27,10591,9,SON,,artifacts/splits/US_loro_kdate_splits.json,artifacts/regions/US_region_masks.nc,US,US-R5,US-R5,US-R5,target_context,12,0,rootzone,analysis_mae,0.00025011705885450526,11620,1,0.0709228515625,hyperda_v4_final_2015_2025_context2022_query2023_2025_k0_4_12
forecast_only_latw_audit_US-R5,forecast_only_latw_audit_US-R5_forecast_only_10591,forecast_only,2022-09-27,10591,9,SON,,artifacts/splits/US_loro_kdate_splits.json,artifacts/regions/US_region_masks.nc,US,US-R5,US-R5,US-R5,target_context,12,0,rootzone,analysis_skill_vs_forecast,0.0,11620,1,0.0709228515625,hyperda_v4_final_2015_2025_context2022_query2023_2025_k0_4_12
forecast_only_latw_audit_US-R5,forecast_only_latw_audit_US-R5_forecast_only_10591,forecast_only,2022-09-27,10591,9,SON,,artifacts/splits/US_loro_kdate_splits.json,artifacts/regions/US_region_masks.nc,US,US-R5,US-R5,US-R5,target_context,12,0,rootzone,increment_rmse,0.0005318007736148306,11620,1,0.0709228515625,hyperda_v4_final_2015_2025_context2022_query2023_2025_k0_4_12
forecast_only_latw_audit_US-R5,forecast_only_latw_audit_US-R5_forecast_only_10591,forecast_only,2022-09-27,10591,9,SON,,artifacts/splits/US_loro_kdate_splits.json,artifacts/regions/US_region_masks.nc,US,US-R5,US-R5,US-R5,target_context,12,0,rootzone,increment_mae,0.00025011705885450526,11620,1,0.0709228515625,hyperda_v4_final_2015_2025_context2022_query2023_2025_k0_4_12
forecast_only_latw_audit_US-R5,forecast_only_latw_audit_US-R5_forecast_only_10591,forecast_only,2022-09-27,10591,9,SON,,artifacts/splits/US_loro_kdate_splits.json,artifacts/regions/US_region_masks.nc,US,US-R5,US-R5,US-R5,target_context,12,0,rootzone,increment_bias,0.00013783858534391078,11620,1,0.0709228515625,hyperda_v4_final_2015_2025_context2022_query2023_2025_k0_4_12
forecast_only_latw_audit_US-R5,forecast_only_latw_audit_US-R5_forecast_only_10591,forecast_only,2022-09-27,10591,9,SON,,artifacts/splits/US_loro_kdate_splits.json,artifacts/regions/US_region_masks.nc,US,US-R5,US-R5,US-R5,target_context,12,0,rootzone,increment_corr,,11620,1,0.0709228515625,hyperda_v4_final_2015_2025_context2022_query2023_2025_k0_4_12
forecast_only_latw_audit_US-R5,forecast_only_latw_audit_US-R5_forecast_only_10591,forecast_only,2022-09-27,10591,9,SON,,artifacts/splits/US_loro_kdate_splits.json,artifacts/regions/US_region_masks.nc,US,US-R5,US-R5,US-R5,target_context,12,0,rootzone,sign_accuracy_deadzone,0.0,11620,1,0.0709228515625,hyperda_v4_final_2015_2025_context2022_query2023_2025_k0_4_12
forecast_only_latw_audit_US-R5,forecast_only_latw_audit_US-R5_forecast_only_10591,forecast_only,2022-09-27,10591,9,SON,,artifacts/splits/US_loro_kdate_splits.json,artifacts/regions/US_region_masks.nc,US,US-R5,US-R5,US-R5,target_context,12,0,rootzone,high_update_increment_skill,0.0,11620,1,0.0709228515625,hyperda_v4_final_2015_2025_context2022_query2023_2025_k0_4_12
forecast_only_latw_audit_US-R5,forecast_only_latw_audit_US-R5_forecast_only_10591,forecast_only,2022-09-27,10591,9,SON,,artifacts/splits/US_loro_kdate_splits.json,artifacts/regions/US_region_masks.nc,US,US-R5,US-R5,US-R5,target_context,12,0,rootzone,analysis_mse_latw,2.839747356161888e-07,11620,1,0.0709228515625,hyperda_v4_final_2015_2025_context2022_query2023_2025_k0_4_12
forecast_only_latw_audit_US-R5,forecast_only_latw_audit_US-R5_forecast_only_10591,forecast_only,2022-09-27,10591,9,SON,,artifacts/splits/US_loro_kdate_splits.json,artifacts/regions/US_region_masks.nc,US,US-R5,US-R5,US-R5,target_context,12,0,rootzone,analysis_rmse_latw,0.0005328927993660534,11620,1,0.0709228515625,hyperda_v4_final_2015_2025_context2022_query2023_2025_k0_4_12
forecast_only_latw_audit_US-R5,forecast_only_latw_audit_US-R5_forecast_only_10591,forecast_only,2022-09-27,10591,9,SON,,artifacts/splits/US_loro_kdate_splits.json,artifacts/regions/US_region_masks.nc,US,US-R5,US-R5,US-R5,target_context,12,0,rootzone,analysis_rmse_sqrt_before_time_avg_latw,0.0005328927993660534,11620,1,0.0709228515625,hyperda_v4_final_2015_2025_context2022_query2023_2025_k0_4_12
forecast_only_latw_audit_US-R5,forecast_only_latw_audit_US-R5_forecast_only_10591,forecast_only,2022-09-27,10591,9,SON,,artifacts/splits/US_loro_kdate_splits.json,artifacts/regions/US_region_masks.nc,US,US-R5,US-R5,US-R5,target_context,12,0,rootzone,analysis_skill_vs_forecast_latw,0.0,11620,1,0.0709228515625,hyperda_v4_final_2015_2025_context2022_query2023_2025_k0_4_12
forecast_only_latw_audit_US-R5,forecast_only_latw_audit_US-R5_forecast_only_10591,forecast_only,2022-09-27,10591,9,SON,,artifacts/splits/US_loro_kdate_splits.json,artifacts/regions/US_region_masks.nc,US,US-R5,US-R5,US-R5,target_context,12,0,rootzone,increment_mse_latw,2.839747356161888e-07,11620,1,0.0709228515625,hyperda_v4_final_2015_2025_context2022_query2023_2025_k0_4_12
forecast_only_latw_audit_US-R5,forecast_only_latw_audit_US-R5_forecast_only_10591,forecast_only,2022-09-27,10591,9,SON,,artifacts/splits/US_loro_kdate_splits.json,artifacts/regions/US_region_masks.nc,US,US-R5,US-R5,US-R5,target_context,12,0,rootzone,increment_rmse_latw,0.0005328927993660534,11620,1,0.0709228515625,hyperda_v4_final_2015_2025_context2022_query2023_2025_k0_4_12
forecast_only_latw_audit_US-R5,forecast_only_latw_audit_US-R5_forecast_only_10591,forecast_only,2022-09-27,10591,9,SON,,artifacts/splits/US_loro_kdate_splits.json,artifacts/regions/US_region_masks.nc,US,US-R5,US-R5,US-R5,target_context,12,0,rootzone,increment_rmse_sqrt_before_time_avg_latw,0.0005328927993660534,11620,1,0.0709228515625,hyperda_v4_final_2015_2025_context2022_query2023_2025_k0_4_12
forecast_only_latw_audit_US-R5,forecast_only_latw_audit_US-R5_forecast_only_10591,forecast_only,2022-09-27,10591,9,SON,,artifacts/splits/US_loro_kdate_splits.json,artifacts/regions/US_region_masks.nc,US,US-R5,US-R5,US-R5,target_context,12,0,rootzone,increment_mae_latw,0.0002497731200302486,11620,1,0.0709228515625,hyperda_v4_final_2015_2025_context2022_query2023_2025_k0_4_12
forecast_only_latw_audit_US-R5,forecast_only_latw_audit_US-R5_forecast_only_10591,forecast_only,2022-09-27,10591,9,SON,,artifacts/splits/US_loro_kdate_splits.json,artifacts/regions/US_region_masks.nc,US,US-R5,US-R5,US-R5,target_context,12,0,rootzone,increment_bias_latw,0.00013779957351134613,11620,1,0.0709228515625,hyperda_v4_final_2015_2025_context2022_query2023_2025_k0_4_12
forecast_only_latw_audit_US-R5,forecast_only_latw_audit_US-R5_forecast_only_10591,forecast_only,2022-09-27,10591,9,SON,,artifacts/splits/US_loro_kdate_splits.json,artifacts/regions/US_region_masks.nc,US,US-R5,US-R5,US-R5,target_context,12,0,rootzone,increment_corr_latw,,11620,1,0.0709228515625,hyperda_v4_final_2015_2025_context2022_query2023_2025_k0_4_12
forecast_only_latw_audit_US-R5,forecast_only_latw_audit_US-R5_forecast_only_10631,forecast_only,2022-10-06,10631,10,SON,,artifacts/splits/US_loro_kdate_splits.json,artifacts/regions/US_region_masks.nc,US,US-R5,US-R5,US-R5,target_context,12,0,surface,analysis_rmse,0.006029579294448341,11620,1,0.0709228515625,hyperda_v4_final_2015_2025_context2022_query2023_2025_k0_4_12
forecast_only_latw_audit_US-R5,forecast_only_latw_audit_US-R5_forecast_only_10631,forecast_only,2022-10-06,10631,10,SON,,artifacts/splits/US_loro_kdate_splits.json,artifacts/regions/US_region_masks.nc,US,US-R5,US-R5,US-R5,target_context,12,0,surface,analysis_mae,0.0036896983297820653,11620,1,0.0709228515625,hyperda_v4_final_2015_2025_context2022_query2023_2025_k0_4_12
forecast_only_latw_audit_US-R5,forecast_only_latw_audit_US-R5_forecast_only_10631,forecast_only,2022-10-06,10631,10,SON,,artifacts/splits/US_loro_kdate_splits.json,artifacts/regions/US_region_masks.nc,US,US-R5,US-R5,US-R5,target_context,12,0,surface,analysis_skill_vs_forecast,0.0,11620,1,0.0709228515625,hyperda_v4_final_2015_2025_context2022_query2023_2025_k0_4_12
forecast_only_latw_audit_US-R5,forecast_only_latw_audit_US-R5_forecast_only_10631,forecast_only,2022-10-06,10631,10,SON,,artifacts/splits/US_loro_kdate_splits.json,artifacts/regions/US_region_masks.nc,US,US-R5,US-R5,US-R5,target_context,12,0,surface,increment_rmse,0.006029579295303074,11620,1,0.0709228515625,hyperda_v4_final_2015_2025_context2022_query2023_2025_k0_4_12
forecast_only_latw_audit_US-R5,forecast_only_latw_audit_US-R5_forecast_only_10631,forecast_only,2022-10-06,10631,10,SON,,artifacts/splits/US_loro_kdate_splits.json,artifacts/regions/US_region_masks.nc,US,US-R5,US-R5,US-R5,target_context,12,0,surface,increment_mae,0.003689698329942362,11620,1,0.0709228515625,hyperda_v4_final_2015_2025_context2022_query2023_2025_k0_4_12
forecast_only_latw_audit_US-R5,forecast_only_latw_audit_US-R5_forecast_only_10631,forecast_only,2022-10-06,10631,10,SON,,artifacts/splits/US_loro_kdate_splits.json,artifacts/regions/US_region_masks.nc,US,US-R5,US-R5,US-R5,target_context,12,0,surface,increment_bias,-0.0005433064454239946,11620,1,0.0709228515625,hyperda_v4_final_2015_2025_context2022_query2023_2025_k0_4_12
forecast_only_latw_audit_US-R5,forecast_only_latw_audit_US-R5_forecast_only_10631,forecast_only,2022-10-06,10631,10,SON,,artifacts/splits/US_loro_kdate_splits.json,artifacts/regions/US_region_masks.nc,US,US-R5,US-R5,US-R5,target_context,12,0,surface,increment_corr,,11620,1,0.0709228515625,hyperda_v4_final_2015_2025_context2022_query2023_2025_k0_4_12
forecast_only_latw_audit_US-R5,forecast_only_latw_audit_US-R5_forecast_only_10631,forecast_only,2022-10-06,10631,10,SON,,artifacts/splits/US_loro_kdate_splits.json,artifacts/regions/US_region_masks.nc,US,US-R5,US-R5,US-R5,target_context,12,0,surface,sign_accuracy_deadzone,0.0,11620,1,0.0709228515625,hyperda_v4_final_2015_2025_context2022_query2023_2025_k0_4_12
forecast_only_latw_audit_US-R5,forecast_only_latw_audit_US-R5_forecast_only_10631,forecast_only,2022-10-06,10631,10,SON,,artifacts/splits/US_loro_kdate_splits.json,artifacts/regions/US_region_masks.nc,US,US-R5,US-R5,US-R5,target_context,12,0,surface,high_update_increment_skill,0.0,11620,1,0.0709228515625,hyperda_v4_final_2015_2025_context2022_query2023_2025_k0_4_12
forecast_only_latw_audit_US-R5,forecast_only_latw_audit_US-R5_forecast_only_10631,forecast_only,2022-10-06,10631,10,SON,,artifacts/splits/US_loro_kdate_splits.json,artifacts/regions/US_region_masks.nc,US,US-R5,US-R5,US-R5,target_context,12,0,surface,analysis_mse_latw,3.594295140896268e-05,11620,1,0.0709228515625,hyperda_v4_final_2015_2025_context2022_query2023_2025_k0_4_12
forecast_only_latw_audit_US-R5,forecast_only_latw_audit_US-R5_forecast_only_10631,forecast_only,2022-10-06,10631,10,SON,,artifacts/splits/US_loro_kdate_splits.json,artifacts/regions/US_region_masks.nc,US,US-R5,US-R5,US-R5,target_context,12,0,surface,analysis_rmse_latw,0.0059952440658377435,11620,1,0.0709228515625,hyperda_v4_final_2015_2025_context2022_query2023_2025_k0_4_12
forecast_only_latw_audit_US-R5,forecast_only_latw_audit_US-R5_forecast_only_10631,forecast_only,2022-10-06,10631,10,SON,,artifacts/splits/US_loro_kdate_splits.json,artifacts/regions/US_region_masks.nc,US,US-R5,US-R5,US-R5,target_context,12,0,surface,analysis_rmse_sqrt_before_time_avg_latw,0.0059952440658377435,11620,1,0.0709228515625,hyperda_v4_final_2015_2025_context2022_query2023_2025_k0_4_12
forecast_only_latw_audit_US-R5,forecast_only_latw_audit_US-R5_forecast_only_10631,forecast_only,2022-10-06,10631,10,SON,,artifacts/splits/US_loro_kdate_splits.json,artifacts/regions/US_region_masks.nc,US,US-R5,US-R5,US-R5,target_context,12,0,surface,analysis_skill_vs_forecast_latw,0.0,11620,1,0.0709228515625,hyperda_v4_final_2015_2025_context2022_query2023_2025_k0_4_12
forecast_only_latw_audit_US-R5,forecast_only_latw_audit_US-R5_forecast_only_10631,forecast_only,2022-10-06,10631,10,SON,,artifacts/splits/US_loro_kdate_splits.json,artifacts/regions/US_region_masks.nc,US,US-R5,US-R5,US-R5,target_context,12,0,surface,increment_mse_latw,3.594295141888462e-05,11620,1,0.0709228515625,hyperda_v4_final_2015_2025_context2022_query2023_2025_k0_4_12
forecast_only_latw_audit_US-R5,forecast_only_latw_audit_US-R5_forecast_only_10631,forecast_only,2022-10-06,10631,10,SON,,artifacts/splits/US_loro_kdate_splits.json,artifacts/regions/US_region_masks.nc,US,US-R5,US-R5,US-R5,target_context,12,0,surface,increment_rmse_latw,0.005995244066665227,11620,1,0.0709228515625,hyperda_v4_final_2015_2025_context2022_query2023_2025_k0_4_12
forecast_only_latw_audit_US-R5,forecast_only_latw_audit_US-R5_forecast_only_10631,forecast_only,2022-10-06,10631,10,SON,,artifacts/splits/US_loro_kdate_splits.json,artifacts/regions/US_region_masks.nc,US,US-R5,US-R5,US-R5,target_context,12,0,surface,increment_rmse_sqrt_before_time_avg_latw,0.005995244066665227,11620,1,0.0709228515625,hyperda_v4_final_2015_2025_context2022_query2023_2025_k0_4_12
forecast_only_latw_audit_US-R5,forecast_only_latw_audit_US-R5_forecast_only_10631,forecast_only,2022-10-06,10631,10,SON,,artifacts/splits/US_loro_kdate_splits.json,artifacts/regions/US_region_masks.nc,US,US-R5,US-R5,US-R5,target_context,12,0,surface,increment_mae_latw,0.0036612761201142,11620,1,0.0709228515625,hyperda_v4_final_2015_2025_context2022_query2023_2025_k0_4_12
forecast_only_latw_audit_US-R5,forecast_only_latw_audit_US-R5_forecast_only_10631,forecast_only,2022-10-06,10631,10,SON,,artifacts/splits/US_loro_kdate_splits.json,artifacts/regions/US_region_masks.nc,US,US-R5,US-R5,US-R5,target_context,12,0,surface,increment_bias_latw,-0.0005325659321190802,11620,1,0.0709228515625,hyperda_v4_final_2015_2025_context2022_query2023_2025_k0_4_12
forecast_only_latw_audit_US-R5,forecast_only_latw_audit_US-R5_forecast_only_10631,forecast_only,2022-10-06,10631,10,SON,,artifacts/splits/US_loro_kdate_splits.json,artifacts/regions/US_region_masks.nc,US,US-R5,US-R5,US-R5,target_context,12,0,surface,increment_corr_latw,,11620,1,0.0709228515625,hyperda_v4_final_2015_2025_context2022_query2023_2025_k0_4_12
forecast_only_latw_audit_US-R5,forecast_only_latw_audit_US-R5_forecast_only_10631,forecast_only,2022-10-06,10631,10,SON,,artifacts/splits/US_loro_kdate_splits.json,artifacts/regions/US_region_masks.nc,US,US-R5,US-R5,US-R5,target_context,12,0,rootzone,analysis_rmse,0.0004901017671314688,11620,1,0.0709228515625,hyperda_v4_final_2015_2025_context2022_query2023_2025_k0_4_12
forecast_only_latw_audit_US-R5,forecast_only_latw_audit_US-R5_forecast_only_10631,forecast_only,2022-10-06,10631,10,SON,,artifacts/splits/US_loro_kdate_splits.json,artifacts/regions/US_region_masks.nc,US,US-R5,US-R5,US-R5,target_context,12,0,rootzone,analysis_mae,0.00023666926549039075,11620,1,0.0709228515625,hyperda_v4_final_2015_2025_context2022_query2023_2025_k0_4_12
forecast_only_latw_audit_US-R5,forecast_only_latw_audit_US-R5_forecast_only_10631,forecast_only,2022-10-06,10631,10,SON,,artifacts/splits/US_loro_kdate_splits.json,artifacts/regions/US_region_masks.nc,US,US-R5,US-R5,US-R5,target_context,12,0,rootzone,analysis_skill_vs_forecast,0.0,11620,1,0.0709228515625,hyperda_v4_final_2015_2025_context2022_query2023_2025_k0_4_12
forecast_only_latw_audit_US-R5,forecast_only_latw_audit_US-R5_forecast_only_10631,forecast_only,2022-10-06,10631,10,SON,,artifacts/splits/US_loro_kdate_splits.json,artifacts/regions/US_region_masks.nc,US,US-R5,US-R5,US-R5,target_context,12,0,rootzone,increment_rmse,0.0004901017671314688,11620,1,0.0709228515625,hyperda_v4_final_2015_2025_context2022_query2023_2025_k0_4_12
forecast_only_latw_audit_US-R5,forecast_only_latw_audit_US-R5_forecast_only_10631,forecast_only,2022-10-06,10631,10,SON,,artifacts/splits/US_loro_kdate_splits.json,artifacts/regions/US_region_masks.nc,US,US-R5,US-R5,US-R5,target_context,12,0,rootzone,increment_mae,0.00023666926549039075,11620,1,0.0709228515625,hyperda_v4_final_2015_2025_context2022_query2023_2025_k0_4_12
forecast_only_latw_audit_US-R5,forecast_only_latw_audit_US-R5_forecast_only_10631,forecast_only,2022-10-06,10631,10,SON,,artifacts/splits/US_loro_kdate_splits.json,artifacts/regions/US_region_masks.nc,US,US-R5,US-R5,US-R5,target_context,12,0,rootzone,increment_bias,-6.071212420980614e-05,11620,1,0.0709228515625,hyperda_v4_final_2015_2025_context2022_query2023_2025_k0_4_12
forecast_only_latw_audit_US-R5,forecast_only_latw_audit_US-R5_forecast_only_10631,forecast_only,2022-10-06,10631,10,SON,,artifacts/splits/US_loro_kdate_splits.json,artifacts/regions/US_region_masks.nc,US,US-R5,US-R5,US-R5,target_context,12,0,rootzone,increment_corr,,11620,1,0.0709228515625,hyperda_v4_final_2015_2025_context2022_query2023_2025_k0_4_12
forecast_only_latw_audit_US-R5,forecast_only_latw_audit_US-R5_forecast_only_10631,forecast_only,2022-10-06,10631,10,SON,,artifacts/splits/US_loro_kdate_splits.json,artifacts/regions/US_region_masks.nc,US,US-R5,US-R5,US-R5,target_context,12,0,rootzone,sign_accuracy_deadzone,0.0,11620,1,0.0709228515625,hyperda_v4_final_2015_2025_context2022_query2023_2025_k0_4_12
forecast_only_latw_audit_US-R5,forecast_only_latw_audit_US-R5_forecast_only_10631,forecast_only,2022-10-06,10631,10,SON,,artifacts/splits/US_loro_kdate_splits.json,artifacts/regions/US_region_masks.nc,US,US-R5,US-R5,US-R5,target_context,12,0,rootzone,high_update_increment_skill,0.0,11620,1,0.0709228515625,hyperda_v4_final_2015_2025_context2022_query2023_2025_k0_4_12
forecast_only_latw_audit_US-R5,forecast_only_latw_audit_US-R5_forecast_only_10631,forecast_only,2022-10-06,10631,10,SON,,artifacts/splits/US_loro_kdate_splits.json,artifacts/regions/US_region_masks.nc,US,US-R5,US-R5,US-R5,target_context,12,0,rootzone,analysis_mse_latw,2.4030261527559144e-07,11620,1,0.0709228515625,hyperda_v4_final_2015_2025_context2022_query2023_2025_k0_4_12
forecast_only_latw_audit_US-R5,forecast_only_latw_audit_US-R5_forecast_only_10631,forecast_only,2022-10-06,10631,10,SON,,artifacts/splits/US_loro_kdate_splits.json,artifacts/regions/US_region_masks.nc,US,US-R5,US-R5,US-R5,target_context,12,0,rootzone,analysis_rmse_latw,0.0004902067066815707,11620,1,0.0709228515625,hyperda_v4_final_2015_2025_context2022_query2023_2025_k0_4_12
forecast_only_latw_audit_US-R5,forecast_only_latw_audit_US-R5_forecast_only_10631,forecast_only,2022-10-06,10631,10,SON,,artifacts/splits/US_loro_kdate_splits.json,artifacts/regions/US_region_masks.nc,US,US-R5,US-R5,US-R5,target_context,12,0,rootzone,analysis_rmse_sqrt_before_time_avg_latw,0.0004902067066815707,11620,1,0.0709228515625,hyperda_v4_final_2015_2025_context2022_query2023_2025_k0_4_12
forecast_only_latw_audit_US-R5,forecast_only_latw_audit_US-R5_forecast_only_10631,forecast_only,2022-10-06,10631,10,SON,,artifacts/splits/US_loro_kdate_splits.json,artifacts/regions/US_region_masks.nc,US,US-R5,US-R5,US-R5,target_context,12,0,rootzone,analysis_skill_vs_forecast_latw,0.0,11620,1,0.0709228515625,hyperda_v4_final_2015_2025_context2022_query2023_2025_k0_4_12
forecast_only_latw_audit_US-R5,forecast_only_latw_audit_US-R5_forecast_only_10631,forecast_only,2022-10-06,10631,10,SON,,artifacts/splits/US_loro_kdate_splits.json,artifacts/regions/US_region_masks.nc,US,US-R5,US-R5,US-R5,target_context,12,0,rootzone,increment_mse_latw,2.4030261527559144e-07,11620,1,0.0709228515625,hyperda_v4_final_2015_2025_context2022_query2023_2025_k0_4_12
forecast_only_latw_audit_US-R5,forecast_only_latw_audit_US-R5_forecast_only_10631,forecast_only,2022-10-06,10631,10,SON,,artifacts/splits/US_loro_kdate_splits.json,artifacts/regions/US_region_masks.nc,US,US-R5,US-R5,US-R5,target_context,12,0,rootzone,increment_rmse_latw,0.0004902067066815707,11620,1,0.0709228515625,hyperda_v4_final_2015_2025_context2022_query2023_2025_k0_4_12
forecast_only_latw_audit_US-R5,forecast_only_latw_audit_US-R5_forecast_only_10631,forecast_only,2022-10-06,10631,10,SON,,artifacts/splits/US_loro_kdate_splits.json,artifacts/regions/US_region_masks.nc,US,US-R5,US-R5,US-R5,target_context,12,0,rootzone,increment_rmse_sqrt_before_time_avg_latw,0.0004902067066815707,11620,1,0.0709228515625,hyperda_v4_final_2015_2025_context2022_query2023_2025_k0_4_12
forecast_only_latw_audit_US-R5,forecast_only_latw_audit_US-R5_forecast_only_10631,forecast_only,2022-10-06,10631,10,SON,,artifacts/splits/US_loro_kdate_splits.json,artifacts/regions/US_region_masks.nc,US,US-R5,US-R5,US-R5,target_context,12,0,rootzone,increment_mae_latw,0.00023545504018394027,11620,1,0.0709228515625,hyperda_v4_final_2015_2025_context2022_query2023_2025_k0_4_12
forecast_only_latw_audit_US-R5,forecast_only_latw_audit_US-R5_forecast_only_10631,forecast_only,2022-10-06,10631,10,SON,,artifacts/splits/US_loro_kdate_splits.json,artifacts/regions/US_region_masks.nc,US,US-R5,US-R5,US-R5,target_context,12,0,rootzone,increment_bias_latw,-6.026018560153313e-05,11620,1,0.0709228515625,hyperda_v4_final_2015_2025_context2022_query2023_2025_k0_4_12
forecast_only_latw_audit_US-R5,forecast_only_latw_audit_US-R5_forecast_only_10631,forecast_only,2022-10-06,10631,10,SON,,artifacts/splits/US_loro_kdate_splits.json,artifacts/regions/US_region_masks.nc,US,US-R5,US-R5,US-R5,target_context,12,0,rootzone,increment_corr_latw,,11620,1,0.0709228515625,hyperda_v4_final_2015_2025_context2022_query2023_2025_k0_4_12
forecast_only_latw_audit_US-R5,forecast_only_latw_audit_US-R5_forecast_only_10802,forecast_only,2022-11-19,10802,11,SON,,artifacts/splits/US_loro_kdate_splits.json,artifacts/regions/US_region_masks.nc,US,US-R5,US-R5,US-R5,target_context,12,0,surface,analysis_rmse,0.005924051942314224,11620,1,0.0709228515625,hyperda_v4_final_2015_2025_context2022_query2023_2025_k0_4_12
forecast_only_latw_audit_US-R5,forecast_only_latw_audit_US-R5_forecast_only_10802,forecast_only,2022-11-19,10802,11,SON,,artifacts/splits/US_loro_kdate_splits.json,artifacts/regions/US_region_masks.nc,US,US-R5,US-R5,US-R5,target_context,12,0,surface,analysis_mae,0.003336644699082112,11620,1,0.0709228515625,hyperda_v4_final_2015_2025_context2022_query2023_2025_k0_4_12
forecast_only_latw_audit_US-R5,forecast_only_latw_audit_US-R5_forecast_only_10802,forecast_only,2022-11-19,10802,11,SON,,artifacts/splits/US_loro_kdate_splits.json,artifacts/regions/US_region_masks.nc,US,US-R5,US-R5,US-R5,target_context,12,0,surface,analysis_skill_vs_forecast,0.0,11620,1,0.0709228515625,hyperda_v4_final_2015_2025_context2022_query2023_2025_k0_4_12
forecast_only_latw_audit_US-R5,forecast_only_latw_audit_US-R5_forecast_only_10802,forecast_only,2022-11-19,10802,11,SON,,artifacts/splits/US_loro_kdate_splits.json,artifacts/regions/US_region_masks.nc,US,US-R5,US-R5,US-R5,target_context,12,0,surface,increment_rmse,0.005924051942314224,11620,1,0.0709228515625,hyperda_v4_final_2015_2025_context2022_query2023_2025_k0_4_12
forecast_only_latw_audit_US-R5,forecast_only_latw_audit_US-R5_forecast_only_10802,forecast_only,2022-11-19,10802,11,SON,,artifacts/splits/US_loro_kdate_splits.json,artifacts/regions/US_region_masks.nc,US,US-R5,US-R5,US-R5,target_context,12,0,surface,increment_mae,0.003336644699082112,11620,1,0.0709228515625,hyperda_v4_final_2015_2025_context2022_query2023_2025_k0_4_12
forecast_only_latw_audit_US-R5,forecast_only_latw_audit_US-R5_forecast_only_10802,forecast_only,2022-11-19,10802,11,SON,,artifacts/splits/US_loro_kdate_splits.json,artifacts/regions/US_region_masks.nc,US,US-R5,US-R5,US-R5,target_context,12,0,surface,increment_bias,-0.0016729811248137084,11620,1,0.0709228515625,hyperda_v4_final_2015_2025_context2022_query2023_2025_k0_4_12
forecast_only_latw_audit_US-R5,forecast_only_latw_audit_US-R5_forecast_only_10802,forecast_only,2022-11-19,10802,11,SON,,artifacts/splits/US_loro_kdate_splits.json,artifacts/regions/US_region_masks.nc,US,US-R5,US-R5,US-R5,target_context,12,0,surface,increment_corr,,11620,1,0.0709228515625,hyperda_v4_final_2015_2025_context2022_query2023_2025_k0_4_12
forecast_only_latw_audit_US-R5,forecast_only_latw_audit_US-R5_forecast_only_10802,forecast_only,2022-11-19,10802,11,SON,,artifacts/splits/US_loro_kdate_splits.json,artifacts/regions/US_region_masks.nc,US,US-R5,US-R5,US-R5,target_context,12,0,surface,sign_accuracy_deadzone,0.0,11620,1,0.0709228515625,hyperda_v4_final_2015_2025_context2022_query2023_2025_k0_4_12
forecast_only_latw_audit_US-R5,forecast_only_latw_audit_US-R5_forecast_only_10802,forecast_only,2022-11-19,10802,11,SON,,artifacts/splits/US_loro_kdate_splits.json,artifacts/regions/US_region_masks.nc,US,US-R5,US-R5,US-R5,target_context,12,0,surface,high_update_increment_skill,0.0,11620,1,0.0709228515625,hyperda_v4_final_2015_2025_context2022_query2023_2025_k0_4_12
forecast_only_latw_audit_US-R5,forecast_only_latw_audit_US-R5_forecast_only_10802,forecast_only,2022-11-19,10802,11,SON,,artifacts/splits/US_loro_kdate_splits.json,artifacts/regions/US_region_masks.nc,US,US-R5,US-R5,US-R5,target_context,12,0,surface,analysis_mse_latw,3.460194538482642e-05,11620,1,0.0709228515625,hyperda_v4_final_2015_2025_context2022_query2023_2025_k0_4_12
forecast_only_latw_audit_US-R5,forecast_only_latw_audit_US-R5_forecast_only_10802,forecast_only,2022-11-19,10802,11,SON,,artifacts/splits/US_loro_kdate_splits.json,artifacts/regions/US_region_masks.nc,US,US-R5,US-R5,US-R5,target_context,12,0,surface,analysis_rmse_latw,0.005882341828287984,11620,1,0.0709228515625,hyperda_v4_final_2015_2025_context2022_query2023_2025_k0_4_12
forecast_only_latw_audit_US-R5,forecast_only_latw_audit_US-R5_forecast_only_10802,forecast_only,2022-11-19,10802,11,SON,,artifacts/splits/US_loro_kdate_splits.json,artifacts/regions/US_region_masks.nc,US,US-R5,US-R5,US-R5,target_context,12,0,surface,analysis_rmse_sqrt_before_time_avg_latw,0.005882341828287984,11620,1,0.0709228515625,hyperda_v4_final_2015_2025_context2022_query2023_2025_k0_4_12
forecast_only_latw_audit_US-R5,forecast_only_latw_audit_US-R5_forecast_only_10802,forecast_only,2022-11-19,10802,11,SON,,artifacts/splits/US_loro_kdate_splits.json,artifacts/regions/US_region_masks.nc,US,US-R5,US-R5,US-R5,target_context,12,0,surface,analysis_skill_vs_forecast_latw,0.0,11620,1,0.0709228515625,hyperda_v4_final_2015_2025_context2022_query2023_2025_k0_4_12
forecast_only_latw_audit_US-R5,forecast_only_latw_audit_US-R5_forecast_only_10802,forecast_only,2022-11-19,10802,11,SON,,artifacts/splits/US_loro_kdate_splits.json,artifacts/regions/US_region_masks.nc,US,US-R5,US-R5,US-R5,target_context,12,0,surface,increment_mse_latw,3.460194538482642e-05,11620,1,0.0709228515625,hyperda_v4_final_2015_2025_context2022_query2023_2025_k0_4_12
forecast_only_latw_audit_US-R5,forecast_only_latw_audit_US-R5_forecast_only_10802,forecast_only,2022-11-19,10802,11,SON,,artifacts/splits/US_loro_kdate_splits.json,artifacts/regions/US_region_masks.nc,US,US-R5,US-R5,US-R5,target_context,12,0,surface,increment_rmse_latw,0.005882341828287984,11620,1,0.0709228515625,hyperda_v4_final_2015_2025_context2022_query2023_2025_k0_4_12
forecast_only_latw_audit_US-R5,forecast_only_latw_audit_US-R5_forecast_only_10802,forecast_only,2022-11-19,10802,11,SON,,artifacts/splits/US_loro_kdate_splits.json,artifacts/regions/US_region_masks.nc,US,US-R5,US-R5,US-R5,target_context,12,0,surface,increment_rmse_sqrt_before_time_avg_latw,0.005882341828287984,11620,1,0.0709228515625,hyperda_v4_final_2015_2025_context2022_query2023_2025_k0_4_12
forecast_only_latw_audit_US-R5,forecast_only_latw_audit_US-R5_forecast_only_10802,forecast_only,2022-11-19,10802,11,SON,,artifacts/splits/US_loro_kdate_splits.json,artifacts/regions/US_region_masks.nc,US,US-R5,US-R5,US-R5,target_context,12,0,surface,increment_mae_latw,0.003305102152557661,11620,1,0.0709228515625,hyperda_v4_final_2015_2025_context2022_query2023_2025_k0_4_12
forecast_only_latw_audit_US-R5,forecast_only_latw_audit_US-R5_forecast_only_10802,forecast_only,2022-11-19,10802,11,SON,,artifacts/splits/US_loro_kdate_splits.json,artifacts/regions/US_region_masks.nc,US,US-R5,US-R5,US-R5,target_context,12,0,surface,increment_bias_latw,-0.0016610736275197472,11620,1,0.0709228515625,hyperda_v4_final_2015_2025_context2022_query2023_2025_k0_4_12
forecast_only_latw_audit_US-R5,forecast_only_latw_audit_US-R5_forecast_only_10802,forecast_only,2022-11-19,10802,11,SON,,artifacts/splits/US_loro_kdate_splits.json,artifacts/regions/US_region_masks.nc,US,US-R5,US-R5,US-R5,target_context,12,0,surface,increment_corr_latw,,11620,1,0.0709228515625,hyperda_v4_final_2015_2025_context2022_query2023_2025_k0_4_12
forecast_only_latw_audit_US-R5,forecast_only_latw_audit_US-R5_forecast_only_10802,forecast_only,2022-11-19,10802,11,SON,,artifacts/splits/US_loro_kdate_splits.json,artifacts/regions/US_region_masks.nc,US,US-R5,US-R5,US-R5,target_context,12,0,rootzone,analysis_rmse,0.0004909449529712124,11620,1,0.0709228515625,hyperda_v4_final_2015_2025_context2022_query2023_2025_k0_4_12
forecast_only_latw_audit_US-R5,forecast_only_latw_audit_US-R5_forecast_only_10802,forecast_only,2022-11-19,10802,11,SON,,artifacts/splits/US_loro_kdate_splits.json,artifacts/regions/US_region_masks.nc,US,US-R5,US-R5,US-R5,target_context,12,0,rootzone,analysis_mae,0.00024206914751439415,11620,1,0.0709228515625,hyperda_v4_final_2015_2025_context2022_query2023_2025_k0_4_12
forecast_only_latw_audit_US-R5,forecast_only_latw_audit_US-R5_forecast_only_10802,forecast_only,2022-11-19,10802,11,SON,,artifacts/splits/US_loro_kdate_splits.json,artifacts/regions/US_region_masks.nc,US,US-R5,US-R5,US-R5,target_context,12,0,rootzone,analysis_skill_vs_forecast,0.0,11620,1,0.0709228515625,hyperda_v4_final_2015_2025_context2022_query2023_2025_k0_4_12
forecast_only_latw_audit_US-R5,forecast_only_latw_audit_US-R5_forecast_only_10802,forecast_only,2022-11-19,10802,11,SON,,artifacts/splits/US_loro_kdate_splits.json,artifacts/regions/US_region_masks.nc,US,US-R5,US-R5,US-R5,target_context,12,0,rootzone,increment_rmse,0.0004909449529712124,11620,1,0.0709228515625,hyperda_v4_final_2015_2025_context2022_query2023_2025_k0_4_12
forecast_only_latw_audit_US-R5,forecast_only_latw_audit_US-R5_forecast_only_10802,forecast_only,2022-11-19,10802,11,SON,,artifacts/splits/US_loro_kdate_splits.json,artifacts/regions/US_region_masks.nc,US,US-R5,US-R5,US-R5,target_context,12,0,rootzone,increment_mae,0.00024206914751439415,11620,1,0.0709228515625,hyperda_v4_final_2015_2025_context2022_query2023_2025_k0_4_12
forecast_only_latw_audit_US-R5,forecast_only_latw_audit_US-R5_forecast_only_10802,forecast_only,2022-11-19,10802,11,SON,,artifacts/splits/US_loro_kdate_splits.json,artifacts/regions/US_region_masks.nc,US,US-R5,US-R5,US-R5,target_context,12,0,rootzone,increment_bias,-0.00011586167123457241,11620,1,0.0709228515625,hyperda_v4_final_2015_2025_context2022_query2023_2025_k0_4_12
forecast_only_latw_audit_US-R5,forecast_only_latw_audit_US-R5_forecast_only_10802,forecast_only,2022-11-19,10802,11,SON,,artifacts/splits/US_loro_kdate_splits.json,artifacts/regions/US_region_masks.nc,US,US-R5,US-R5,US-R5,target_context,12,0,rootzone,increment_corr,,11620,1,0.0709228515625,hyperda_v4_final_2015_2025_context2022_query2023_2025_k0_4_12
forecast_only_latw_audit_US-R5,forecast_only_latw_audit_US-R5_forecast_only_10802,forecast_only,2022-11-19,10802,11,SON,,artifacts/splits/US_loro_kdate_splits.json,artifacts/regions/US_region_masks.nc,US,US-R5,US-R5,US-R5,target_context,12,0,rootzone,sign_accuracy_deadzone,0.0,11620,1,0.0709228515625,hyperda_v4_final_2015_2025_context2022_query2023_2025_k0_4_12
forecast_only_latw_audit_US-R5,forecast_only_latw_audit_US-R5_forecast_only_10802,forecast_only,2022-11-19,10802,11,SON,,artifacts/splits/US_loro_kdate_splits.json,artifacts/regions/US_region_masks.nc,US,US-R5,US-R5,US-R5,target_context,12,0,rootzone,high_update_increment_skill,0.0,11620,1,0.0709228515625,hyperda_v4_final_2015_2025_context2022_query2023_2025_k0_4_12
forecast_only_latw_audit_US-R5,forecast_only_latw_audit_US-R5_forecast_only_10802,forecast_only,2022-11-19,10802,11,SON,,artifacts/splits/US_loro_kdate_splits.json,artifacts/regions/US_region_masks.nc,US,US-R5,US-R5,US-R5,target_context,12,0,rootzone,analysis_mse_latw,2.4054818157587503e-07,11620,1,0.0709228515625,hyperda_v4_final_2015_2025_context2022_query2023_2025_k0_4_12
forecast_only_latw_audit_US-R5,forecast_only_latw_audit_US-R5_forecast_only_10802,forecast_only,2022-11-19,10802,11,SON,,artifacts/splits/US_loro_kdate_splits.json,artifacts/regions/US_region_masks.nc,US,US-R5,US-R5,US-R5,target_context,12,0,rootzone,analysis_rmse_latw,0.0004904571149202293,11620,1,0.0709228515625,hyperda_v4_final_2015_2025_context2022_query2023_2025_k0_4_12
forecast_only_latw_audit_US-R5,forecast_only_latw_audit_US-R5_forecast_only_10802,forecast_only,2022-11-19,10802,11,SON,,artifacts/splits/US_loro_kdate_splits.json,artifacts/regions/US_region_masks.nc,US,US-R5,US-R5,US-R5,target_context,12,0,rootzone,analysis_rmse_sqrt_before_time_avg_latw,0.0004904571149202293,11620,1,0.0709228515625,hyperda_v4_final_2015_2025_context2022_query2023_2025_k0_4_12
forecast_only_latw_audit_US-R5,forecast_only_latw_audit_US-R5_forecast_only_10802,forecast_only,2022-11-19,10802,11,SON,,artifacts/splits/US_loro_kdate_splits.json,artifacts/regions/US_region_masks.nc,US,US-R5,US-R5,US-R5,target_context,12,0,rootzone,analysis_skill_vs_forecast_latw,0.0,11620,1,0.0709228515625,hyperda_v4_final_2015_2025_context2022_query2023_2025_k0_4_12
forecast_only_latw_audit_US-R5,forecast_only_latw_audit_US-R5_forecast_only_10802,forecast_only,2022-11-19,10802,11,SON,,artifacts/splits/US_loro_kdate_splits.json,artifacts/regions/US_region_masks.nc,US,US-R5,US-R5,US-R5,target_context,12,0,rootzone,increment_mse_latw,2.4054818157587503e-07,11620,1,0.0709228515625,hyperda_v4_final_2015_2025_context2022_query2023_2025_k0_4_12
forecast_only_latw_audit_US-R5,forecast_only_latw_audit_US-R5_forecast_only_10802,forecast_only,2022-11-19,10802,11,SON,,artifacts/splits/US_loro_kdate_splits.json,artifacts/regions/US_region_masks.nc,US,US-R5,US-R5,US-R5,target_context,12,0,rootzone,increment_rmse_latw,0.0004904571149202293,11620,1,0.0709228515625,hyperda_v4_final_2015_2025_context2022_query2023_2025_k0_4_12
forecast_only_latw_audit_US-R5,forecast_only_latw_audit_US-R5_forecast_only_10802,forecast_only,2022-11-19,10802,11,SON,,artifacts/splits/US_loro_kdate_splits.json,artifacts/regions/US_region_masks.nc,US,US-R5,US-R5,US-R5,target_context,12,0,rootzone,increment_rmse_sqrt_before_time_avg_latw,0.0004904571149202293,11620,1,0.0709228515625,hyperda_v4_final_2015_2025_context2022_query2023_2025_k0_4_12
forecast_only_latw_audit_US-R5,forecast_only_latw_audit_US-R5_forecast_only_10802,forecast_only,2022-11-19,10802,11,SON,,artifacts/splits/US_loro_kdate_splits.json,artifacts/regions/US_region_masks.nc,US,US-R5,US-R5,US-R5,target_context,12,0,rootzone,increment_mae_latw,0.0002401934626214648,11620,1,0.0709228515625,hyperda_v4_final_2015_2025_context2022_query2023_2025_k0_4_12
forecast_only_latw_audit_US-R5,forecast_only_latw_audit_US-R5_forecast_only_10802,forecast_only,2022-11-19,10802,11,SON,,artifacts/splits/US_loro_kdate_splits.json,artifacts/regions/US_region_masks.nc,US,US-R5,US-R5,US-R5,target_context,12,0,rootzone,increment_bias_latw,-0.00011520307083661564,11620,1,0.0709228515625,hyperda_v4_final_2015_2025_context2022_query2023_2025_k0_4_12
forecast_only_latw_audit_US-R5,forecast_only_latw_audit_US-R5_forecast_only_10802,forecast_only,2022-11-19,10802,11,SON,,artifacts/splits/US_loro_kdate_splits.json,artifacts/regions/US_region_masks.nc,US,US-R5,US-R5,US-R5,target_context,12,0,rootzone,increment_corr_latw,,11620,1,0.0709228515625,hyperda_v4_final_2015_2025_context2022_query2023_2025_k0_4_12
forecast_only_latw_audit_US-R5,forecast_only_latw_audit_US-R5_forecast_only_10894,forecast_only,2022-12-13,10894,12,DJF,,artifacts/splits/US_loro_kdate_splits.json,artifacts/regions/US_region_masks.nc,US,US-R5,US-R5,US-R5,target_context,12,0,surface,analysis_rmse,0.005118743753266927,11620,1,0.0709228515625,hyperda_v4_final_2015_2025_context2022_query2023_2025_k0_4_12
forecast_only_latw_audit_US-R5,forecast_only_latw_audit_US-R5_forecast_only_10894,forecast_only,2022-12-13,10894,12,DJF,,artifacts/splits/US_loro_kdate_splits.json,artifacts/regions/US_region_masks.nc,US,US-R5,US-R5,US-R5,target_context,12,0,surface,analysis_mae,0.0032889914492116325,11620,1,0.0709228515625,hyperda_v4_final_2015_2025_context2022_query2023_2025_k0_4_12
forecast_only_latw_audit_US-R5,forecast_only_latw_audit_US-R5_forecast_only_10894,forecast_only,2022-12-13,10894,12,DJF,,artifacts/splits/US_loro_kdate_splits.json,artifacts/regions/US_region_masks.nc,US,US-R5,US-R5,US-R5,target_context,12,0,surface,analysis_skill_vs_forecast,0.0,11620,1,0.0709228515625,hyperda_v4_final_2015_2025_context2022_query2023_2025_k0_4_12
forecast_only_latw_audit_US-R5,forecast_only_latw_audit_US-R5_forecast_only_10894,forecast_only,2022-12-13,10894,12,DJF,,artifacts/splits/US_loro_kdate_splits.json,artifacts/regions/US_region_masks.nc,US,US-R5,US-R5,US-R5,target_context,12,0,surface,increment_rmse,0.005118743753266927,11620,1,0.0709228515625,hyperda_v4_final_2015_2025_context2022_query2023_2025_k0_4_12
forecast_only_latw_audit_US-R5,forecast_only_latw_audit_US-R5_forecast_only_10894,forecast_only,2022-12-13,10894,12,DJF,,artifacts/splits/US_loro_kdate_splits.json,artifacts/regions/US_region_masks.nc,US,US-R5,US-R5,US-R5,target_context,12,0,surface,increment_mae,0.0032889914492116325,11620,1,0.0709228515625,hyperda_v4_final_2015_2025_context2022_query2023_2025_k0_4_12
forecast_only_latw_audit_US-R5,forecast_only_latw_audit_US-R5_forecast_only_10894,forecast_only,2022-12-13,10894,12,DJF,,artifacts/splits/US_loro_kdate_splits.json,artifacts/regions/US_region_masks.nc,US,US-R5,US-R5,US-R5,target_context,12,0,surface,increment_bias,0.002891010996242809,11620,1,0.0709228515625,hyperda_v4_final_2015_2025_context2022_query2023_2025_k0_4_12
forecast_only_latw_audit_US-R5,forecast_only_latw_audit_US-R5_forecast_only_10894,forecast_only,2022-12-13,10894,12,DJF,,artifacts/splits/US_loro_kdate_splits.json,artifacts/regions/US_region_masks.nc,US,US-R5,US-R5,US-R5,target_context,12,0,surface,increment_corr,,11620,1,0.0709228515625,hyperda_v4_final_2015_2025_context2022_query2023_2025_k0_4_12
forecast_only_latw_audit_US-R5,forecast_only_latw_audit_US-R5_forecast_only_10894,forecast_only,2022-12-13,10894,12,DJF,,artifacts/splits/US_loro_kdate_splits.json,artifacts/regions/US_region_masks.nc,US,US-R5,US-R5,US-R5,target_context,12,0,surface,sign_accuracy_deadzone,0.0,11620,1,0.0709228515625,hyperda_v4_final_2015_2025_context2022_query2023_2025_k0_4_12
forecast_only_latw_audit_US-R5,forecast_only_latw_audit_US-R5_forecast_only_10894,forecast_only,2022-12-13,10894,12,DJF,,artifacts/splits/US_loro_kdate_splits.json,artifacts/regions/US_region_masks.nc,US,US-R5,US-R5,US-R5,target_context,12,0,surface,high_update_increment_skill,0.0,11620,1,0.0709228515625,hyperda_v4_final_2015_2025_context2022_query2023_2025_k0_4_12
forecast_only_latw_audit_US-R5,forecast_only_latw_audit_US-R5_forecast_only_10894,forecast_only,2022-12-13,10894,12,DJF,,artifacts/splits/US_loro_kdate_splits.json,artifacts/regions/US_region_masks.nc,US,US-R5,US-R5,US-R5,target_context,12,0,surface,analysis_mse_latw,2.616376492090805e-05,11620,1,0.0709228515625,hyperda_v4_final_2015_2025_context2022_query2023_2025_k0_4_12
forecast_only_latw_audit_US-R5,forecast_only_latw_audit_US-R5_forecast_only_10894,forecast_only,2022-12-13,10894,12,DJF,,artifacts/splits/US_loro_kdate_splits.json,artifacts/regions/US_region_masks.nc,US,US-R5,US-R5,US-R5,target_context,12,0,surface,analysis_rmse_latw,0.005115052777920092,11620,1,0.0709228515625,hyperda_v4_final_2015_2025_context2022_query2023_2025_k0_4_12
forecast_only_latw_audit_US-R5,forecast_only_latw_audit_US-R5_forecast_only_10894,forecast_only,2022-12-13,10894,12,DJF,,artifacts/splits/US_loro_kdate_splits.json,artifacts/regions/US_region_masks.nc,US,US-R5,US-R5,US-R5,target_context,12,0,surface,analysis_rmse_sqrt_before_time_avg_latw,0.005115052777920092,11620,1,0.0709228515625,hyperda_v4_final_2015_2025_context2022_query2023_2025_k0_4_12
forecast_only_latw_audit_US-R5,forecast_only_latw_audit_US-R5_forecast_only_10894,forecast_only,2022-12-13,10894,12,DJF,,artifacts/splits/US_loro_kdate_splits.json,artifacts/regions/US_region_masks.nc,US,US-R5,US-R5,US-R5,target_context,12,0,surface,analysis_skill_vs_forecast_latw,0.0,11620,1,0.0709228515625,hyperda_v4_final_2015_2025_context2022_query2023_2025_k0_4_12
forecast_only_latw_audit_US-R5,forecast_only_latw_audit_US-R5_forecast_only_10894,forecast_only,2022-12-13,10894,12,DJF,,artifacts/splits/US_loro_kdate_splits.json,artifacts/regions/US_region_masks.nc,US,US-R5,US-R5,US-R5,target_context,12,0,surface,increment_mse_latw,2.616376492090805e-05,11620,1,0.0709228515625,hyperda_v4_final_2015_2025_context2022_query2023_2025_k0_4_12
forecast_only_latw_audit_US-R5,forecast_only_latw_audit_US-R5_forecast_only_10894,forecast_only,2022-12-13,10894,12,DJF,,artifacts/splits/US_loro_kdate_splits.json,artifacts/regions/US_region_masks.nc,US,US-R5,US-R5,US-R5,target_context,12,0,surface,increment_rmse_latw,0.005115052777920092,11620,1,0.0709228515625,hyperda_v4_final_2015_2025_context2022_query2023_2025_k0_4_12
forecast_only_latw_audit_US-R5,forecast_only_latw_audit_US-R5_forecast_only_10894,forecast_only,2022-12-13,10894,12,DJF,,artifacts/splits/US_loro_kdate_splits.json,artifacts/regions/US_region_masks.nc,US,US-R5,US-R5,US-R5,target_context,12,0,surface,increment_rmse_sqrt_before_time_avg_latw,0.005115052777920092,11620,1,0.0709228515625,hyperda_v4_final_2015_2025_context2022_query2023_2025_k0_4_12
forecast_only_latw_audit_US-R5,forecast_only_latw_audit_US-R5_forecast_only_10894,forecast_only,2022-12-13,10894,12,DJF,,artifacts/splits/US_loro_kdate_splits.json,artifacts/regions/US_region_masks.nc,US,US-R5,US-R5,US-R5,target_context,12,0,surface,increment_mae_latw,0.0032739991304971444,11620,1,0.0709228515625,hyperda_v4_final_2015_2025_context2022_query2023_2025_k0_4_12
forecast_only_latw_audit_US-R5,forecast_only_latw_audit_US-R5_forecast_only_10894,forecast_only,2022-12-13,10894,12,DJF,,artifacts/splits/US_loro_kdate_splits.json,artifacts/regions/US_region_masks.nc,US,US-R5,US-R5,US-R5,target_context,12,0,surface,increment_bias_latw,0.002874245457622005,11620,1,0.0709228515625,hyperda_v4_final_2015_2025_context2022_query2023_2025_k0_4_12
forecast_only_latw_audit_US-R5,forecast_only_latw_audit_US-R5_forecast_only_10894,forecast_only,2022-12-13,10894,12,DJF,,artifacts/splits/US_loro_kdate_splits.json,artifacts/regions/US_region_masks.nc,US,US-R5,US-R5,US-R5,target_context,12,0,surface,increment_corr_latw,,11620,1,0.0709228515625,hyperda_v4_final_2015_2025_context2022_query2023_2025_k0_4_12
forecast_only_latw_audit_US-R5,forecast_only_latw_audit_US-R5_forecast_only_10894,forecast_only,2022-12-13,10894,12,DJF,,artifacts/splits/US_loro_kdate_splits.json,artifacts/regions/US_region_masks.nc,US,US-R5,US-R5,US-R5,target_context,12,0,rootzone,analysis_rmse,0.0004655307482189335,11620,1,0.0709228515625,hyperda_v4_final_2015_2025_context2022_query2023_2025_k0_4_12
forecast_only_latw_audit_US-R5,forecast_only_latw_audit_US-R5_forecast_only_10894,forecast_only,2022-12-13,10894,12,DJF,,artifacts/splits/US_loro_kdate_splits.json,artifacts/regions/US_region_masks.nc,US,US-R5,US-R5,US-R5,target_context,12,0,rootzone,analysis_mae,0.0002899606078991381,11620,1,0.0709228515625,hyperda_v4_final_2015_2025_context2022_query2023_2025_k0_4_12
forecast_only_latw_audit_US-R5,forecast_only_latw_audit_US-R5_forecast_only_10894,forecast_only,2022-12-13,10894,12,DJF,,artifacts/splits/US_loro_kdate_splits.json,artifacts/regions/US_region_masks.nc,US,US-R5,US-R5,US-R5,target_context,12,0,rootzone,analysis_skill_vs_forecast,0.0,11620,1,0.0709228515625,hyperda_v4_final_2015_2025_context2022_query2023_2025_k0_4_12
forecast_only_latw_audit_US-R5,forecast_only_latw_audit_US-R5_forecast_only_10894,forecast_only,2022-12-13,10894,12,DJF,,artifacts/splits/US_loro_kdate_splits.json,artifacts/regions/US_region_masks.nc,US,US-R5,US-R5,US-R5,target_context,12,0,rootzone,increment_rmse,0.0004655307482189335,11620,1,0.0709228515625,hyperda_v4_final_2015_2025_context2022_query2023_2025_k0_4_12
forecast_only_latw_audit_US-R5,forecast_only_latw_audit_US-R5_forecast_only_10894,forecast_only,2022-12-13,10894,12,DJF,,artifacts/splits/US_loro_kdate_splits.json,artifacts/regions/US_region_masks.nc,US,US-R5,US-R5,US-R5,target_context,12,0,rootzone,increment_mae,0.0002899606078991381,11620,1,0.0709228515625,hyperda_v4_final_2015_2025_context2022_query2023_2025_k0_4_12
forecast_only_latw_audit_US-R5,forecast_only_latw_audit_US-R5_forecast_only_10894,forecast_only,2022-12-13,10894,12,DJF,,artifacts/splits/US_loro_kdate_splits.json,artifacts/regions/US_region_masks.nc,US,US-R5,US-R5,US-R5,target_context,12,0,rootzone,increment_bias,0.00024578340011753027,11620,1,0.0709228515625,hyperda_v4_final_2015_2025_context2022_query2023_2025_k0_4_12
forecast_only_latw_audit_US-R5,forecast_only_latw_audit_US-R5_forecast_only_10894,forecast_only,2022-12-13,10894,12,DJF,,artifacts/splits/US_loro_kdate_splits.json,artifacts/regions/US_region_masks.nc,US,US-R5,US-R5,US-R5,target_context,12,0,rootzone,increment_corr,,11620,1,0.0709228515625,hyperda_v4_final_2015_2025_context2022_query2023_2025_k0_4_12
forecast_only_latw_audit_US-R5,forecast_only_latw_audit_US-R5_forecast_only_10894,forecast_only,2022-12-13,10894,12,DJF,,artifacts/splits/US_loro_kdate_splits.json,artifacts/regions/US_region_masks.nc,US,US-R5,US-R5,US-R5,target_context,12,0,rootzone,sign_accuracy_deadzone,0.0,11620,1,0.0709228515625,hyperda_v4_final_2015_2025_context2022_query2023_2025_k0_4_12
forecast_only_latw_audit_US-R5,forecast_only_latw_audit_US-R5_forecast_only_10894,forecast_only,2022-12-13,10894,12,DJF,,artifacts/splits/US_loro_kdate_splits.json,artifacts/regions/US_region_masks.nc,US,US-R5,US-R5,US-R5,target_context,12,0,rootzone,high_update_increment_skill,0.0,11620,1,0.0709228515625,hyperda_v4_final_2015_2025_context2022_query2023_2025_k0_4_12
forecast_only_latw_audit_US-R5,forecast_only_latw_audit_US-R5_forecast_only_10894,forecast_only,2022-12-13,10894,12,DJF,,artifacts/splits/US_loro_kdate_splits.json,artifacts/regions/US_region_masks.nc,US,US-R5,US-R5,US-R5,target_context,12,0,rootzone,analysis_mse_latw,2.161559453158372e-07,11620,1,0.0709228515625,hyperda_v4_final_2015_2025_context2022_query2023_2025_k0_4_12
forecast_only_latw_audit_US-R5,forecast_only_latw_audit_US-R5_forecast_only_10894,forecast_only,2022-12-13,10894,12,DJF,,artifacts/splits/US_loro_kdate_splits.json,artifacts/regions/US_region_masks.nc,US,US-R5,US-R5,US-R5,target_context,12,0,rootzone,analysis_rmse_latw,0.00046492574172209177,11620,1,0.0709228515625,hyperda_v4_final_2015_2025_context2022_query2023_2025_k0_4_12
forecast_only_latw_audit_US-R5,forecast_only_latw_audit_US-R5_forecast_only_10894,forecast_only,2022-12-13,10894,12,DJF,,artifacts/splits/US_loro_kdate_splits.json,artifacts/regions/US_region_masks.nc,US,US-R5,US-R5,US-R5,target_context,12,0,rootzone,analysis_rmse_sqrt_before_time_avg_latw,0.00046492574172209177,11620,1,0.0709228515625,hyperda_v4_final_2015_2025_context2022_query2023_2025_k0_4_12
forecast_only_latw_audit_US-R5,forecast_only_latw_audit_US-R5_forecast_only_10894,forecast_only,2022-12-13,10894,12,DJF,,artifacts/splits/US_loro_kdate_splits.json,artifacts/regions/US_region_masks.nc,US,US-R5,US-R5,US-R5,target_context,12,0,rootzone,analysis_skill_vs_forecast_latw,0.0,11620,1,0.0709228515625,hyperda_v4_final_2015_2025_context2022_query2023_2025_k0_4_12
forecast_only_latw_audit_US-R5,forecast_only_latw_audit_US-R5_forecast_only_10894,forecast_only,2022-12-13,10894,12,DJF,,artifacts/splits/US_loro_kdate_splits.json,artifacts/regions/US_region_masks.nc,US,US-R5,US-R5,US-R5,target_context,12,0,rootzone,increment_mse_latw,2.161559453158372e-07,11620,1,0.0709228515625,hyperda_v4_final_2015_2025_context2022_query2023_2025_k0_4_12
forecast_only_latw_audit_US-R5,forecast_only_latw_audit_US-R5_forecast_only_10894,forecast_only,2022-12-13,10894,12,DJF,,artifacts/splits/US_loro_kdate_splits.json,artifacts/regions/US_region_masks.nc,US,US-R5,US-R5,US-R5,target_context,12,0,rootzone,increment_rmse_latw,0.00046492574172209177,11620,1,0.0709228515625,hyperda_v4_final_2015_2025_context2022_query2023_2025_k0_4_12
forecast_only_latw_audit_US-R5,forecast_only_latw_audit_US-R5_forecast_only_10894,forecast_only,2022-12-13,10894,12,DJF,,artifacts/splits/US_loro_kdate_splits.json,artifacts/regions/US_region_masks.nc,US,US-R5,US-R5,US-R5,target_context,12,0,rootzone,increment_rmse_sqrt_before_time_avg_latw,0.00046492574172209177,11620,1,0.0709228515625,hyperda_v4_final_2015_2025_context2022_query2023_2025_k0_4_12
forecast_only_latw_audit_US-R5,forecast_only_latw_audit_US-R5_forecast_only_10894,forecast_only,2022-12-13,10894,12,DJF,,artifacts/splits/US_loro_kdate_splits.json,artifacts/regions/US_region_masks.nc,US,US-R5,US-R5,US-R5,target_context,12,0,rootzone,increment_mae_latw,0.0002883894843830448,11620,1,0.0709228515625,hyperda_v4_final_2015_2025_context2022_query2023_2025_k0_4_12
forecast_only_latw_audit_US-R5,forecast_only_latw_audit_US-R5_forecast_only_10894,forecast_only,2022-12-13,10894,12,DJF,,artifacts/splits/US_loro_kdate_splits.json,artifacts/regions/US_region_masks.nc,US,US-R5,US-R5,US-R5,target_context,12,0,rootzone,increment_bias_latw,0.00024408074750117994,11620,1,0.0709228515625,hyperda_v4_final_2015_2025_context2022_query2023_2025_k0_4_12
forecast_only_latw_audit_US-R5,forecast_only_latw_audit_US-R5_forecast_only_10894,forecast_only,2022-12-13,10894,12,DJF,,artifacts/splits/US_loro_kdate_splits.json,artifacts/regions/US_region_masks.nc,US,US-R5,US-R5,US-R5,target_context,12,0,rootzone,increment_corr_latw,,11620,1,0.0709228515625,hyperda_v4_final_2015_2025_context2022_query2023_2025_k0_4_12
forecast_only_latw_audit_US-R6,forecast_only_latw_audit_US-R6_forecast_only_10021,forecast_only,2022-03-29,10021,3,MAM,,artifacts/splits/US_loro_kdate_splits.json,artifacts/regions/US_region_masks.nc,US,US-R6,US-R5,US-R6,target_context,12,0,surface,analysis_rmse,0.014211581594774701,6000,1,0.03662109375,hyperda_v4_final_2015_2025_context2022_query2023_2025_k0_4_12
forecast_only_latw_audit_US-R6,forecast_only_latw_audit_US-R6_forecast_only_10021,forecast_only,2022-03-29,10021,3,MAM,,artifacts/splits/US_loro_kdate_splits.json,artifacts/regions/US_region_masks.nc,US,US-R6,US-R5,US-R6,target_context,12,0,surface,analysis_mae,0.007810591812555989,6000,1,0.03662109375,hyperda_v4_final_2015_2025_context2022_query2023_2025_k0_4_12
forecast_only_latw_audit_US-R6,forecast_only_latw_audit_US-R6_forecast_only_10021,forecast_only,2022-03-29,10021,3,MAM,,artifacts/splits/US_loro_kdate_splits.json,artifacts/regions/US_region_masks.nc,US,US-R6,US-R5,US-R6,target_context,12,0,surface,analysis_skill_vs_forecast,0.0,6000,1,0.03662109375,hyperda_v4_final_2015_2025_context2022_query2023_2025_k0_4_12
forecast_only_latw_audit_US-R6,forecast_only_latw_audit_US-R6_forecast_only_10021,forecast_only,2022-03-29,10021,3,MAM,,artifacts/splits/US_loro_kdate_splits.json,artifacts/regions/US_region_masks.nc,US,US-R6,US-R5,US-R6,target_context,12,0,surface,increment_rmse,0.014211581594774701,6000,1,0.03662109375,hyperda_v4_final_2015_2025_context2022_query2023_2025_k0_4_12
forecast_only_latw_audit_US-R6,forecast_only_latw_audit_US-R6_forecast_only_10021,forecast_only,2022-03-29,10021,3,MAM,,artifacts/splits/US_loro_kdate_splits.json,artifacts/regions/US_region_masks.nc,US,US-R6,US-R5,US-R6,target_context,12,0,surface,increment_mae,0.007810591812555989,6000,1,0.03662109375,hyperda_v4_final_2015_2025_context2022_query2023_2025_k0_4_12
forecast_only_latw_audit_US-R6,forecast_only_latw_audit_US-R6_forecast_only_10021,forecast_only,2022-03-29,10021,3,MAM,,artifacts/splits/US_loro_kdate_splits.json,artifacts/regions/US_region_masks.nc,US,US-R6,US-R5,US-R6,target_context,12,0,surface,increment_bias,-0.004148239806915323,6000,1,0.03662109375,hyperda_v4_final_2015_2025_context2022_query2023_2025_k0_4_12
forecast_only_latw_audit_US-R6,forecast_only_latw_audit_US-R6_forecast_only_10021,forecast_only,2022-03-29,10021,3,MAM,,artifacts/splits/US_loro_kdate_splits.json,artifacts/regions/US_region_masks.nc,US,US-R6,US-R5,US-R6,target_context,12,0,surface,increment_corr,,6000,1,0.03662109375,hyperda_v4_final_2015_2025_context2022_query2023_2025_k0_4_12
forecast_only_latw_audit_US-R6,forecast_only_latw_audit_US-R6_forecast_only_10021,forecast_only,2022-03-29,10021,3,MAM,,artifacts/splits/US_loro_kdate_splits.json,artifacts/regions/US_region_masks.nc,US,US-R6,US-R5,US-R6,target_context,12,0,surface,sign_accuracy_deadzone,0.0,6000,1,0.03662109375,hyperda_v4_final_2015_2025_context2022_query2023_2025_k0_4_12
forecast_only_latw_audit_US-R6,forecast_only_latw_audit_US-R6_forecast_only_10021,forecast_only,2022-03-29,10021,3,MAM,,artifacts/splits/US_loro_kdate_splits.json,artifacts/regions/US_region_masks.nc,US,US-R6,US-R5,US-R6,target_context,12,0,surface,high_update_increment_skill,0.0,6000,1,0.03662109375,hyperda_v4_final_2015_2025_context2022_query2023_2025_k0_4_12
forecast_only_latw_audit_US-R6,forecast_only_latw_audit_US-R6_forecast_only_10021,forecast_only,2022-03-29,10021,3,MAM,,artifacts/splits/US_loro_kdate_splits.json,artifacts/regions/US_region_masks.nc,US,US-R6,US-R5,US-R6,target_context,12,0,surface,analysis_mse_latw,0.00020137757055940995,6000,1,0.03662109375,hyperda_v4_final_2015_2025_context2022_query2023_2025_k0_4_12
forecast_only_latw_audit_US-R6,forecast_only_latw_audit_US-R6_forecast_only_10021,forecast_only,2022-03-29,10021,3,MAM,,artifacts/splits/US_loro_kdate_splits.json,artifacts/regions/US_region_masks.nc,US,US-R6,US-R5,US-R6,target_context,12,0,surface,analysis_rmse_latw,0.01419075651822023,6000,1,0.03662109375,hyperda_v4_final_2015_2025_context2022_query2023_2025_k0_4_12
forecast_only_latw_audit_US-R6,forecast_only_latw_audit_US-R6_forecast_only_10021,forecast_only,2022-03-29,10021,3,MAM,,artifacts/splits/US_loro_kdate_splits.json,artifacts/regions/US_region_masks.nc,US,US-R6,US-R5,US-R6,target_context,12,0,surface,analysis_rmse_sqrt_before_time_avg_latw,0.01419075651822023,6000,1,0.03662109375,hyperda_v4_final_2015_2025_context2022_query2023_2025_k0_4_12
forecast_only_latw_audit_US-R6,forecast_only_latw_audit_US-R6_forecast_only_10021,forecast_only,2022-03-29,10021,3,MAM,,artifacts/splits/US_loro_kdate_splits.json,artifacts/regions/US_region_masks.nc,US,US-R6,US-R5,US-R6,target_context,12,0,surface,analysis_skill_vs_forecast_latw,0.0,6000,1,0.03662109375,hyperda_v4_final_2015_2025_context2022_query2023_2025_k0_4_12
forecast_only_latw_audit_US-R6,forecast_only_latw_audit_US-R6_forecast_only_10021,forecast_only,2022-03-29,10021,3,MAM,,artifacts/splits/US_loro_kdate_splits.json,artifacts/regions/US_region_masks.nc,US,US-R6,US-R5,US-R6,target_context,12,0,surface,increment_mse_latw,0.00020137757055940995,6000,1,0.03662109375,hyperda_v4_final_2015_2025_context2022_query2023_2025_k0_4_12
forecast_only_latw_audit_US-R6,forecast_only_latw_audit_US-R6_forecast_only_10021,forecast_only,2022-03-29,10021,3,MAM,,artifacts/splits/US_loro_kdate_splits.json,artifacts/regions/US_region_masks.nc,US,US-R6,US-R5,US-R6,target_context,12,0,surface,increment_rmse_latw,0.01419075651822023,6000,1,0.03662109375,hyperda_v4_final_2015_2025_context2022_query2023_2025_k0_4_12
forecast_only_latw_audit_US-R6,forecast_only_latw_audit_US-R6_forecast_only_10021,forecast_only,2022-03-29,10021,3,MAM,,artifacts/splits/US_loro_kdate_splits.json,artifacts/regions/US_region_masks.nc,US,US-R6,US-R5,US-R6,target_context,12,0,surface,increment_rmse_sqrt_before_time_avg_latw,0.01419075651822023,6000,1,0.03662109375,hyperda_v4_final_2015_2025_context2022_query2023_2025_k0_4_12
forecast_only_latw_audit_US-R6,forecast_only_latw_audit_US-R6_forecast_only_10021,forecast_only,2022-03-29,10021,3,MAM,,artifacts/splits/US_loro_kdate_splits.json,artifacts/regions/US_region_masks.nc,US,US-R6,US-R5,US-R6,target_context,12,0,surface,increment_mae_latw,0.007806648684858062,6000,1,0.03662109375,hyperda_v4_final_2015_2025_context2022_query2023_2025_k0_4_12
forecast_only_latw_audit_US-R6,forecast_only_latw_audit_US-R6_forecast_only_10021,forecast_only,2022-03-29,10021,3,MAM,,artifacts/splits/US_loro_kdate_splits.json,artifacts/regions/US_region_masks.nc,US,US-R6,US-R5,US-R6,target_context,12,0,surface,increment_bias_latw,-0.0041262031594081015,6000,1,0.03662109375,hyperda_v4_final_2015_2025_context2022_query2023_2025_k0_4_12
forecast_only_latw_audit_US-R6,forecast_only_latw_audit_US-R6_forecast_only_10021,forecast_only,2022-03-29,10021,3,MAM,,artifacts/splits/US_loro_kdate_splits.json,artifacts/regions/US_region_masks.nc,US,US-R6,US-R5,US-R6,target_context,12,0,surface,increment_corr_latw,,6000,1,0.03662109375,hyperda_v4_final_2015_2025_context2022_query2023_2025_k0_4_12
forecast_only_latw_audit_US-R6,forecast_only_latw_audit_US-R6_forecast_only_10021,forecast_only,2022-03-29,10021,3,MAM,,artifacts/splits/US_loro_kdate_splits.json,artifacts/regions/US_region_masks.nc,US,US-R6,US-R5,US-R6,target_context,12,0,rootzone,analysis_rmse,0.0008927240908878686,6000,1,0.03662109375,hyperda_v4_final_2015_2025_context2022_query2023_2025_k0_4_12
forecast_only_latw_audit_US-R6,forecast_only_latw_audit_US-R6_forecast_only_10021,forecast_only,2022-03-29,10021,3,MAM,,artifacts/splits/US_loro_kdate_splits.json,artifacts/regions/US_region_masks.nc,US,US-R6,US-R5,US-R6,target_context,12,0,rootzone,analysis_mae,0.0004772982333476345,6000,1,0.03662109375,hyperda_v4_final_2015_2025_context2022_query2023_2025_k0_4_12
forecast_only_latw_audit_US-R6,forecast_only_latw_audit_US-R6_forecast_only_10021,forecast_only,2022-03-29,10021,3,MAM,,artifacts/splits/US_loro_kdate_splits.json,artifacts/regions/US_region_masks.nc,US,US-R6,US-R5,US-R6,target_context,12,0,rootzone,analysis_skill_vs_forecast,0.0,6000,1,0.03662109375,hyperda_v4_final_2015_2025_context2022_query2023_2025_k0_4_12
forecast_only_latw_audit_US-R6,forecast_only_latw_audit_US-R6_forecast_only_10021,forecast_only,2022-03-29,10021,3,MAM,,artifacts/splits/US_loro_kdate_splits.json,artifacts/regions/US_region_masks.nc,US,US-R6,US-R5,US-R6,target_context,12,0,rootzone,increment_rmse,0.0008927240908878686,6000,1,0.03662109375,hyperda_v4_final_2015_2025_context2022_query2023_2025_k0_4_12
forecast_only_latw_audit_US-R6,forecast_only_latw_audit_US-R6_forecast_only_10021,forecast_only,2022-03-29,10021,3,MAM,,artifacts/splits/US_loro_kdate_splits.json,artifacts/regions/US_region_masks.nc,US,US-R6,US-R5,US-R6,target_context,12,0,rootzone,increment_mae,0.0004772982333476345,6000,1,0.03662109375,hyperda_v4_final_2015_2025_context2022_query2023_2025_k0_4_12
forecast_only_latw_audit_US-R6,forecast_only_latw_audit_US-R6_forecast_only_10021,forecast_only,2022-03-29,10021,3,MAM,,artifacts/splits/US_loro_kdate_splits.json,artifacts/regions/US_region_masks.nc,US,US-R6,US-R5,US-R6,target_context,12,0,rootzone,increment_bias,-0.0002805988717203339,6000,1,0.03662109375,hyperda_v4_final_2015_2025_context2022_query2023_2025_k0_4_12
forecast_only_latw_audit_US-R6,forecast_only_latw_audit_US-R6_forecast_only_10021,forecast_only,2022-03-29,10021,3,MAM,,artifacts/splits/US_loro_kdate_splits.json,artifacts/regions/US_region_masks.nc,US,US-R6,US-R5,US-R6,target_context,12,0,rootzone,increment_corr,,6000,1,0.03662109375,hyperda_v4_final_2015_2025_context2022_query2023_2025_k0_4_12
forecast_only_latw_audit_US-R6,forecast_only_latw_audit_US-R6_forecast_only_10021,forecast_only,2022-03-29,10021,3,MAM,,artifacts/splits/US_loro_kdate_splits.json,artifacts/regions/US_region_masks.nc,US,US-R6,US-R5,US-R6,target_context,12,0,rootzone,sign_accuracy_deadzone,0.0,6000,1,0.03662109375,hyperda_v4_final_2015_2025_context2022_query2023_2025_k0_4_12
forecast_only_latw_audit_US-R6,forecast_only_latw_audit_US-R6_forecast_only_10021,forecast_only,2022-03-29,10021,3,MAM,,artifacts/splits/US_loro_kdate_splits.json,artifacts/regions/US_region_masks.nc,US,US-R6,US-R5,US-R6,target_context,12,0,rootzone,high_update_increment_skill,0.0,6000,1,0.03662109375,hyperda_v4_final_2015_2025_context2022_query2023_2025_k0_4_12
forecast_only_latw_audit_US-R6,forecast_only_latw_audit_US-R6_forecast_only_10021,forecast_only,2022-03-29,10021,3,MAM,,artifacts/splits/US_loro_kdate_splits.json,artifacts/regions/US_region_masks.nc,US,US-R6,US-R5,US-R6,target_context,12,0,rootzone,analysis_mse_latw,7.939548928492994e-07,6000,1,0.03662109375,hyperda_v4_final_2015_2025_context2022_query2023_2025_k0_4_12
forecast_only_latw_audit_US-R6,forecast_only_latw_audit_US-R6_forecast_only_10021,forecast_only,2022-03-29,10021,3,MAM,,artifacts/splits/US_loro_kdate_splits.json,artifacts/regions/US_region_masks.nc,US,US-R6,US-R5,US-R6,target_context,12,0,rootzone,analysis_rmse_latw,0.0008910414652805443,6000,1,0.03662109375,hyperda_v4_final_2015_2025_context2022_query2023_2025_k0_4_12
forecast_only_latw_audit_US-R6,forecast_only_latw_audit_US-R6_forecast_only_10021,forecast_only,2022-03-29,10021,3,MAM,,artifacts/splits/US_loro_kdate_splits.json,artifacts/regions/US_region_masks.nc,US,US-R6,US-R5,US-R6,target_context,12,0,rootzone,analysis_rmse_sqrt_before_time_avg_latw,0.0008910414652805443,6000,1,0.03662109375,hyperda_v4_final_2015_2025_context2022_query2023_2025_k0_4_12
forecast_only_latw_audit_US-R6,forecast_only_latw_audit_US-R6_forecast_only_10021,forecast_only,2022-03-29,10021,3,MAM,,artifacts/splits/US_loro_kdate_splits.json,artifacts/regions/US_region_masks.nc,US,US-R6,US-R5,US-R6,target_context,12,0,rootzone,analysis_skill_vs_forecast_latw,0.0,6000,1,0.03662109375,hyperda_v4_final_2015_2025_context2022_query2023_2025_k0_4_12
forecast_only_latw_audit_US-R6,forecast_only_latw_audit_US-R6_forecast_only_10021,forecast_only,2022-03-29,10021,3,MAM,,artifacts/splits/US_loro_kdate_splits.json,artifacts/regions/US_region_masks.nc,US,US-R6,US-R5,US-R6,target_context,12,0,rootzone,increment_mse_latw,7.939548928492994e-07,6000,1,0.03662109375,hyperda_v4_final_2015_2025_context2022_query2023_2025_k0_4_12
forecast_only_latw_audit_US-R6,forecast_only_latw_audit_US-R6_forecast_only_10021,forecast_only,2022-03-29,10021,3,MAM,,artifacts/splits/US_loro_kdate_splits.json,artifacts/regions/US_region_masks.nc,US,US-R6,US-R5,US-R6,target_context,12,0,rootzone,increment_rmse_latw,0.0008910414652805443,6000,1,0.03662109375,hyperda_v4_final_2015_2025_context2022_query2023_2025_k0_4_12
forecast_only_latw_audit_US-R6,forecast_only_latw_audit_US-R6_forecast_only_10021,forecast_only,2022-03-29,10021,3,MAM,,artifacts/splits/US_loro_kdate_splits.json,artifacts/regions/US_region_masks.nc,US,US-R6,US-R5,US-R6,target_context,12,0,rootzone,increment_rmse_sqrt_before_time_avg_latw,0.0008910414652805443,6000,1,0.03662109375,hyperda_v4_final_2015_2025_context2022_query2023_2025_k0_4_12
forecast_only_latw_audit_US-R6,forecast_only_latw_audit_US-R6_forecast_only_10021,forecast_only,2022-03-29,10021,3,MAM,,artifacts/splits/US_loro_kdate_splits.json,artifacts/regions/US_region_masks.nc,US,US-R6,US-R5,US-R6,target_context,12,0,rootzone,increment_mae_latw,0.0004769529015598034,6000,1,0.03662109375,hyperda_v4_final_2015_2025_context2022_query2023_2025_k0_4_12
forecast_only_latw_audit_US-R6,forecast_only_latw_audit_US-R6_forecast_only_10021,forecast_only,2022-03-29,10021,3,MAM,,artifacts/splits/US_loro_kdate_splits.json,artifacts/regions/US_region_masks.nc,US,US-R6,US-R5,US-R6,target_context,12,0,rootzone,increment_bias_latw,-0.00027875955696471963,6000,1,0.03662109375,hyperda_v4_final_2015_2025_context2022_query2023_2025_k0_4_12
forecast_only_latw_audit_US-R6,forecast_only_latw_audit_US-R6_forecast_only_10021,forecast_only,2022-03-29,10021,3,MAM,,artifacts/splits/US_loro_kdate_splits.json,artifacts/regions/US_region_masks.nc,US,US-R6,US-R5,US-R6,target_context,12,0,rootzone,increment_corr_latw,,6000,1,0.03662109375,hyperda_v4_final_2015_2025_context2022_query2023_2025_k0_4_12
forecast_only_latw_audit_US-R6,forecast_only_latw_audit_US-R6_forecast_only_10117,forecast_only,2022-04-22,10117,4,MAM,,artifacts/splits/US_loro_kdate_splits.json,artifacts/regions/US_region_masks.nc,US,US-R6,US-R5,US-R6,target_context,12,0,surface,analysis_rmse,0.008380281157851933,6000,1,0.03662109375,hyperda_v4_final_2015_2025_context2022_query2023_2025_k0_4_12
forecast_only_latw_audit_US-R6,forecast_only_latw_audit_US-R6_forecast_only_10117,forecast_only,2022-04-22,10117,4,MAM,,artifacts/splits/US_loro_kdate_splits.json,artifacts/regions/US_region_masks.nc,US,US-R6,US-R5,US-R6,target_context,12,0,surface,analysis_mae,0.005156694521429017,6000,1,0.03662109375,hyperda_v4_final_2015_2025_context2022_query2023_2025_k0_4_12
forecast_only_latw_audit_US-R6,forecast_only_latw_audit_US-R6_forecast_only_10117,forecast_only,2022-04-22,10117,4,MAM,,artifacts/splits/US_loro_kdate_splits.json,artifacts/regions/US_region_masks.nc,US,US-R6,US-R5,US-R6,target_context,12,0,surface,analysis_skill_vs_forecast,0.0,6000,1,0.03662109375,hyperda_v4_final_2015_2025_context2022_query2023_2025_k0_4_12
forecast_only_latw_audit_US-R6,forecast_only_latw_audit_US-R6_forecast_only_10117,forecast_only,2022-04-22,10117,4,MAM,,artifacts/splits/US_loro_kdate_splits.json,artifacts/regions/US_region_masks.nc,US,US-R6,US-R5,US-R6,target_context,12,0,surface,increment_rmse,0.008380281157169532,6000,1,0.03662109375,hyperda_v4_final_2015_2025_context2022_query2023_2025_k0_4_12
forecast_only_latw_audit_US-R6,forecast_only_latw_audit_US-R6_forecast_only_10117,forecast_only,2022-04-22,10117,4,MAM,,artifacts/splits/US_loro_kdate_splits.json,artifacts/regions/US_region_masks.nc,US,US-R6,US-R5,US-R6,target_context,12,0,surface,increment_mae,0.005156694521196187,6000,1,0.03662109375,hyperda_v4_final_2015_2025_context2022_query2023_2025_k0_4_12
forecast_only_latw_audit_US-R6,forecast_only_latw_audit_US-R6_forecast_only_10117,forecast_only,2022-04-22,10117,4,MAM,,artifacts/splits/US_loro_kdate_splits.json,artifacts/regions/US_region_masks.nc,US,US-R6,US-R5,US-R6,target_context,12,0,surface,increment_bias,0.0015607865722849965,6000,1,0.03662109375,hyperda_v4_final_2015_2025_context2022_query2023_2025_k0_4_12
forecast_only_latw_audit_US-R6,forecast_only_latw_audit_US-R6_forecast_only_10117,forecast_only,2022-04-22,10117,4,MAM,,artifacts/splits/US_loro_kdate_splits.json,artifacts/regions/US_region_masks.nc,US,US-R6,US-R5,US-R6,target_context,12,0,surface,increment_corr,,6000,1,0.03662109375,hyperda_v4_final_2015_2025_context2022_query2023_2025_k0_4_12
forecast_only_latw_audit_US-R6,forecast_only_latw_audit_US-R6_forecast_only_10117,forecast_only,2022-04-22,10117,4,MAM,,artifacts/splits/US_loro_kdate_splits.json,artifacts/regions/US_region_masks.nc,US,US-R6,US-R5,US-R6,target_context,12,0,surface,sign_accuracy_deadzone,0.0,6000,1,0.03662109375,hyperda_v4_final_2015_2025_context2022_query2023_2025_k0_4_12
forecast_only_latw_audit_US-R6,forecast_only_latw_audit_US-R6_forecast_only_10117,forecast_only,2022-04-22,10117,4,MAM,,artifacts/splits/US_loro_kdate_splits.json,artifacts/regions/US_region_masks.nc,US,US-R6,US-R5,US-R6,target_context,12,0,surface,high_update_increment_skill,0.0,6000,1,0.03662109375,hyperda_v4_final_2015_2025_context2022_query2023_2025_k0_4_12
forecast_only_latw_audit_US-R6,forecast_only_latw_audit_US-R6_forecast_only_10117,forecast_only,2022-04-22,10117,4,MAM,,artifacts/splits/US_loro_kdate_splits.json,artifacts/regions/US_region_masks.nc,US,US-R6,US-R5,US-R6,target_context,12,0,surface,analysis_mse_latw,6.986845320279653e-05,6000,1,0.03662109375,hyperda_v4_final_2015_2025_context2022_query2023_2025_k0_4_12
forecast_only_latw_audit_US-R6,forecast_only_latw_audit_US-R6_forecast_only_10117,forecast_only,2022-04-22,10117,4,MAM,,artifacts/splits/US_loro_kdate_splits.json,artifacts/regions/US_region_masks.nc,US,US-R6,US-R5,US-R6,target_context,12,0,surface,analysis_rmse_latw,0.008358735143716215,6000,1,0.03662109375,hyperda_v4_final_2015_2025_context2022_query2023_2025_k0_4_12
forecast_only_latw_audit_US-R6,forecast_only_latw_audit_US-R6_forecast_only_10117,forecast_only,2022-04-22,10117,4,MAM,,artifacts/splits/US_loro_kdate_splits.json,artifacts/regions/US_region_masks.nc,US,US-R6,US-R5,US-R6,target_context,12,0,surface,analysis_rmse_sqrt_before_time_avg_latw,0.008358735143716215,6000,1,0.03662109375,hyperda_v4_final_2015_2025_context2022_query2023_2025_k0_4_12
forecast_only_latw_audit_US-R6,forecast_only_latw_audit_US-R6_forecast_only_10117,forecast_only,2022-04-22,10117,4,MAM,,artifacts/splits/US_loro_kdate_splits.json,artifacts/regions/US_region_masks.nc,US,US-R6,US-R5,US-R6,target_context,12,0,surface,analysis_skill_vs_forecast_latw,0.0,6000,1,0.03662109375,hyperda_v4_final_2015_2025_context2022_query2023_2025_k0_4_12
forecast_only_latw_audit_US-R6,forecast_only_latw_audit_US-R6_forecast_only_10117,forecast_only,2022-04-22,10117,4,MAM,,artifacts/splits/US_loro_kdate_splits.json,artifacts/regions/US_region_masks.nc,US,US-R6,US-R5,US-R6,target_context,12,0,surface,increment_mse_latw,6.986845319159523e-05,6000,1,0.03662109375,hyperda_v4_final_2015_2025_context2022_query2023_2025_k0_4_12
forecast_only_latw_audit_US-R6,forecast_only_latw_audit_US-R6_forecast_only_10117,forecast_only,2022-04-22,10117,4,MAM,,artifacts/splits/US_loro_kdate_splits.json,artifacts/regions/US_region_masks.nc,US,US-R6,US-R5,US-R6,target_context,12,0,surface,increment_rmse_latw,0.00835873514304618,6000,1,0.03662109375,hyperda_v4_final_2015_2025_context2022_query2023_2025_k0_4_12
forecast_only_latw_audit_US-R6,forecast_only_latw_audit_US-R6_forecast_only_10117,forecast_only,2022-04-22,10117,4,MAM,,artifacts/splits/US_loro_kdate_splits.json,artifacts/regions/US_region_masks.nc,US,US-R6,US-R5,US-R6,target_context,12,0,surface,increment_rmse_sqrt_before_time_avg_latw,0.00835873514304618,6000,1,0.03662109375,hyperda_v4_final_2015_2025_context2022_query2023_2025_k0_4_12
forecast_only_latw_audit_US-R6,forecast_only_latw_audit_US-R6_forecast_only_10117,forecast_only,2022-04-22,10117,4,MAM,,artifacts/splits/US_loro_kdate_splits.json,artifacts/regions/US_region_masks.nc,US,US-R6,US-R5,US-R6,target_context,12,0,surface,increment_mae_latw,0.005145821042402489,6000,1,0.03662109375,hyperda_v4_final_2015_2025_context2022_query2023_2025_k0_4_12
forecast_only_latw_audit_US-R6,forecast_only_latw_audit_US-R6_forecast_only_10117,forecast_only,2022-04-22,10117,4,MAM,,artifacts/splits/US_loro_kdate_splits.json,artifacts/regions/US_region_masks.nc,US,US-R6,US-R5,US-R6,target_context,12,0,surface,increment_bias_latw,0.001564458859072448,6000,1,0.03662109375,hyperda_v4_final_2015_2025_context2022_query2023_2025_k0_4_12
forecast_only_latw_audit_US-R6,forecast_only_latw_audit_US-R6_forecast_only_10117,forecast_only,2022-04-22,10117,4,MAM,,artifacts/splits/US_loro_kdate_splits.json,artifacts/regions/US_region_masks.nc,US,US-R6,US-R5,US-R6,target_context,12,0,surface,increment_corr_latw,,6000,1,0.03662109375,hyperda_v4_final_2015_2025_context2022_query2023_2025_k0_4_12
forecast_only_latw_audit_US-R6,forecast_only_latw_audit_US-R6_forecast_only_10117,forecast_only,2022-04-22,10117,4,MAM,,artifacts/splits/US_loro_kdate_splits.json,artifacts/regions/US_region_masks.nc,US,US-R6,US-R5,US-R6,target_context,12,0,rootzone,analysis_rmse,0.0005377636655997612,6000,1,0.03662109375,hyperda_v4_final_2015_2025_context2022_query2023_2025_k0_4_12
forecast_only_latw_audit_US-R6,forecast_only_latw_audit_US-R6_forecast_only_10117,forecast_only,2022-04-22,10117,4,MAM,,artifacts/splits/US_loro_kdate_splits.json,artifacts/regions/US_region_masks.nc,US,US-R6,US-R5,US-R6,target_context,12,0,rootzone,analysis_mae,0.00032328854873776435,6000,1,0.03662109375,hyperda_v4_final_2015_2025_context2022_query2023_2025_k0_4_12
forecast_only_latw_audit_US-R6,forecast_only_latw_audit_US-R6_forecast_only_10117,forecast_only,2022-04-22,10117,4,MAM,,artifacts/splits/US_loro_kdate_splits.json,artifacts/regions/US_region_masks.nc,US,US-R6,US-R5,US-R6,target_context,12,0,rootzone,analysis_skill_vs_forecast,0.0,6000,1,0.03662109375,hyperda_v4_final_2015_2025_context2022_query2023_2025_k0_4_12
forecast_only_latw_audit_US-R6,forecast_only_latw_audit_US-R6_forecast_only_10117,forecast_only,2022-04-22,10117,4,MAM,,artifacts/splits/US_loro_kdate_splits.json,artifacts/regions/US_region_masks.nc,US,US-R6,US-R5,US-R6,target_context,12,0,rootzone,increment_rmse,0.0005377636655997612,6000,1,0.03662109375,hyperda_v4_final_2015_2025_context2022_query2023_2025_k0_4_12
forecast_only_latw_audit_US-R6,forecast_only_latw_audit_US-R6_forecast_only_10117,forecast_only,2022-04-22,10117,4,MAM,,artifacts/splits/US_loro_kdate_splits.json,artifacts/regions/US_region_masks.nc,US,US-R6,US-R5,US-R6,target_context,12,0,rootzone,increment_mae,0.00032328854873776435,6000,1,0.03662109375,hyperda_v4_final_2015_2025_context2022_query2023_2025_k0_4_12
forecast_only_latw_audit_US-R6,forecast_only_latw_audit_US-R6_forecast_only_10117,forecast_only,2022-04-22,10117,4,MAM,,artifacts/splits/US_loro_kdate_splits.json,artifacts/regions/US_region_masks.nc,US,US-R6,US-R5,US-R6,target_context,12,0,rootzone,increment_bias,6.764711998403072e-05,6000,1,0.03662109375,hyperda_v4_final_2015_2025_context2022_query2023_2025_k0_4_12
forecast_only_latw_audit_US-R6,forecast_only_latw_audit_US-R6_forecast_only_10117,forecast_only,2022-04-22,10117,4,MAM,,artifacts/splits/US_loro_kdate_splits.json,artifacts/regions/US_region_masks.nc,US,US-R6,US-R5,US-R6,target_context,12,0,rootzone,increment_corr,,6000,1,0.03662109375,hyperda_v4_final_2015_2025_context2022_query2023_2025_k0_4_12
forecast_only_latw_audit_US-R6,forecast_only_latw_audit_US-R6_forecast_only_10117,forecast_only,2022-04-22,10117,4,MAM,,artifacts/splits/US_loro_kdate_splits.json,artifacts/regions/US_region_masks.nc,US,US-R6,US-R5,US-R6,target_context,12,0,rootzone,sign_accuracy_deadzone,,6000,1,0.03662109375,hyperda_v4_final_2015_2025_context2022_query2023_2025_k0_4_12
forecast_only_latw_audit_US-R6,forecast_only_latw_audit_US-R6_forecast_only_10117,forecast_only,2022-04-22,10117,4,MAM,,artifacts/splits/US_loro_kdate_splits.json,artifacts/regions/US_region_masks.nc,US,US-R6,US-R5,US-R6,target_context,12,0,rootzone,high_update_increment_skill,0.0,6000,1,0.03662109375,hyperda_v4_final_2015_2025_context2022_query2023_2025_k0_4_12
forecast_only_latw_audit_US-R6,forecast_only_latw_audit_US-R6_forecast_only_10117,forecast_only,2022-04-22,10117,4,MAM,,artifacts/splits/US_loro_kdate_splits.json,artifacts/regions/US_region_masks.nc,US,US-R6,US-R5,US-R6,target_context,12,0,rootzone,analysis_mse_latw,2.875892794419757e-07,6000,1,0.03662109375,hyperda_v4_final_2015_2025_context2022_query2023_2025_k0_4_12
forecast_only_latw_audit_US-R6,forecast_only_latw_audit_US-R6_forecast_only_10117,forecast_only,2022-04-22,10117,4,MAM,,artifacts/splits/US_loro_kdate_splits.json,artifacts/regions/US_region_masks.nc,US,US-R6,US-R5,US-R6,target_context,12,0,rootzone,analysis_rmse_latw,0.0005362735117847755,6000,1,0.03662109375,hyperda_v4_final_2015_2025_context2022_query2023_2025_k0_4_12
forecast_only_latw_audit_US-R6,forecast_only_latw_audit_US-R6_forecast_only_10117,forecast_only,2022-04-22,10117,4,MAM,,artifacts/splits/US_loro_kdate_splits.json,artifacts/regions/US_region_masks.nc,US,US-R6,US-R5,US-R6,target_context,12,0,rootzone,analysis_rmse_sqrt_before_time_avg_latw,0.0005362735117847755,6000,1,0.03662109375,hyperda_v4_final_2015_2025_context2022_query2023_2025_k0_4_12
forecast_only_latw_audit_US-R6,forecast_only_latw_audit_US-R6_forecast_only_10117,forecast_only,2022-04-22,10117,4,MAM,,artifacts/splits/US_loro_kdate_splits.json,artifacts/regions/US_region_masks.nc,US,US-R6,US-R5,US-R6,target_context,12,0,rootzone,analysis_skill_vs_forecast_latw,0.0,6000,1,0.03662109375,hyperda_v4_final_2015_2025_context2022_query2023_2025_k0_4_12
forecast_only_latw_audit_US-R6,forecast_only_latw_audit_US-R6_forecast_only_10117,forecast_only,2022-04-22,10117,4,MAM,,artifacts/splits/US_loro_kdate_splits.json,artifacts/regions/US_region_masks.nc,US,US-R6,US-R5,US-R6,target_context,12,0,rootzone,increment_mse_latw,2.875892794419757e-07,6000,1,0.03662109375,hyperda_v4_final_2015_2025_context2022_query2023_2025_k0_4_12
forecast_only_latw_audit_US-R6,forecast_only_latw_audit_US-R6_forecast_only_10117,forecast_only,2022-04-22,10117,4,MAM,,artifacts/splits/US_loro_kdate_splits.json,artifacts/regions/US_region_masks.nc,US,US-R6,US-R5,US-R6,target_context,12,0,rootzone,increment_rmse_latw,0.0005362735117847755,6000,1,0.03662109375,hyperda_v4_final_2015_2025_context2022_query2023_2025_k0_4_12
forecast_only_latw_audit_US-R6,forecast_only_latw_audit_US-R6_forecast_only_10117,forecast_only,2022-04-22,10117,4,MAM,,artifacts/splits/US_loro_kdate_splits.json,artifacts/regions/US_region_masks.nc,US,US-R6,US-R5,US-R6,target_context,12,0,rootzone,increment_rmse_sqrt_before_time_avg_latw,0.0005362735117847755,6000,1,0.03662109375,hyperda_v4_final_2015_2025_context2022_query2023_2025_k0_4_12
forecast_only_latw_audit_US-R6,forecast_only_latw_audit_US-R6_forecast_only_10117,forecast_only,2022-04-22,10117,4,MAM,,artifacts/splits/US_loro_kdate_splits.json,artifacts/regions/US_region_masks.nc,US,US-R6,US-R5,US-R6,target_context,12,0,rootzone,increment_mae_latw,0.00032259207028827413,6000,1,0.03662109375,hyperda_v4_final_2015_2025_context2022_query2023_2025_k0_4_12
forecast_only_latw_audit_US-R6,forecast_only_latw_audit_US-R6_forecast_only_10117,forecast_only,2022-04-22,10117,4,MAM,,artifacts/splits/US_loro_kdate_splits.json,artifacts/regions/US_region_masks.nc,US,US-R6,US-R5,US-R6,target_context,12,0,rootzone,increment_bias_latw,6.804861652414853e-05,6000,1,0.03662109375,hyperda_v4_final_2015_2025_context2022_query2023_2025_k0_4_12
forecast_only_latw_audit_US-R6,forecast_only_latw_audit_US-R6_forecast_only_10117,forecast_only,2022-04-22,10117,4,MAM,,artifacts/splits/US_loro_kdate_splits.json,artifacts/regions/US_region_masks.nc,US,US-R6,US-R5,US-R6,target_context,12,0,rootzone,increment_corr_latw,,6000,1,0.03662109375,hyperda_v4_final_2015_2025_context2022_query2023_2025_k0_4_12
forecast_only_latw_audit_US-R6,forecast_only_latw_audit_US-R6_forecast_only_10225,forecast_only,2022-05-18,10225,5,MAM,,artifacts/splits/US_loro_kdate_splits.json,artifacts/regions/US_region_masks.nc,US,US-R6,US-R5,US-R6,target_context,12,0,surface,analysis_rmse,0.008904993525080125,6000,1,0.03662109375,hyperda_v4_final_2015_2025_context2022_query2023_2025_k0_4_12
forecast_only_latw_audit_US-R6,forecast_only_latw_audit_US-R6_forecast_only_10225,forecast_only,2022-05-18,10225,5,MAM,,artifacts/splits/US_loro_kdate_splits.json,artifacts/regions/US_region_masks.nc,US,US-R6,US-R5,US-R6,target_context,12,0,surface,analysis_mae,0.004901664291042835,6000,1,0.03662109375,hyperda_v4_final_2015_2025_context2022_query2023_2025_k0_4_12
forecast_only_latw_audit_US-R6,forecast_only_latw_audit_US-R6_forecast_only_10225,forecast_only,2022-05-18,10225,5,MAM,,artifacts/splits/US_loro_kdate_splits.json,artifacts/regions/US_region_masks.nc,US,US-R6,US-R5,US-R6,target_context,12,0,surface,analysis_skill_vs_forecast,0.0,6000,1,0.03662109375,hyperda_v4_final_2015_2025_context2022_query2023_2025_k0_4_12
forecast_only_latw_audit_US-R6,forecast_only_latw_audit_US-R6_forecast_only_10225,forecast_only,2022-05-18,10225,5,MAM,,artifacts/splits/US_loro_kdate_splits.json,artifacts/regions/US_region_masks.nc,US,US-R6,US-R5,US-R6,target_context,12,0,surface,increment_rmse,0.00890499352368673,6000,1,0.03662109375,hyperda_v4_final_2015_2025_context2022_query2023_2025_k0_4_12
forecast_only_latw_audit_US-R6,forecast_only_latw_audit_US-R6_forecast_only_10225,forecast_only,2022-05-18,10225,5,MAM,,artifacts/splits/US_loro_kdate_splits.json,artifacts/regions/US_region_masks.nc,US,US-R6,US-R5,US-R6,target_context,12,0,surface,increment_mae,0.004901664290732394,6000,1,0.03662109375,hyperda_v4_final_2015_2025_context2022_query2023_2025_k0_4_12
forecast_only_latw_audit_US-R6,forecast_only_latw_audit_US-R6_forecast_only_10225,forecast_only,2022-05-18,10225,5,MAM,,artifacts/splits/US_loro_kdate_splits.json,artifacts/regions/US_region_masks.nc,US,US-R6,US-R5,US-R6,target_context,12,0,surface,increment_bias,0.00029759146785363554,6000,1,0.03662109375,hyperda_v4_final_2015_2025_context2022_query2023_2025_k0_4_12
forecast_only_latw_audit_US-R6,forecast_only_latw_audit_US-R6_forecast_only_10225,forecast_only,2022-05-18,10225,5,MAM,,artifacts/splits/US_loro_kdate_splits.json,artifacts/regions/US_region_masks.nc,US,US-R6,US-R5,US-R6,target_context,12,0,surface,increment_corr,,6000,1,0.03662109375,hyperda_v4_final_2015_2025_context2022_query2023_2025_k0_4_12
forecast_only_latw_audit_US-R6,forecast_only_latw_audit_US-R6_forecast_only_10225,forecast_only,2022-05-18,10225,5,MAM,,artifacts/splits/US_loro_kdate_splits.json,artifacts/regions/US_region_masks.nc,US,US-R6,US-R5,US-R6,target_context,12,0,surface,sign_accuracy_deadzone,0.0,6000,1,0.03662109375,hyperda_v4_final_2015_2025_context2022_query2023_2025_k0_4_12
forecast_only_latw_audit_US-R6,forecast_only_latw_audit_US-R6_forecast_only_10225,forecast_only,2022-05-18,10225,5,MAM,,artifacts/splits/US_loro_kdate_splits.json,artifacts/regions/US_region_masks.nc,US,US-R6,US-R5,US-R6,target_context,12,0,surface,high_update_increment_skill,0.0,6000,1,0.03662109375,hyperda_v4_final_2015_2025_context2022_query2023_2025_k0_4_12
forecast_only_latw_audit_US-R6,forecast_only_latw_audit_US-R6_forecast_only_10225,forecast_only,2022-05-18,10225,5,MAM,,artifacts/splits/US_loro_kdate_splits.json,artifacts/regions/US_region_masks.nc,US,US-R6,US-R5,US-R6,target_context,12,0,surface,analysis_mse_latw,7.77575563716979e-05,6000,1,0.03662109375,hyperda_v4_final_2015_2025_context2022_query2023_2025_k0_4_12
forecast_only_latw_audit_US-R6,forecast_only_latw_audit_US-R6_forecast_only_10225,forecast_only,2022-05-18,10225,5,MAM,,artifacts/splits/US_loro_kdate_splits.json,artifacts/regions/US_region_masks.nc,US,US-R6,US-R5,US-R6,target_context,12,0,surface,analysis_rmse_latw,0.008818024516392426,6000,1,0.03662109375,hyperda_v4_final_2015_2025_context2022_query2023_2025_k0_4_12
forecast_only_latw_audit_US-R6,forecast_only_latw_audit_US-R6_forecast_only_10225,forecast_only,2022-05-18,10225,5,MAM,,artifacts/splits/US_loro_kdate_splits.json,artifacts/regions/US_region_masks.nc,US,US-R6,US-R5,US-R6,target_context,12,0,surface,analysis_rmse_sqrt_before_time_avg_latw,0.008818024516392426,6000,1,0.03662109375,hyperda_v4_final_2015_2025_context2022_query2023_2025_k0_4_12
forecast_only_latw_audit_US-R6,forecast_only_latw_audit_US-R6_forecast_only_10225,forecast_only,2022-05-18,10225,5,MAM,,artifacts/splits/US_loro_kdate_splits.json,artifacts/regions/US_region_masks.nc,US,US-R6,US-R5,US-R6,target_context,12,0,surface,analysis_skill_vs_forecast_latw,0.0,6000,1,0.03662109375,hyperda_v4_final_2015_2025_context2022_query2023_2025_k0_4_12
forecast_only_latw_audit_US-R6,forecast_only_latw_audit_US-R6_forecast_only_10225,forecast_only,2022-05-18,10225,5,MAM,,artifacts/splits/US_loro_kdate_splits.json,artifacts/regions/US_region_masks.nc,US,US-R6,US-R5,US-R6,target_context,12,0,surface,increment_mse_latw,7.7757556346998e-05,6000,1,0.03662109375,hyperda_v4_final_2015_2025_context2022_query2023_2025_k0_4_12
forecast_only_latw_audit_US-R6,forecast_only_latw_audit_US-R6_forecast_only_10225,forecast_only,2022-05-18,10225,5,MAM,,artifacts/splits/US_loro_kdate_splits.json,artifacts/regions/US_region_masks.nc,US,US-R6,US-R5,US-R6,target_context,12,0,surface,increment_rmse_latw,0.008818024514991894,6000,1,0.03662109375,hyperda_v4_final_2015_2025_context2022_query2023_2025_k0_4_12
forecast_only_latw_audit_US-R6,forecast_only_latw_audit_US-R6_forecast_only_10225,forecast_only,2022-05-18,10225,5,MAM,,artifacts/splits/US_loro_kdate_splits.json,artifacts/regions/US_region_masks.nc,US,US-R6,US-R5,US-R6,target_context,12,0,surface,increment_rmse_sqrt_before_time_avg_latw,0.008818024514991894,6000,1,0.03662109375,hyperda_v4_final_2015_2025_context2022_query2023_2025_k0_4_12
forecast_only_latw_audit_US-R6,forecast_only_latw_audit_US-R6_forecast_only_10225,forecast_only,2022-05-18,10225,5,MAM,,artifacts/splits/US_loro_kdate_splits.json,artifacts/regions/US_region_masks.nc,US,US-R6,US-R5,US-R6,target_context,12,0,surface,increment_mae_latw,0.004842237450006935,6000,1,0.03662109375,hyperda_v4_final_2015_2025_context2022_query2023_2025_k0_4_12
forecast_only_latw_audit_US-R6,forecast_only_latw_audit_US-R6_forecast_only_10225,forecast_only,2022-05-18,10225,5,MAM,,artifacts/splits/US_loro_kdate_splits.json,artifacts/regions/US_region_masks.nc,US,US-R6,US-R5,US-R6,target_context,12,0,surface,increment_bias_latw,0.0003488435098648617,6000,1,0.03662109375,hyperda_v4_final_2015_2025_context2022_query2023_2025_k0_4_12
forecast_only_latw_audit_US-R6,forecast_only_latw_audit_US-R6_forecast_only_10225,forecast_only,2022-05-18,10225,5,MAM,,artifacts/splits/US_loro_kdate_splits.json,artifacts/regions/US_region_masks.nc,US,US-R6,US-R5,US-R6,target_context,12,0,surface,increment_corr_latw,,6000,1,0.03662109375,hyperda_v4_final_2015_2025_context2022_query2023_2025_k0_4_12
forecast_only_latw_audit_US-R6,forecast_only_latw_audit_US-R6_forecast_only_10225,forecast_only,2022-05-18,10225,5,MAM,,artifacts/splits/US_loro_kdate_splits.json,artifacts/regions/US_region_masks.nc,US,US-R6,US-R5,US-R6,target_context,12,0,rootzone,analysis_rmse,0.0009541419693467114,6000,1,0.03662109375,hyperda_v4_final_2015_2025_context2022_query2023_2025_k0_4_12
forecast_only_latw_audit_US-R6,forecast_only_latw_audit_US-R6_forecast_only_10225,forecast_only,2022-05-18,10225,5,MAM,,artifacts/splits/US_loro_kdate_splits.json,artifacts/regions/US_region_masks.nc,US,US-R6,US-R5,US-R6,target_context,12,0,rootzone,analysis_mae,0.0003044223223502437,6000,1,0.03662109375,hyperda_v4_final_2015_2025_context2022_query2023_2025_k0_4_12
forecast_only_latw_audit_US-R6,forecast_only_latw_audit_US-R6_forecast_only_10225,forecast_only,2022-05-18,10225,5,MAM,,artifacts/splits/US_loro_kdate_splits.json,artifacts/regions/US_region_masks.nc,US,US-R6,US-R5,US-R6,target_context,12,0,rootzone,analysis_skill_vs_forecast,0.0,6000,1,0.03662109375,hyperda_v4_final_2015_2025_context2022_query2023_2025_k0_4_12
forecast_only_latw_audit_US-R6,forecast_only_latw_audit_US-R6_forecast_only_10225,forecast_only,2022-05-18,10225,5,MAM,,artifacts/splits/US_loro_kdate_splits.json,artifacts/regions/US_region_masks.nc,US,US-R6,US-R5,US-R6,target_context,12,0,rootzone,increment_rmse,0.0009541419693467114,6000,1,0.03662109375,hyperda_v4_final_2015_2025_context2022_query2023_2025_k0_4_12
forecast_only_latw_audit_US-R6,forecast_only_latw_audit_US-R6_forecast_only_10225,forecast_only,2022-05-18,10225,5,MAM,,artifacts/splits/US_loro_kdate_splits.json,artifacts/regions/US_region_masks.nc,US,US-R6,US-R5,US-R6,target_context,12,0,rootzone,increment_mae,0.0003044223223502437,6000,1,0.03662109375,hyperda_v4_final_2015_2025_context2022_query2023_2025_k0_4_12
forecast_only_latw_audit_US-R6,forecast_only_latw_audit_US-R6_forecast_only_10225,forecast_only,2022-05-18,10225,5,MAM,,artifacts/splits/US_loro_kdate_splits.json,artifacts/regions/US_region_masks.nc,US,US-R6,US-R5,US-R6,target_context,12,0,rootzone,increment_bias,-2.2138708891967934e-05,6000,1,0.03662109375,hyperda_v4_final_2015_2025_context2022_query2023_2025_k0_4_12
forecast_only_latw_audit_US-R6,forecast_only_latw_audit_US-R6_forecast_only_10225,forecast_only,2022-05-18,10225,5,MAM,,artifacts/splits/US_loro_kdate_splits.json,artifacts/regions/US_region_masks.nc,US,US-R6,US-R5,US-R6,target_context,12,0,rootzone,increment_corr,,6000,1,0.03662109375,hyperda_v4_final_2015_2025_context2022_query2023_2025_k0_4_12
forecast_only_latw_audit_US-R6,forecast_only_latw_audit_US-R6_forecast_only_10225,forecast_only,2022-05-18,10225,5,MAM,,artifacts/splits/US_loro_kdate_splits.json,artifacts/regions/US_region_masks.nc,US,US-R6,US-R5,US-R6,target_context,12,0,rootzone,sign_accuracy_deadzone,0.0,6000,1,0.03662109375,hyperda_v4_final_2015_2025_context2022_query2023_2025_k0_4_12
forecast_only_latw_audit_US-R6,forecast_only_latw_audit_US-R6_forecast_only_10225,forecast_only,2022-05-18,10225,5,MAM,,artifacts/splits/US_loro_kdate_splits.json,artifacts/regions/US_region_masks.nc,US,US-R6,US-R5,US-R6,target_context,12,0,rootzone,high_update_increment_skill,0.0,6000,1,0.03662109375,hyperda_v4_final_2015_2025_context2022_query2023_2025_k0_4_12
forecast_only_latw_audit_US-R6,forecast_only_latw_audit_US-R6_forecast_only_10225,forecast_only,2022-05-18,10225,5,MAM,,artifacts/splits/US_loro_kdate_splits.json,artifacts/regions/US_region_masks.nc,US,US-R6,US-R5,US-R6,target_context,12,0,rootzone,analysis_mse_latw,8.725299151192342e-07,6000,1,0.03662109375,hyperda_v4_final_2015_2025_context2022_query2023_2025_k0_4_12
forecast_only_latw_audit_US-R6,forecast_only_latw_audit_US-R6_forecast_only_10225,forecast_only,2022-05-18,10225,5,MAM,,artifacts/splits/US_loro_kdate_splits.json,artifacts/regions/US_region_masks.nc,US,US-R6,US-R5,US-R6,target_context,12,0,rootzone,analysis_rmse_latw,0.0009340930976724077,6000,1,0.03662109375,hyperda_v4_final_2015_2025_context2022_query2023_2025_k0_4_12
forecast_only_latw_audit_US-R6,forecast_only_latw_audit_US-R6_forecast_only_10225,forecast_only,2022-05-18,10225,5,MAM,,artifacts/splits/US_loro_kdate_splits.json,artifacts/regions/US_region_masks.nc,US,US-R6,US-R5,US-R6,target_context,12,0,rootzone,analysis_rmse_sqrt_before_time_avg_latw,0.0009340930976724077,6000,1,0.03662109375,hyperda_v4_final_2015_2025_context2022_query2023_2025_k0_4_12
forecast_only_latw_audit_US-R6,forecast_only_latw_audit_US-R6_forecast_only_10225,forecast_only,2022-05-18,10225,5,MAM,,artifacts/splits/US_loro_kdate_splits.json,artifacts/regions/US_region_masks.nc,US,US-R6,US-R5,US-R6,target_context,12,0,rootzone,analysis_skill_vs_forecast_latw,0.0,6000,1,0.03662109375,hyperda_v4_final_2015_2025_context2022_query2023_2025_k0_4_12
forecast_only_latw_audit_US-R6,forecast_only_latw_audit_US-R6_forecast_only_10225,forecast_only,2022-05-18,10225,5,MAM,,artifacts/splits/US_loro_kdate_splits.json,artifacts/regions/US_region_masks.nc,US,US-R6,US-R5,US-R6,target_context,12,0,rootzone,increment_mse_latw,8.725299151192342e-07,6000,1,0.03662109375,hyperda_v4_final_2015_2025_context2022_query2023_2025_k0_4_12
forecast_only_latw_audit_US-R6,forecast_only_latw_audit_US-R6_forecast_only_10225,forecast_only,2022-05-18,10225,5,MAM,,artifacts/splits/US_loro_kdate_splits.json,artifacts/regions/US_region_masks.nc,US,US-R6,US-R5,US-R6,target_context,12,0,rootzone,increment_rmse_latw,0.0009340930976724077,6000,1,0.03662109375,hyperda_v4_final_2015_2025_context2022_query2023_2025_k0_4_12
forecast_only_latw_audit_US-R6,forecast_only_latw_audit_US-R6_forecast_only_10225,forecast_only,2022-05-18,10225,5,MAM,,artifacts/splits/US_loro_kdate_splits.json,artifacts/regions/US_region_masks.nc,US,US-R6,US-R5,US-R6,target_context,12,0,rootzone,increment_rmse_sqrt_before_time_avg_latw,0.0009340930976724077,6000,1,0.03662109375,hyperda_v4_final_2015_2025_context2022_query2023_2025_k0_4_12
forecast_only_latw_audit_US-R6,forecast_only_latw_audit_US-R6_forecast_only_10225,forecast_only,2022-05-18,10225,5,MAM,,artifacts/splits/US_loro_kdate_splits.json,artifacts/regions/US_region_masks.nc,US,US-R6,US-R5,US-R6,target_context,12,0,rootzone,increment_mae_latw,0.00029979208660525054,6000,1,0.03662109375,hyperda_v4_final_2015_2025_context2022_query2023_2025_k0_4_12
forecast_only_latw_audit_US-R6,forecast_only_latw_audit_US-R6_forecast_only_10225,forecast_only,2022-05-18,10225,5,MAM,,artifacts/splits/US_loro_kdate_splits.json,artifacts/regions/US_region_masks.nc,US,US-R6,US-R5,US-R6,target_context,12,0,rootzone,increment_bias_latw,-1.8314696993696182e-05,6000,1,0.03662109375,hyperda_v4_final_2015_2025_context2022_query2023_2025_k0_4_12
forecast_only_latw_audit_US-R6,forecast_only_latw_audit_US-R6_forecast_only_10225,forecast_only,2022-05-18,10225,5,MAM,,artifacts/splits/US_loro_kdate_splits.json,artifacts/regions/US_region_masks.nc,US,US-R6,US-R5,US-R6,target_context,12,0,rootzone,increment_corr_latw,,6000,1,0.03662109375,hyperda_v4_final_2015_2025_context2022_query2023_2025_k0_4_12
forecast_only_latw_audit_US-R6,forecast_only_latw_audit_US-R6_forecast_only_10292,forecast_only,2022-06-03,10292,6,JJA,,artifacts/splits/US_loro_kdate_splits.json,artifacts/regions/US_region_masks.nc,US,US-R6,US-R5,US-R6,target_context,12,0,surface,analysis_rmse,0.012055162231170344,6000,1,0.03662109375,hyperda_v4_final_2015_2025_context2022_query2023_2025_k0_4_12
forecast_only_latw_audit_US-R6,forecast_only_latw_audit_US-R6_forecast_only_10292,forecast_only,2022-06-03,10292,6,JJA,,artifacts/splits/US_loro_kdate_splits.json,artifacts/regions/US_region_masks.nc,US,US-R6,US-R5,US-R6,target_context,12,0,surface,analysis_mae,0.007364558511413634,6000,1,0.03662109375,hyperda_v4_final_2015_2025_context2022_query2023_2025_k0_4_12
forecast_only_latw_audit_US-R6,forecast_only_latw_audit_US-R6_forecast_only_10292,forecast_only,2022-06-03,10292,6,JJA,,artifacts/splits/US_loro_kdate_splits.json,artifacts/regions/US_region_masks.nc,US,US-R6,US-R5,US-R6,target_context,12,0,surface,analysis_skill_vs_forecast,0.0,6000,1,0.03662109375,hyperda_v4_final_2015_2025_context2022_query2023_2025_k0_4_12
forecast_only_latw_audit_US-R6,forecast_only_latw_audit_US-R6_forecast_only_10292,forecast_only,2022-06-03,10292,6,JJA,,artifacts/splits/US_loro_kdate_splits.json,artifacts/regions/US_region_masks.nc,US,US-R6,US-R5,US-R6,target_context,12,0,surface,increment_rmse,0.012055162231170344,6000,1,0.03662109375,hyperda_v4_final_2015_2025_context2022_query2023_2025_k0_4_12
forecast_only_latw_audit_US-R6,forecast_only_latw_audit_US-R6_forecast_only_10292,forecast_only,2022-06-03,10292,6,JJA,,artifacts/splits/US_loro_kdate_splits.json,artifacts/regions/US_region_masks.nc,US,US-R6,US-R5,US-R6,target_context,12,0,surface,increment_mae,0.007364558511413634,6000,1,0.03662109375,hyperda_v4_final_2015_2025_context2022_query2023_2025_k0_4_12
forecast_only_latw_audit_US-R6,forecast_only_latw_audit_US-R6_forecast_only_10292,forecast_only,2022-06-03,10292,6,JJA,,artifacts/splits/US_loro_kdate_splits.json,artifacts/regions/US_region_masks.nc,US,US-R6,US-R5,US-R6,target_context,12,0,surface,increment_bias,-0.005314683695944647,6000,1,0.03662109375,hyperda_v4_final_2015_2025_context2022_query2023_2025_k0_4_12
forecast_only_latw_audit_US-R6,forecast_only_latw_audit_US-R6_forecast_only_10292,forecast_only,2022-06-03,10292,6,JJA,,artifacts/splits/US_loro_kdate_splits.json,artifacts/regions/US_region_masks.nc,US,US-R6,US-R5,US-R6,target_context,12,0,surface,increment_corr,,6000,1,0.03662109375,hyperda_v4_final_2015_2025_context2022_query2023_2025_k0_4_12
forecast_only_latw_audit_US-R6,forecast_only_latw_audit_US-R6_forecast_only_10292,forecast_only,2022-06-03,10292,6,JJA,,artifacts/splits/US_loro_kdate_splits.json,artifacts/regions/US_region_masks.nc,US,US-R6,US-R5,US-R6,target_context,12,0,surface,sign_accuracy_deadzone,0.0,6000,1,0.03662109375,hyperda_v4_final_2015_2025_context2022_query2023_2025_k0_4_12
forecast_only_latw_audit_US-R6,forecast_only_latw_audit_US-R6_forecast_only_10292,forecast_only,2022-06-03,10292,6,JJA,,artifacts/splits/US_loro_kdate_splits.json,artifacts/regions/US_region_masks.nc,US,US-R6,US-R5,US-R6,target_context,12,0,surface,high_update_increment_skill,0.0,6000,1,0.03662109375,hyperda_v4_final_2015_2025_context2022_query2023_2025_k0_4_12
forecast_only_latw_audit_US-R6,forecast_only_latw_audit_US-R6_forecast_only_10292,forecast_only,2022-06-03,10292,6,JJA,,artifacts/splits/US_loro_kdate_splits.json,artifacts/regions/US_region_masks.nc,US,US-R6,US-R5,US-R6,target_context,12,0,surface,analysis_mse_latw,0.00014211767035933635,6000,1,0.03662109375,hyperda_v4_final_2015_2025_context2022_query2023_2025_k0_4_12
forecast_only_latw_audit_US-R6,forecast_only_latw_audit_US-R6_forecast_only_10292,forecast_only,2022-06-03,10292,6,JJA,,artifacts/splits/US_loro_kdate_splits.json,artifacts/regions/US_region_masks.nc,US,US-R6,US-R5,US-R6,target_context,12,0,surface,analysis_rmse_latw,0.011921311603986214,6000,1,0.03662109375,hyperda_v4_final_2015_2025_context2022_query2023_2025_k0_4_12
forecast_only_latw_audit_US-R6,forecast_only_latw_audit_US-R6_forecast_only_10292,forecast_only,2022-06-03,10292,6,JJA,,artifacts/splits/US_loro_kdate_splits.json,artifacts/regions/US_region_masks.nc,US,US-R6,US-R5,US-R6,target_context,12,0,surface,analysis_rmse_sqrt_before_time_avg_latw,0.011921311603986214,6000,1,0.03662109375,hyperda_v4_final_2015_2025_context2022_query2023_2025_k0_4_12
forecast_only_latw_audit_US-R6,forecast_only_latw_audit_US-R6_forecast_only_10292,forecast_only,2022-06-03,10292,6,JJA,,artifacts/splits/US_loro_kdate_splits.json,artifacts/regions/US_region_masks.nc,US,US-R6,US-R5,US-R6,target_context,12,0,surface,analysis_skill_vs_forecast_latw,0.0,6000,1,0.03662109375,hyperda_v4_final_2015_2025_context2022_query2023_2025_k0_4_12
forecast_only_latw_audit_US-R6,forecast_only_latw_audit_US-R6_forecast_only_10292,forecast_only,2022-06-03,10292,6,JJA,,artifacts/splits/US_loro_kdate_splits.json,artifacts/regions/US_region_masks.nc,US,US-R6,US-R5,US-R6,target_context,12,0,surface,increment_mse_latw,0.00014211767035933635,6000,1,0.03662109375,hyperda_v4_final_2015_2025_context2022_query2023_2025_k0_4_12
forecast_only_latw_audit_US-R6,forecast_only_latw_audit_US-R6_forecast_only_10292,forecast_only,2022-06-03,10292,6,JJA,,artifacts/splits/US_loro_kdate_splits.json,artifacts/regions/US_region_masks.nc,US,US-R6,US-R5,US-R6,target_context,12,0,surface,increment_rmse_latw,0.011921311603986214,6000,1,0.03662109375,hyperda_v4_final_2015_2025_context2022_query2023_2025_k0_4_12
forecast_only_latw_audit_US-R6,forecast_only_latw_audit_US-R6_forecast_only_10292,forecast_only,2022-06-03,10292,6,JJA,,artifacts/splits/US_loro_kdate_splits.json,artifacts/regions/US_region_masks.nc,US,US-R6,US-R5,US-R6,target_context,12,0,surface,increment_rmse_sqrt_before_time_avg_latw,0.011921311603986214,6000,1,0.03662109375,hyperda_v4_final_2015_2025_context2022_query2023_2025_k0_4_12
forecast_only_latw_audit_US-R6,forecast_only_latw_audit_US-R6_forecast_only_10292,forecast_only,2022-06-03,10292,6,JJA,,artifacts/splits/US_loro_kdate_splits.json,artifacts/regions/US_region_masks.nc,US,US-R6,US-R5,US-R6,target_context,12,0,surface,increment_mae_latw,0.007256217290985847,6000,1,0.03662109375,hyperda_v4_final_2015_2025_context2022_query2023_2025_k0_4_12
forecast_only_latw_audit_US-R6,forecast_only_latw_audit_US-R6_forecast_only_10292,forecast_only,2022-06-03,10292,6,JJA,,artifacts/splits/US_loro_kdate_splits.json,artifacts/regions/US_region_masks.nc,US,US-R6,US-R5,US-R6,target_context,12,0,surface,increment_bias_latw,-0.005160950896090591,6000,1,0.03662109375,hyperda_v4_final_2015_2025_context2022_query2023_2025_k0_4_12
forecast_only_latw_audit_US-R6,forecast_only_latw_audit_US-R6_forecast_only_10292,forecast_only,2022-06-03,10292,6,JJA,,artifacts/splits/US_loro_kdate_splits.json,artifacts/regions/US_region_masks.nc,US,US-R6,US-R5,US-R6,target_context,12,0,surface,increment_corr_latw,,6000,1,0.03662109375,hyperda_v4_final_2015_2025_context2022_query2023_2025_k0_4_12
forecast_only_latw_audit_US-R6,forecast_only_latw_audit_US-R6_forecast_only_10292,forecast_only,2022-06-03,10292,6,JJA,,artifacts/splits/US_loro_kdate_splits.json,artifacts/regions/US_region_masks.nc,US,US-R6,US-R5,US-R6,target_context,12,0,rootzone,analysis_rmse,0.0010633056541731582,6000,1,0.03662109375,hyperda_v4_final_2015_2025_context2022_query2023_2025_k0_4_12
forecast_only_latw_audit_US-R6,forecast_only_latw_audit_US-R6_forecast_only_10292,forecast_only,2022-06-03,10292,6,JJA,,artifacts/splits/US_loro_kdate_splits.json,artifacts/regions/US_region_masks.nc,US,US-R6,US-R5,US-R6,target_context,12,0,rootzone,analysis_mae,0.0005625773509964347,6000,1,0.03662109375,hyperda_v4_final_2015_2025_context2022_query2023_2025_k0_4_12
forecast_only_latw_audit_US-R6,forecast_only_latw_audit_US-R6_forecast_only_10292,forecast_only,2022-06-03,10292,6,JJA,,artifacts/splits/US_loro_kdate_splits.json,artifacts/regions/US_region_masks.nc,US,US-R6,US-R5,US-R6,target_context,12,0,rootzone,analysis_skill_vs_forecast,0.0,6000,1,0.03662109375,hyperda_v4_final_2015_2025_context2022_query2023_2025_k0_4_12
forecast_only_latw_audit_US-R6,forecast_only_latw_audit_US-R6_forecast_only_10292,forecast_only,2022-06-03,10292,6,JJA,,artifacts/splits/US_loro_kdate_splits.json,artifacts/regions/US_region_masks.nc,US,US-R6,US-R5,US-R6,target_context,12,0,rootzone,increment_rmse,0.0010633056541731582,6000,1,0.03662109375,hyperda_v4_final_2015_2025_context2022_query2023_2025_k0_4_12
forecast_only_latw_audit_US-R6,forecast_only_latw_audit_US-R6_forecast_only_10292,forecast_only,2022-06-03,10292,6,JJA,,artifacts/splits/US_loro_kdate_splits.json,artifacts/regions/US_region_masks.nc,US,US-R6,US-R5,US-R6,target_context,12,0,rootzone,increment_mae,0.0005625773509964347,6000,1,0.03662109375,hyperda_v4_final_2015_2025_context2022_query2023_2025_k0_4_12
forecast_only_latw_audit_US-R6,forecast_only_latw_audit_US-R6_forecast_only_10292,forecast_only,2022-06-03,10292,6,JJA,,artifacts/splits/US_loro_kdate_splits.json,artifacts/regions/US_region_masks.nc,US,US-R6,US-R5,US-R6,target_context,12,0,rootzone,increment_bias,-0.0004170980332419276,6000,1,0.03662109375,hyperda_v4_final_2015_2025_context2022_query2023_2025_k0_4_12
forecast_only_latw_audit_US-R6,forecast_only_latw_audit_US-R6_forecast_only_10292,forecast_only,2022-06-03,10292,6,JJA,,artifacts/splits/US_loro_kdate_splits.json,artifacts/regions/US_region_masks.nc,US,US-R6,US-R5,US-R6,target_context,12,0,rootzone,increment_corr,,6000,1,0.03662109375,hyperda_v4_final_2015_2025_context2022_query2023_2025_k0_4_12
forecast_only_latw_audit_US-R6,forecast_only_latw_audit_US-R6_forecast_only_10292,forecast_only,2022-06-03,10292,6,JJA,,artifacts/splits/US_loro_kdate_splits.json,artifacts/regions/US_region_masks.nc,US,US-R6,US-R5,US-R6,target_context,12,0,rootzone,sign_accuracy_deadzone,0.0,6000,1,0.03662109375,hyperda_v4_final_2015_2025_context2022_query2023_2025_k0_4_12
forecast_only_latw_audit_US-R6,forecast_only_latw_audit_US-R6_forecast_only_10292,forecast_only,2022-06-03,10292,6,JJA,,artifacts/splits/US_loro_kdate_splits.json,artifacts/regions/US_region_masks.nc,US,US-R6,US-R5,US-R6,target_context,12,0,rootzone,high_update_increment_skill,0.0,6000,1,0.03662109375,hyperda_v4_final_2015_2025_context2022_query2023_2025_k0_4_12
forecast_only_latw_audit_US-R6,forecast_only_latw_audit_US-R6_forecast_only_10292,forecast_only,2022-06-03,10292,6,JJA,,artifacts/splits/US_loro_kdate_splits.json,artifacts/regions/US_region_masks.nc,US,US-R6,US-R5,US-R6,target_context,12,0,rootzone,analysis_mse_latw,1.0999569069617962e-06,6000,1,0.03662109375,hyperda_v4_final_2015_2025_context2022_query2023_2025_k0_4_12
forecast_only_latw_audit_US-R6,forecast_only_latw_audit_US-R6_forecast_only_10292,forecast_only,2022-06-03,10292,6,JJA,,artifacts/splits/US_loro_kdate_splits.json,artifacts/regions/US_region_masks.nc,US,US-R6,US-R5,US-R6,target_context,12,0,rootzone,analysis_rmse_latw,0.001048788304169052,6000,1,0.03662109375,hyperda_v4_final_2015_2025_context2022_query2023_2025_k0_4_12
forecast_only_latw_audit_US-R6,forecast_only_latw_audit_US-R6_forecast_only_10292,forecast_only,2022-06-03,10292,6,JJA,,artifacts/splits/US_loro_kdate_splits.json,artifacts/regions/US_region_masks.nc,US,US-R6,US-R5,US-R6,target_context,12,0,rootzone,analysis_rmse_sqrt_before_time_avg_latw,0.001048788304169052,6000,1,0.03662109375,hyperda_v4_final_2015_2025_context2022_query2023_2025_k0_4_12
forecast_only_latw_audit_US-R6,forecast_only_latw_audit_US-R6_forecast_only_10292,forecast_only,2022-06-03,10292,6,JJA,,artifacts/splits/US_loro_kdate_splits.json,artifacts/regions/US_region_masks.nc,US,US-R6,US-R5,US-R6,target_context,12,0,rootzone,analysis_skill_vs_forecast_latw,0.0,6000,1,0.03662109375,hyperda_v4_final_2015_2025_context2022_query2023_2025_k0_4_12
forecast_only_latw_audit_US-R6,forecast_only_latw_audit_US-R6_forecast_only_10292,forecast_only,2022-06-03,10292,6,JJA,,artifacts/splits/US_loro_kdate_splits.json,artifacts/regions/US_region_masks.nc,US,US-R6,US-R5,US-R6,target_context,12,0,rootzone,increment_mse_latw,1.0999569069617962e-06,6000,1,0.03662109375,hyperda_v4_final_2015_2025_context2022_query2023_2025_k0_4_12
forecast_only_latw_audit_US-R6,forecast_only_latw_audit_US-R6_forecast_only_10292,forecast_only,2022-06-03,10292,6,JJA,,artifacts/splits/US_loro_kdate_splits.json,artifacts/regions/US_region_masks.nc,US,US-R6,US-R5,US-R6,target_context,12,0,rootzone,increment_rmse_latw,0.001048788304169052,6000,1,0.03662109375,hyperda_v4_final_2015_2025_context2022_query2023_2025_k0_4_12
forecast_only_latw_audit_US-R6,forecast_only_latw_audit_US-R6_forecast_only_10292,forecast_only,2022-06-03,10292,6,JJA,,artifacts/splits/US_loro_kdate_splits.json,artifacts/regions/US_region_masks.nc,US,US-R6,US-R5,US-R6,target_context,12,0,rootzone,increment_rmse_sqrt_before_time_avg_latw,0.001048788304169052,6000,1,0.03662109375,hyperda_v4_final_2015_2025_context2022_query2023_2025_k0_4_12
forecast_only_latw_audit_US-R6,forecast_only_latw_audit_US-R6_forecast_only_10292,forecast_only,2022-06-03,10292,6,JJA,,artifacts/splits/US_loro_kdate_splits.json,artifacts/regions/US_region_masks.nc,US,US-R6,US-R5,US-R6,target_context,12,0,rootzone,increment_mae_latw,0.0005527669076913318,6000,1,0.03662109375,hyperda_v4_final_2015_2025_context2022_query2023_2025_k0_4_12
forecast_only_latw_audit_US-R6,forecast_only_latw_audit_US-R6_forecast_only_10292,forecast_only,2022-06-03,10292,6,JJA,,artifacts/splits/US_loro_kdate_splits.json,artifacts/regions/US_region_masks.nc,US,US-R6,US-R5,US-R6,target_context,12,0,rootzone,increment_bias_latw,-0.00040540135304863867,6000,1,0.03662109375,hyperda_v4_final_2015_2025_context2022_query2023_2025_k0_4_12
forecast_only_latw_audit_US-R6,forecast_only_latw_audit_US-R6_forecast_only_10292,forecast_only,2022-06-03,10292,6,JJA,,artifacts/splits/US_loro_kdate_splits.json,artifacts/regions/US_region_masks.nc,US,US-R6,US-R5,US-R6,target_context,12,0,rootzone,increment_corr_latw,,6000,1,0.03662109375,hyperda_v4_final_2015_2025_context2022_query2023_2025_k0_4_12
forecast_only_latw_audit_US-R6,forecast_only_latw_audit_US-R6_forecast_only_10427,forecast_only,2022-07-05,10427,7,JJA,,artifacts/splits/US_loro_kdate_splits.json,artifacts/regions/US_region_masks.nc,US,US-R6,US-R5,US-R6,target_context,12,0,surface,analysis_rmse,0.008795833473352737,6000,1,0.03662109375,hyperda_v4_final_2015_2025_context2022_query2023_2025_k0_4_12
forecast_only_latw_audit_US-R6,forecast_only_latw_audit_US-R6_forecast_only_10427,forecast_only,2022-07-05,10427,7,JJA,,artifacts/splits/US_loro_kdate_splits.json,artifacts/regions/US_region_masks.nc,US,US-R6,US-R5,US-R6,target_context,12,0,surface,analysis_mae,0.006199079087935388,6000,1,0.03662109375,hyperda_v4_final_2015_2025_context2022_query2023_2025_k0_4_12
forecast_only_latw_audit_US-R6,forecast_only_latw_audit_US-R6_forecast_only_10427,forecast_only,2022-07-05,10427,7,JJA,,artifacts/splits/US_loro_kdate_splits.json,artifacts/regions/US_region_masks.nc,US,US-R6,US-R5,US-R6,target_context,12,0,surface,analysis_skill_vs_forecast,0.0,6000,1,0.03662109375,hyperda_v4_final_2015_2025_context2022_query2023_2025_k0_4_12
forecast_only_latw_audit_US-R6,forecast_only_latw_audit_US-R6_forecast_only_10427,forecast_only,2022-07-05,10427,7,JJA,,artifacts/splits/US_loro_kdate_splits.json,artifacts/regions/US_region_masks.nc,US,US-R6,US-R5,US-R6,target_context,12,0,surface,increment_rmse,0.008795833473352737,6000,1,0.03662109375,hyperda_v4_final_2015_2025_context2022_query2023_2025_k0_4_12
forecast_only_latw_audit_US-R6,forecast_only_latw_audit_US-R6_forecast_only_10427,forecast_only,2022-07-05,10427,7,JJA,,artifacts/splits/US_loro_kdate_splits.json,artifacts/regions/US_region_masks.nc,US,US-R6,US-R5,US-R6,target_context,12,0,surface,increment_mae,0.006199079087935388,6000,1,0.03662109375,hyperda_v4_final_2015_2025_context2022_query2023_2025_k0_4_12
forecast_only_latw_audit_US-R6,forecast_only_latw_audit_US-R6_forecast_only_10427,forecast_only,2022-07-05,10427,7,JJA,,artifacts/splits/US_loro_kdate_splits.json,artifacts/regions/US_region_masks.nc,US,US-R6,US-R5,US-R6,target_context,12,0,surface,increment_bias,0.0033895224522178372,6000,1,0.03662109375,hyperda_v4_final_2015_2025_context2022_query2023_2025_k0_4_12
forecast_only_latw_audit_US-R6,forecast_only_latw_audit_US-R6_forecast_only_10427,forecast_only,2022-07-05,10427,7,JJA,,artifacts/splits/US_loro_kdate_splits.json,artifacts/regions/US_region_masks.nc,US,US-R6,US-R5,US-R6,target_context,12,0,surface,increment_corr,,6000,1,0.03662109375,hyperda_v4_final_2015_2025_context2022_query2023_2025_k0_4_12
forecast_only_latw_audit_US-R6,forecast_only_latw_audit_US-R6_forecast_only_10427,forecast_only,2022-07-05,10427,7,JJA,,artifacts/splits/US_loro_kdate_splits.json,artifacts/regions/US_region_masks.nc,US,US-R6,US-R5,US-R6,target_context,12,0,surface,sign_accuracy_deadzone,0.0,6000,1,0.03662109375,hyperda_v4_final_2015_2025_context2022_query2023_2025_k0_4_12
forecast_only_latw_audit_US-R6,forecast_only_latw_audit_US-R6_forecast_only_10427,forecast_only,2022-07-05,10427,7,JJA,,artifacts/splits/US_loro_kdate_splits.json,artifacts/regions/US_region_masks.nc,US,US-R6,US-R5,US-R6,target_context,12,0,surface,high_update_increment_skill,0.0,6000,1,0.03662109375,hyperda_v4_final_2015_2025_context2022_query2023_2025_k0_4_12
forecast_only_latw_audit_US-R6,forecast_only_latw_audit_US-R6_forecast_only_10427,forecast_only,2022-07-05,10427,7,JJA,,artifacts/splits/US_loro_kdate_splits.json,artifacts/regions/US_region_masks.nc,US,US-R6,US-R5,US-R6,target_context,12,0,surface,analysis_mse_latw,7.636469196187982e-05,6000,1,0.03662109375,hyperda_v4_final_2015_2025_context2022_query2023_2025_k0_4_12
forecast_only_latw_audit_US-R6,forecast_only_latw_audit_US-R6_forecast_only_10427,forecast_only,2022-07-05,10427,7,JJA,,artifacts/splits/US_loro_kdate_splits.json,artifacts/regions/US_region_masks.nc,US,US-R6,US-R5,US-R6,target_context,12,0,surface,analysis_rmse_latw,0.008738689373234399,6000,1,0.03662109375,hyperda_v4_final_2015_2025_context2022_query2023_2025_k0_4_12
forecast_only_latw_audit_US-R6,forecast_only_latw_audit_US-R6_forecast_only_10427,forecast_only,2022-07-05,10427,7,JJA,,artifacts/splits/US_loro_kdate_splits.json,artifacts/regions/US_region_masks.nc,US,US-R6,US-R5,US-R6,target_context,12,0,surface,analysis_rmse_sqrt_before_time_avg_latw,0.008738689373234399,6000,1,0.03662109375,hyperda_v4_final_2015_2025_context2022_query2023_2025_k0_4_12
forecast_only_latw_audit_US-R6,forecast_only_latw_audit_US-R6_forecast_only_10427,forecast_only,2022-07-05,10427,7,JJA,,artifacts/splits/US_loro_kdate_splits.json,artifacts/regions/US_region_masks.nc,US,US-R6,US-R5,US-R6,target_context,12,0,surface,analysis_skill_vs_forecast_latw,0.0,6000,1,0.03662109375,hyperda_v4_final_2015_2025_context2022_query2023_2025_k0_4_12
forecast_only_latw_audit_US-R6,forecast_only_latw_audit_US-R6_forecast_only_10427,forecast_only,2022-07-05,10427,7,JJA,,artifacts/splits/US_loro_kdate_splits.json,artifacts/regions/US_region_masks.nc,US,US-R6,US-R5,US-R6,target_context,12,0,surface,increment_mse_latw,7.636469196187982e-05,6000,1,0.03662109375,hyperda_v4_final_2015_2025_context2022_query2023_2025_k0_4_12
forecast_only_latw_audit_US-R6,forecast_only_latw_audit_US-R6_forecast_only_10427,forecast_only,2022-07-05,10427,7,JJA,,artifacts/splits/US_loro_kdate_splits.json,artifacts/regions/US_region_masks.nc,US,US-R6,US-R5,US-R6,target_context,12,0,surface,increment_rmse_latw,0.008738689373234399,6000,1,0.03662109375,hyperda_v4_final_2015_2025_context2022_query2023_2025_k0_4_12
forecast_only_latw_audit_US-R6,forecast_only_latw_audit_US-R6_forecast_only_10427,forecast_only,2022-07-05,10427,7,JJA,,artifacts/splits/US_loro_kdate_splits.json,artifacts/regions/US_region_masks.nc,US,US-R6,US-R5,US-R6,target_context,12,0,surface,increment_rmse_sqrt_before_time_avg_latw,0.008738689373234399,6000,1,0.03662109375,hyperda_v4_final_2015_2025_context2022_query2023_2025_k0_4_12
forecast_only_latw_audit_US-R6,forecast_only_latw_audit_US-R6_forecast_only_10427,forecast_only,2022-07-05,10427,7,JJA,,artifacts/splits/US_loro_kdate_splits.json,artifacts/regions/US_region_masks.nc,US,US-R6,US-R5,US-R6,target_context,12,0,surface,increment_mae_latw,0.0061436354753292505,6000,1,0.03662109375,hyperda_v4_final_2015_2025_context2022_query2023_2025_k0_4_12
forecast_only_latw_audit_US-R6,forecast_only_latw_audit_US-R6_forecast_only_10427,forecast_only,2022-07-05,10427,7,JJA,,artifacts/splits/US_loro_kdate_splits.json,artifacts/regions/US_region_masks.nc,US,US-R6,US-R5,US-R6,target_context,12,0,surface,increment_bias_latw,0.0033229220750067515,6000,1,0.03662109375,hyperda_v4_final_2015_2025_context2022_query2023_2025_k0_4_12
forecast_only_latw_audit_US-R6,forecast_only_latw_audit_US-R6_forecast_only_10427,forecast_only,2022-07-05,10427,7,JJA,,artifacts/splits/US_loro_kdate_splits.json,artifacts/regions/US_region_masks.nc,US,US-R6,US-R5,US-R6,target_context,12,0,surface,increment_corr_latw,,6000,1,0.03662109375,hyperda_v4_final_2015_2025_context2022_query2023_2025_k0_4_12
forecast_only_latw_audit_US-R6,forecast_only_latw_audit_US-R6_forecast_only_10427,forecast_only,2022-07-05,10427,7,JJA,,artifacts/splits/US_loro_kdate_splits.json,artifacts/regions/US_region_masks.nc,US,US-R6,US-R5,US-R6,target_context,12,0,rootzone,analysis_rmse,0.0005754239333991997,6000,1,0.03662109375,hyperda_v4_final_2015_2025_context2022_query2023_2025_k0_4_12
forecast_only_latw_audit_US-R6,forecast_only_latw_audit_US-R6_forecast_only_10427,forecast_only,2022-07-05,10427,7,JJA,,artifacts/splits/US_loro_kdate_splits.json,artifacts/regions/US_region_masks.nc,US,US-R6,US-R5,US-R6,target_context,12,0,rootzone,analysis_mae,0.00038190969328085584,6000,1,0.03662109375,hyperda_v4_final_2015_2025_context2022_query2023_2025_k0_4_12
forecast_only_latw_audit_US-R6,forecast_only_latw_audit_US-R6_forecast_only_10427,forecast_only,2022-07-05,10427,7,JJA,,artifacts/splits/US_loro_kdate_splits.json,artifacts/regions/US_region_masks.nc,US,US-R6,US-R5,US-R6,target_context,12,0,rootzone,analysis_skill_vs_forecast,0.0,6000,1,0.03662109375,hyperda_v4_final_2015_2025_context2022_query2023_2025_k0_4_12
forecast_only_latw_audit_US-R6,forecast_only_latw_audit_US-R6_forecast_only_10427,forecast_only,2022-07-05,10427,7,JJA,,artifacts/splits/US_loro_kdate_splits.json,artifacts/regions/US_region_masks.nc,US,US-R6,US-R5,US-R6,target_context,12,0,rootzone,increment_rmse,0.0005754239333991997,6000,1,0.03662109375,hyperda_v4_final_2015_2025_context2022_query2023_2025_k0_4_12
forecast_only_latw_audit_US-R6,forecast_only_latw_audit_US-R6_forecast_only_10427,forecast_only,2022-07-05,10427,7,JJA,,artifacts/splits/US_loro_kdate_splits.json,artifacts/regions/US_region_masks.nc,US,US-R6,US-R5,US-R6,target_context,12,0,rootzone,increment_mae,0.00038190969328085584,6000,1,0.03662109375,hyperda_v4_final_2015_2025_context2022_query2023_2025_k0_4_12
forecast_only_latw_audit_US-R6,forecast_only_latw_audit_US-R6_forecast_only_10427,forecast_only,2022-07-05,10427,7,JJA,,artifacts/splits/US_loro_kdate_splits.json,artifacts/regions/US_region_masks.nc,US,US-R6,US-R5,US-R6,target_context,12,0,rootzone,increment_bias,0.0001907492633908987,6000,1,0.03662109375,hyperda_v4_final_2015_2025_context2022_query2023_2025_k0_4_12
forecast_only_latw_audit_US-R6,forecast_only_latw_audit_US-R6_forecast_only_10427,forecast_only,2022-07-05,10427,7,JJA,,artifacts/splits/US_loro_kdate_splits.json,artifacts/regions/US_region_masks.nc,US,US-R6,US-R5,US-R6,target_context,12,0,rootzone,increment_corr,,6000,1,0.03662109375,hyperda_v4_final_2015_2025_context2022_query2023_2025_k0_4_12
forecast_only_latw_audit_US-R6,forecast_only_latw_audit_US-R6_forecast_only_10427,forecast_only,2022-07-05,10427,7,JJA,,artifacts/splits/US_loro_kdate_splits.json,artifacts/regions/US_region_masks.nc,US,US-R6,US-R5,US-R6,target_context,12,0,rootzone,sign_accuracy_deadzone,,6000,1,0.03662109375,hyperda_v4_final_2015_2025_context2022_query2023_2025_k0_4_12
forecast_only_latw_audit_US-R6,forecast_only_latw_audit_US-R6_forecast_only_10427,forecast_only,2022-07-05,10427,7,JJA,,artifacts/splits/US_loro_kdate_splits.json,artifacts/regions/US_region_masks.nc,US,US-R6,US-R5,US-R6,target_context,12,0,rootzone,high_update_increment_skill,0.0,6000,1,0.03662109375,hyperda_v4_final_2015_2025_context2022_query2023_2025_k0_4_12
forecast_only_latw_audit_US-R6,forecast_only_latw_audit_US-R6_forecast_only_10427,forecast_only,2022-07-05,10427,7,JJA,,artifacts/splits/US_loro_kdate_splits.json,artifacts/regions/US_region_masks.nc,US,US-R6,US-R5,US-R6,target_context,12,0,rootzone,analysis_mse_latw,3.2648325732470617e-07,6000,1,0.03662109375,hyperda_v4_final_2015_2025_context2022_query2023_2025_k0_4_12
forecast_only_latw_audit_US-R6,forecast_only_latw_audit_US-R6_forecast_only_10427,forecast_only,2022-07-05,10427,7,JJA,,artifacts/splits/US_loro_kdate_splits.json,artifacts/regions/US_region_masks.nc,US,US-R6,US-R5,US-R6,target_context,12,0,rootzone,analysis_rmse_latw,0.0005713871343710026,6000,1,0.03662109375,hyperda_v4_final_2015_2025_context2022_query2023_2025_k0_4_12
forecast_only_latw_audit_US-R6,forecast_only_latw_audit_US-R6_forecast_only_10427,forecast_only,2022-07-05,10427,7,JJA,,artifacts/splits/US_loro_kdate_splits.json,artifacts/regions/US_region_masks.nc,US,US-R6,US-R5,US-R6,target_context,12,0,rootzone,analysis_rmse_sqrt_before_time_avg_latw,0.0005713871343710026,6000,1,0.03662109375,hyperda_v4_final_2015_2025_context2022_query2023_2025_k0_4_12
forecast_only_latw_audit_US-R6,forecast_only_latw_audit_US-R6_forecast_only_10427,forecast_only,2022-07-05,10427,7,JJA,,artifacts/splits/US_loro_kdate_splits.json,artifacts/regions/US_region_masks.nc,US,US-R6,US-R5,US-R6,target_context,12,0,rootzone,analysis_skill_vs_forecast_latw,0.0,6000,1,0.03662109375,hyperda_v4_final_2015_2025_context2022_query2023_2025_k0_4_12
forecast_only_latw_audit_US-R6,forecast_only_latw_audit_US-R6_forecast_only_10427,forecast_only,2022-07-05,10427,7,JJA,,artifacts/splits/US_loro_kdate_splits.json,artifacts/regions/US_region_masks.nc,US,US-R6,US-R5,US-R6,target_context,12,0,rootzone,increment_mse_latw,3.2648325732470617e-07,6000,1,0.03662109375,hyperda_v4_final_2015_2025_context2022_query2023_2025_k0_4_12
forecast_only_latw_audit_US-R6,forecast_only_latw_audit_US-R6_forecast_only_10427,forecast_only,2022-07-05,10427,7,JJA,,artifacts/splits/US_loro_kdate_splits.json,artifacts/regions/US_region_masks.nc,US,US-R6,US-R5,US-R6,target_context,12,0,rootzone,increment_rmse_latw,0.0005713871343710026,6000,1,0.03662109375,hyperda_v4_final_2015_2025_context2022_query2023_2025_k0_4_12
forecast_only_latw_audit_US-R6,forecast_only_latw_audit_US-R6_forecast_only_10427,forecast_only,2022-07-05,10427,7,JJA,,artifacts/splits/US_loro_kdate_splits.json,artifacts/regions/US_region_masks.nc,US,US-R6,US-R5,US-R6,target_context,12,0,rootzone,increment_rmse_sqrt_before_time_avg_latw,0.0005713871343710026,6000,1,0.03662109375,hyperda_v4_final_2015_2025_context2022_query2023_2025_k0_4_12
forecast_only_latw_audit_US-R6,forecast_only_latw_audit_US-R6_forecast_only_10427,forecast_only,2022-07-05,10427,7,JJA,,artifacts/splits/US_loro_kdate_splits.json,artifacts/regions/US_region_masks.nc,US,US-R6,US-R5,US-R6,target_context,12,0,rootzone,increment_mae_latw,0.0003782895659404457,6000,1,0.03662109375,hyperda_v4_final_2015_2025_context2022_query2023_2025_k0_4_12
forecast_only_latw_audit_US-R6,forecast_only_latw_audit_US-R6_forecast_only_10427,forecast_only,2022-07-05,10427,7,JJA,,artifacts/splits/US_loro_kdate_splits.json,artifacts/regions/US_region_masks.nc,US,US-R6,US-R5,US-R6,target_context,12,0,rootzone,increment_bias_latw,0.00018679933066221923,6000,1,0.03662109375,hyperda_v4_final_2015_2025_context2022_query2023_2025_k0_4_12
forecast_only_latw_audit_US-R6,forecast_only_latw_audit_US-R6_forecast_only_10427,forecast_only,2022-07-05,10427,7,JJA,,artifacts/splits/US_loro_kdate_splits.json,artifacts/regions/US_region_masks.nc,US,US-R6,US-R5,US-R6,target_context,12,0,rootzone,increment_corr_latw,,6000,1,0.03662109375,hyperda_v4_final_2015_2025_context2022_query2023_2025_k0_4_12
forecast_only_latw_audit_US-R6,forecast_only_latw_audit_US-R6_forecast_only_10561,forecast_only,2022-08-05,10561,8,JJA,,artifacts/splits/US_loro_kdate_splits.json,artifacts/regions/US_region_masks.nc,US,US-R6,US-R5,US-R6,target_context,12,0,surface,analysis_rmse,0.008234092910525645,6000,1,0.03662109375,hyperda_v4_final_2015_2025_context2022_query2023_2025_k0_4_12
forecast_only_latw_audit_US-R6,forecast_only_latw_audit_US-R6_forecast_only_10561,forecast_only,2022-08-05,10561,8,JJA,,artifacts/splits/US_loro_kdate_splits.json,artifacts/regions/US_region_masks.nc,US,US-R6,US-R5,US-R6,target_context,12,0,surface,analysis_mae,0.0057516791227584085,6000,1,0.03662109375,hyperda_v4_final_2015_2025_context2022_query2023_2025_k0_4_12
forecast_only_latw_audit_US-R6,forecast_only_latw_audit_US-R6_forecast_only_10561,forecast_only,2022-08-05,10561,8,JJA,,artifacts/splits/US_loro_kdate_splits.json,artifacts/regions/US_region_masks.nc,US,US-R6,US-R5,US-R6,target_context,12,0,surface,analysis_skill_vs_forecast,0.0,6000,1,0.03662109375,hyperda_v4_final_2015_2025_context2022_query2023_2025_k0_4_12
forecast_only_latw_audit_US-R6,forecast_only_latw_audit_US-R6_forecast_only_10561,forecast_only,2022-08-05,10561,8,JJA,,artifacts/splits/US_loro_kdate_splits.json,artifacts/regions/US_region_masks.nc,US,US-R6,US-R5,US-R6,target_context,12,0,surface,increment_rmse,0.008234092910525645,6000,1,0.03662109375,hyperda_v4_final_2015_2025_context2022_query2023_2025_k0_4_12
forecast_only_latw_audit_US-R6,forecast_only_latw_audit_US-R6_forecast_only_10561,forecast_only,2022-08-05,10561,8,JJA,,artifacts/splits/US_loro_kdate_splits.json,artifacts/regions/US_region_masks.nc,US,US-R6,US-R5,US-R6,target_context,12,0,surface,increment_mae,0.0057516791227584085,6000,1,0.03662109375,hyperda_v4_final_2015_2025_context2022_query2023_2025_k0_4_12
forecast_only_latw_audit_US-R6,forecast_only_latw_audit_US-R6_forecast_only_10561,forecast_only,2022-08-05,10561,8,JJA,,artifacts/splits/US_loro_kdate_splits.json,artifacts/regions/US_region_masks.nc,US,US-R6,US-R5,US-R6,target_context,12,0,surface,increment_bias,0.0035303301143770416,6000,1,0.03662109375,hyperda_v4_final_2015_2025_context2022_query2023_2025_k0_4_12
forecast_only_latw_audit_US-R6,forecast_only_latw_audit_US-R6_forecast_only_10561,forecast_only,2022-08-05,10561,8,JJA,,artifacts/splits/US_loro_kdate_splits.json,artifacts/regions/US_region_masks.nc,US,US-R6,US-R5,US-R6,target_context,12,0,surface,increment_corr,,6000,1,0.03662109375,hyperda_v4_final_2015_2025_context2022_query2023_2025_k0_4_12
forecast_only_latw_audit_US-R6,forecast_only_latw_audit_US-R6_forecast_only_10561,forecast_only,2022-08-05,10561,8,JJA,,artifacts/splits/US_loro_kdate_splits.json,artifacts/regions/US_region_masks.nc,US,US-R6,US-R5,US-R6,target_context,12,0,surface,sign_accuracy_deadzone,0.0,6000,1,0.03662109375,hyperda_v4_final_2015_2025_context2022_query2023_2025_k0_4_12
forecast_only_latw_audit_US-R6,forecast_only_latw_audit_US-R6_forecast_only_10561,forecast_only,2022-08-05,10561,8,JJA,,artifacts/splits/US_loro_kdate_splits.json,artifacts/regions/US_region_masks.nc,US,US-R6,US-R5,US-R6,target_context,12,0,surface,high_update_increment_skill,0.0,6000,1,0.03662109375,hyperda_v4_final_2015_2025_context2022_query2023_2025_k0_4_12
forecast_only_latw_audit_US-R6,forecast_only_latw_audit_US-R6_forecast_only_10561,forecast_only,2022-08-05,10561,8,JJA,,artifacts/splits/US_loro_kdate_splits.json,artifacts/regions/US_region_masks.nc,US,US-R6,US-R5,US-R6,target_context,12,0,surface,analysis_mse_latw,6.82687173372535e-05,6000,1,0.03662109375,hyperda_v4_final_2015_2025_context2022_query2023_2025_k0_4_12
forecast_only_latw_audit_US-R6,forecast_only_latw_audit_US-R6_forecast_only_10561,forecast_only,2022-08-05,10561,8,JJA,,artifacts/splits/US_loro_kdate_splits.json,artifacts/regions/US_region_masks.nc,US,US-R6,US-R5,US-R6,target_context,12,0,surface,analysis_rmse_latw,0.008262488568055844,6000,1,0.03662109375,hyperda_v4_final_2015_2025_context2022_query2023_2025_k0_4_12
forecast_only_latw_audit_US-R6,forecast_only_latw_audit_US-R6_forecast_only_10561,forecast_only,2022-08-05,10561,8,JJA,,artifacts/splits/US_loro_kdate_splits.json,artifacts/regions/US_region_masks.nc,US,US-R6,US-R5,US-R6,target_context,12,0,surface,analysis_rmse_sqrt_before_time_avg_latw,0.008262488568055844,6000,1,0.03662109375,hyperda_v4_final_2015_2025_context2022_query2023_2025_k0_4_12
forecast_only_latw_audit_US-R6,forecast_only_latw_audit_US-R6_forecast_only_10561,forecast_only,2022-08-05,10561,8,JJA,,artifacts/splits/US_loro_kdate_splits.json,artifacts/regions/US_region_masks.nc,US,US-R6,US-R5,US-R6,target_context,12,0,surface,analysis_skill_vs_forecast_latw,0.0,6000,1,0.03662109375,hyperda_v4_final_2015_2025_context2022_query2023_2025_k0_4_12
forecast_only_latw_audit_US-R6,forecast_only_latw_audit_US-R6_forecast_only_10561,forecast_only,2022-08-05,10561,8,JJA,,artifacts/splits/US_loro_kdate_splits.json,artifacts/regions/US_region_masks.nc,US,US-R6,US-R5,US-R6,target_context,12,0,surface,increment_mse_latw,6.82687173372535e-05,6000,1,0.03662109375,hyperda_v4_final_2015_2025_context2022_query2023_2025_k0_4_12
forecast_only_latw_audit_US-R6,forecast_only_latw_audit_US-R6_forecast_only_10561,forecast_only,2022-08-05,10561,8,JJA,,artifacts/splits/US_loro_kdate_splits.json,artifacts/regions/US_region_masks.nc,US,US-R6,US-R5,US-R6,target_context,12,0,surface,increment_rmse_latw,0.008262488568055844,6000,1,0.03662109375,hyperda_v4_final_2015_2025_context2022_query2023_2025_k0_4_12
forecast_only_latw_audit_US-R6,forecast_only_latw_audit_US-R6_forecast_only_10561,forecast_only,2022-08-05,10561,8,JJA,,artifacts/splits/US_loro_kdate_splits.json,artifacts/regions/US_region_masks.nc,US,US-R6,US-R5,US-R6,target_context,12,0,surface,increment_rmse_sqrt_before_time_avg_latw,0.008262488568055844,6000,1,0.03662109375,hyperda_v4_final_2015_2025_context2022_query2023_2025_k0_4_12
forecast_only_latw_audit_US-R6,forecast_only_latw_audit_US-R6_forecast_only_10561,forecast_only,2022-08-05,10561,8,JJA,,artifacts/splits/US_loro_kdate_splits.json,artifacts/regions/US_region_masks.nc,US,US-R6,US-R5,US-R6,target_context,12,0,surface,increment_mae_latw,0.005775759258320498,6000,1,0.03662109375,hyperda_v4_final_2015_2025_context2022_query2023_2025_k0_4_12
forecast_only_latw_audit_US-R6,forecast_only_latw_audit_US-R6_forecast_only_10561,forecast_only,2022-08-05,10561,8,JJA,,artifacts/splits/US_loro_kdate_splits.json,artifacts/regions/US_region_masks.nc,US,US-R6,US-R5,US-R6,target_context,12,0,surface,increment_bias_latw,0.003481031698744977,6000,1,0.03662109375,hyperda_v4_final_2015_2025_context2022_query2023_2025_k0_4_12
forecast_only_latw_audit_US-R6,forecast_only_latw_audit_US-R6_forecast_only_10561,forecast_only,2022-08-05,10561,8,JJA,,artifacts/splits/US_loro_kdate_splits.json,artifacts/regions/US_region_masks.nc,US,US-R6,US-R5,US-R6,target_context,12,0,surface,increment_corr_latw,,6000,1,0.03662109375,hyperda_v4_final_2015_2025_context2022_query2023_2025_k0_4_12
forecast_only_latw_audit_US-R6,forecast_only_latw_audit_US-R6_forecast_only_10561,forecast_only,2022-08-05,10561,8,JJA,,artifacts/splits/US_loro_kdate_splits.json,artifacts/regions/US_region_masks.nc,US,US-R6,US-R5,US-R6,target_context,12,0,rootzone,analysis_rmse,0.00046406966814280747,6000,1,0.03662109375,hyperda_v4_final_2015_2025_context2022_query2023_2025_k0_4_12
forecast_only_latw_audit_US-R6,forecast_only_latw_audit_US-R6_forecast_only_10561,forecast_only,2022-08-05,10561,8,JJA,,artifacts/splits/US_loro_kdate_splits.json,artifacts/regions/US_region_masks.nc,US,US-R6,US-R5,US-R6,target_context,12,0,rootzone,analysis_mae,0.0003150525164480011,6000,1,0.03662109375,hyperda_v4_final_2015_2025_context2022_query2023_2025_k0_4_12
forecast_only_latw_audit_US-R6,forecast_only_latw_audit_US-R6_forecast_only_10561,forecast_only,2022-08-05,10561,8,JJA,,artifacts/splits/US_loro_kdate_splits.json,artifacts/regions/US_region_masks.nc,US,US-R6,US-R5,US-R6,target_context,12,0,rootzone,analysis_skill_vs_forecast,0.0,6000,1,0.03662109375,hyperda_v4_final_2015_2025_context2022_query2023_2025_k0_4_12
forecast_only_latw_audit_US-R6,forecast_only_latw_audit_US-R6_forecast_only_10561,forecast_only,2022-08-05,10561,8,JJA,,artifacts/splits/US_loro_kdate_splits.json,artifacts/regions/US_region_masks.nc,US,US-R6,US-R5,US-R6,target_context,12,0,rootzone,increment_rmse,0.00046406966814280747,6000,1,0.03662109375,hyperda_v4_final_2015_2025_context2022_query2023_2025_k0_4_12
forecast_only_latw_audit_US-R6,forecast_only_latw_audit_US-R6_forecast_only_10561,forecast_only,2022-08-05,10561,8,JJA,,artifacts/splits/US_loro_kdate_splits.json,artifacts/regions/US_region_masks.nc,US,US-R6,US-R5,US-R6,target_context,12,0,rootzone,increment_mae,0.0003150525164480011,6000,1,0.03662109375,hyperda_v4_final_2015_2025_context2022_query2023_2025_k0_4_12
forecast_only_latw_audit_US-R6,forecast_only_latw_audit_US-R6_forecast_only_10561,forecast_only,2022-08-05,10561,8,JJA,,artifacts/splits/US_loro_kdate_splits.json,artifacts/regions/US_region_masks.nc,US,US-R6,US-R5,US-R6,target_context,12,0,rootzone,increment_bias,0.00017697412427514792,6000,1,0.03662109375,hyperda_v4_final_2015_2025_context2022_query2023_2025_k0_4_12
forecast_only_latw_audit_US-R6,forecast_only_latw_audit_US-R6_forecast_only_10561,forecast_only,2022-08-05,10561,8,JJA,,artifacts/splits/US_loro_kdate_splits.json,artifacts/regions/US_region_masks.nc,US,US-R6,US-R5,US-R6,target_context,12,0,rootzone,increment_corr,,6000,1,0.03662109375,hyperda_v4_final_2015_2025_context2022_query2023_2025_k0_4_12
forecast_only_latw_audit_US-R6,forecast_only_latw_audit_US-R6_forecast_only_10561,forecast_only,2022-08-05,10561,8,JJA,,artifacts/splits/US_loro_kdate_splits.json,artifacts/regions/US_region_masks.nc,US,US-R6,US-R5,US-R6,target_context,12,0,rootzone,sign_accuracy_deadzone,,6000,1,0.03662109375,hyperda_v4_final_2015_2025_context2022_query2023_2025_k0_4_12
forecast_only_latw_audit_US-R6,forecast_only_latw_audit_US-R6_forecast_only_10561,forecast_only,2022-08-05,10561,8,JJA,,artifacts/splits/US_loro_kdate_splits.json,artifacts/regions/US_region_masks.nc,US,US-R6,US-R5,US-R6,target_context,12,0,rootzone,high_update_increment_skill,0.0,6000,1,0.03662109375,hyperda_v4_final_2015_2025_context2022_query2023_2025_k0_4_12
forecast_only_latw_audit_US-R6,forecast_only_latw_audit_US-R6_forecast_only_10561,forecast_only,2022-08-05,10561,8,JJA,,artifacts/splits/US_loro_kdate_splits.json,artifacts/regions/US_region_masks.nc,US,US-R6,US-R5,US-R6,target_context,12,0,rootzone,analysis_mse_latw,2.1782678858243048e-07,6000,1,0.03662109375,hyperda_v4_final_2015_2025_context2022_query2023_2025_k0_4_12
forecast_only_latw_audit_US-R6,forecast_only_latw_audit_US-R6_forecast_only_10561,forecast_only,2022-08-05,10561,8,JJA,,artifacts/splits/US_loro_kdate_splits.json,artifacts/regions/US_region_masks.nc,US,US-R6,US-R5,US-R6,target_context,12,0,rootzone,analysis_rmse_latw,0.0004667191752889852,6000,1,0.03662109375,hyperda_v4_final_2015_2025_context2022_query2023_2025_k0_4_12
forecast_only_latw_audit_US-R6,forecast_only_latw_audit_US-R6_forecast_only_10561,forecast_only,2022-08-05,10561,8,JJA,,artifacts/splits/US_loro_kdate_splits.json,artifacts/regions/US_region_masks.nc,US,US-R6,US-R5,US-R6,target_context,12,0,rootzone,analysis_rmse_sqrt_before_time_avg_latw,0.0004667191752889852,6000,1,0.03662109375,hyperda_v4_final_2015_2025_context2022_query2023_2025_k0_4_12
forecast_only_latw_audit_US-R6,forecast_only_latw_audit_US-R6_forecast_only_10561,forecast_only,2022-08-05,10561,8,JJA,,artifacts/splits/US_loro_kdate_splits.json,artifacts/regions/US_region_masks.nc,US,US-R6,US-R5,US-R6,target_context,12,0,rootzone,analysis_skill_vs_forecast_latw,0.0,6000,1,0.03662109375,hyperda_v4_final_2015_2025_context2022_query2023_2025_k0_4_12
forecast_only_latw_audit_US-R6,forecast_only_latw_audit_US-R6_forecast_only_10561,forecast_only,2022-08-05,10561,8,JJA,,artifacts/splits/US_loro_kdate_splits.json,artifacts/regions/US_region_masks.nc,US,US-R6,US-R5,US-R6,target_context,12,0,rootzone,increment_mse_latw,2.1782678858243048e-07,6000,1,0.03662109375,hyperda_v4_final_2015_2025_context2022_query2023_2025_k0_4_12
forecast_only_latw_audit_US-R6,forecast_only_latw_audit_US-R6_forecast_only_10561,forecast_only,2022-08-05,10561,8,JJA,,artifacts/splits/US_loro_kdate_splits.json,artifacts/regions/US_region_masks.nc,US,US-R6,US-R5,US-R6,target_context,12,0,rootzone,increment_rmse_latw,0.0004667191752889852,6000,1,0.03662109375,hyperda_v4_final_2015_2025_context2022_query2023_2025_k0_4_12
forecast_only_latw_audit_US-R6,forecast_only_latw_audit_US-R6_forecast_only_10561,forecast_only,2022-08-05,10561,8,JJA,,artifacts/splits/US_loro_kdate_splits.json,artifacts/regions/US_region_masks.nc,US,US-R6,US-R5,US-R6,target_context,12,0,rootzone,increment_rmse_sqrt_before_time_avg_latw,0.0004667191752889852,6000,1,0.03662109375,hyperda_v4_final_2015_2025_context2022_query2023_2025_k0_4_12
forecast_only_latw_audit_US-R6,forecast_only_latw_audit_US-R6_forecast_only_10561,forecast_only,2022-08-05,10561,8,JJA,,artifacts/splits/US_loro_kdate_splits.json,artifacts/regions/US_region_masks.nc,US,US-R6,US-R5,US-R6,target_context,12,0,rootzone,increment_mae_latw,0.0003170093122466575,6000,1,0.03662109375,hyperda_v4_final_2015_2025_context2022_query2023_2025_k0_4_12
forecast_only_latw_audit_US-R6,forecast_only_latw_audit_US-R6_forecast_only_10561,forecast_only,2022-08-05,10561,8,JJA,,artifacts/splits/US_loro_kdate_splits.json,artifacts/regions/US_region_masks.nc,US,US-R6,US-R5,US-R6,target_context,12,0,rootzone,increment_bias_latw,0.00017460330057404288,6000,1,0.03662109375,hyperda_v4_final_2015_2025_context2022_query2023_2025_k0_4_12
forecast_only_latw_audit_US-R6,forecast_only_latw_audit_US-R6_forecast_only_10561,forecast_only,2022-08-05,10561,8,JJA,,artifacts/splits/US_loro_kdate_splits.json,artifacts/regions/US_region_masks.nc,US,US-R6,US-R5,US-R6,target_context,12,0,rootzone,increment_corr_latw,,6000,1,0.03662109375,hyperda_v4_final_2015_2025_context2022_query2023_2025_k0_4_12
forecast_only_latw_audit_US-R6,forecast_only_latw_audit_US-R6_forecast_only_10584,forecast_only,2022-09-25,10584,9,SON,,artifacts/splits/US_loro_kdate_splits.json,artifacts/regions/US_region_masks.nc,US,US-R6,US-R5,US-R6,target_context,12,0,surface,analysis_rmse,0.01543473624559896,6000,1,0.03662109375,hyperda_v4_final_2015_2025_context2022_query2023_2025_k0_4_12
forecast_only_latw_audit_US-R6,forecast_only_latw_audit_US-R6_forecast_only_10584,forecast_only,2022-09-25,10584,9,SON,,artifacts/splits/US_loro_kdate_splits.json,artifacts/regions/US_region_masks.nc,US,US-R6,US-R5,US-R6,target_context,12,0,surface,analysis_mae,0.01126565747242421,6000,1,0.03662109375,hyperda_v4_final_2015_2025_context2022_query2023_2025_k0_4_12
forecast_only_latw_audit_US-R6,forecast_only_latw_audit_US-R6_forecast_only_10584,forecast_only,2022-09-25,10584,9,SON,,artifacts/splits/US_loro_kdate_splits.json,artifacts/regions/US_region_masks.nc,US,US-R6,US-R5,US-R6,target_context,12,0,surface,analysis_skill_vs_forecast,0.0,6000,1,0.03662109375,hyperda_v4_final_2015_2025_context2022_query2023_2025_k0_4_12
forecast_only_latw_audit_US-R6,forecast_only_latw_audit_US-R6_forecast_only_10584,forecast_only,2022-09-25,10584,9,SON,,artifacts/splits/US_loro_kdate_splits.json,artifacts/regions/US_region_masks.nc,US,US-R6,US-R5,US-R6,target_context,12,0,surface,increment_rmse,0.01543473624559896,6000,1,0.03662109375,hyperda_v4_final_2015_2025_context2022_query2023_2025_k0_4_12
forecast_only_latw_audit_US-R6,forecast_only_latw_audit_US-R6_forecast_only_10584,forecast_only,2022-09-25,10584,9,SON,,artifacts/splits/US_loro_kdate_splits.json,artifacts/regions/US_region_masks.nc,US,US-R6,US-R5,US-R6,target_context,12,0,surface,increment_mae,0.01126565747242421,6000,1,0.03662109375,hyperda_v4_final_2015_2025_context2022_query2023_2025_k0_4_12
forecast_only_latw_audit_US-R6,forecast_only_latw_audit_US-R6_forecast_only_10584,forecast_only,2022-09-25,10584,9,SON,,artifacts/splits/US_loro_kdate_splits.json,artifacts/regions/US_region_masks.nc,US,US-R6,US-R5,US-R6,target_context,12,0,surface,increment_bias,-0.0012822025526935856,6000,1,0.03662109375,hyperda_v4_final_2015_2025_context2022_query2023_2025_k0_4_12
forecast_only_latw_audit_US-R6,forecast_only_latw_audit_US-R6_forecast_only_10584,forecast_only,2022-09-25,10584,9,SON,,artifacts/splits/US_loro_kdate_splits.json,artifacts/regions/US_region_masks.nc,US,US-R6,US-R5,US-R6,target_context,12,0,surface,increment_corr,,6000,1,0.03662109375,hyperda_v4_final_2015_2025_context2022_query2023_2025_k0_4_12
forecast_only_latw_audit_US-R6,forecast_only_latw_audit_US-R6_forecast_only_10584,forecast_only,2022-09-25,10584,9,SON,,artifacts/splits/US_loro_kdate_splits.json,artifacts/regions/US_region_masks.nc,US,US-R6,US-R5,US-R6,target_context,12,0,surface,sign_accuracy_deadzone,0.0,6000,1,0.03662109375,hyperda_v4_final_2015_2025_context2022_query2023_2025_k0_4_12
forecast_only_latw_audit_US-R6,forecast_only_latw_audit_US-R6_forecast_only_10584,forecast_only,2022-09-25,10584,9,SON,,artifacts/splits/US_loro_kdate_splits.json,artifacts/regions/US_region_masks.nc,US,US-R6,US-R5,US-R6,target_context,12,0,surface,high_update_increment_skill,0.0,6000,1,0.03662109375,hyperda_v4_final_2015_2025_context2022_query2023_2025_k0_4_12
forecast_only_latw_audit_US-R6,forecast_only_latw_audit_US-R6_forecast_only_10584,forecast_only,2022-09-25,10584,9,SON,,artifacts/splits/US_loro_kdate_splits.json,artifacts/regions/US_region_masks.nc,US,US-R6,US-R5,US-R6,target_context,12,0,surface,analysis_mse_latw,0.0002383552012958251,6000,1,0.03662109375,hyperda_v4_final_2015_2025_context2022_query2023_2025_k0_4_12
forecast_only_latw_audit_US-R6,forecast_only_latw_audit_US-R6_forecast_only_10584,forecast_only,2022-09-25,10584,9,SON,,artifacts/splits/US_loro_kdate_splits.json,artifacts/regions/US_region_masks.nc,US,US-R6,US-R5,US-R6,target_context,12,0,surface,analysis_rmse_latw,0.015438756468570423,6000,1,0.03662109375,hyperda_v4_final_2015_2025_context2022_query2023_2025_k0_4_12
forecast_only_latw_audit_US-R6,forecast_only_latw_audit_US-R6_forecast_only_10584,forecast_only,2022-09-25,10584,9,SON,,artifacts/splits/US_loro_kdate_splits.json,artifacts/regions/US_region_masks.nc,US,US-R6,US-R5,US-R6,target_context,12,0,surface,analysis_rmse_sqrt_before_time_avg_latw,0.015438756468570423,6000,1,0.03662109375,hyperda_v4_final_2015_2025_context2022_query2023_2025_k0_4_12
forecast_only_latw_audit_US-R6,forecast_only_latw_audit_US-R6_forecast_only_10584,forecast_only,2022-09-25,10584,9,SON,,artifacts/splits/US_loro_kdate_splits.json,artifacts/regions/US_region_masks.nc,US,US-R6,US-R5,US-R6,target_context,12,0,surface,analysis_skill_vs_forecast_latw,0.0,6000,1,0.03662109375,hyperda_v4_final_2015_2025_context2022_query2023_2025_k0_4_12
forecast_only_latw_audit_US-R6,forecast_only_latw_audit_US-R6_forecast_only_10584,forecast_only,2022-09-25,10584,9,SON,,artifacts/splits/US_loro_kdate_splits.json,artifacts/regions/US_region_masks.nc,US,US-R6,US-R5,US-R6,target_context,12,0,surface,increment_mse_latw,0.0002383552012958251,6000,1,0.03662109375,hyperda_v4_final_2015_2025_context2022_query2023_2025_k0_4_12
forecast_only_latw_audit_US-R6,forecast_only_latw_audit_US-R6_forecast_only_10584,forecast_only,2022-09-25,10584,9,SON,,artifacts/splits/US_loro_kdate_splits.json,artifacts/regions/US_region_masks.nc,US,US-R6,US-R5,US-R6,target_context,12,0,surface,increment_rmse_latw,0.015438756468570423,6000,1,0.03662109375,hyperda_v4_final_2015_2025_context2022_query2023_2025_k0_4_12
forecast_only_latw_audit_US-R6,forecast_only_latw_audit_US-R6_forecast_only_10584,forecast_only,2022-09-25,10584,9,SON,,artifacts/splits/US_loro_kdate_splits.json,artifacts/regions/US_region_masks.nc,US,US-R6,US-R5,US-R6,target_context,12,0,surface,increment_rmse_sqrt_before_time_avg_latw,0.015438756468570423,6000,1,0.03662109375,hyperda_v4_final_2015_2025_context2022_query2023_2025_k0_4_12
forecast_only_latw_audit_US-R6,forecast_only_latw_audit_US-R6_forecast_only_10584,forecast_only,2022-09-25,10584,9,SON,,artifacts/splits/US_loro_kdate_splits.json,artifacts/regions/US_region_masks.nc,US,US-R6,US-R5,US-R6,target_context,12,0,surface,increment_mae_latw,0.011280440231526655,6000,1,0.03662109375,hyperda_v4_final_2015_2025_context2022_query2023_2025_k0_4_12
forecast_only_latw_audit_US-R6,forecast_only_latw_audit_US-R6_forecast_only_10584,forecast_only,2022-09-25,10584,9,SON,,artifacts/splits/US_loro_kdate_splits.json,artifacts/regions/US_region_masks.nc,US,US-R6,US-R5,US-R6,target_context,12,0,surface,increment_bias_latw,-0.0014002683811948793,6000,1,0.03662109375,hyperda_v4_final_2015_2025_context2022_query2023_2025_k0_4_12
forecast_only_latw_audit_US-R6,forecast_only_latw_audit_US-R6_forecast_only_10584,forecast_only,2022-09-25,10584,9,SON,,artifacts/splits/US_loro_kdate_splits.json,artifacts/regions/US_region_masks.nc,US,US-R6,US-R5,US-R6,target_context,12,0,surface,increment_corr_latw,,6000,1,0.03662109375,hyperda_v4_final_2015_2025_context2022_query2023_2025_k0_4_12
forecast_only_latw_audit_US-R6,forecast_only_latw_audit_US-R6_forecast_only_10584,forecast_only,2022-09-25,10584,9,SON,,artifacts/splits/US_loro_kdate_splits.json,artifacts/regions/US_region_masks.nc,US,US-R6,US-R5,US-R6,target_context,12,0,rootzone,analysis_rmse,0.0009150392851511606,6000,1,0.03662109375,hyperda_v4_final_2015_2025_context2022_query2023_2025_k0_4_12
forecast_only_latw_audit_US-R6,forecast_only_latw_audit_US-R6_forecast_only_10584,forecast_only,2022-09-25,10584,9,SON,,artifacts/splits/US_loro_kdate_splits.json,artifacts/regions/US_region_masks.nc,US,US-R6,US-R5,US-R6,target_context,12,0,rootzone,analysis_mae,0.0006597336477910479,6000,1,0.03662109375,hyperda_v4_final_2015_2025_context2022_query2023_2025_k0_4_12
forecast_only_latw_audit_US-R6,forecast_only_latw_audit_US-R6_forecast_only_10584,forecast_only,2022-09-25,10584,9,SON,,artifacts/splits/US_loro_kdate_splits.json,artifacts/regions/US_region_masks.nc,US,US-R6,US-R5,US-R6,target_context,12,0,rootzone,analysis_skill_vs_forecast,0.0,6000,1,0.03662109375,hyperda_v4_final_2015_2025_context2022_query2023_2025_k0_4_12
forecast_only_latw_audit_US-R6,forecast_only_latw_audit_US-R6_forecast_only_10584,forecast_only,2022-09-25,10584,9,SON,,artifacts/splits/US_loro_kdate_splits.json,artifacts/regions/US_region_masks.nc,US,US-R6,US-R5,US-R6,target_context,12,0,rootzone,increment_rmse,0.0009150392851511606,6000,1,0.03662109375,hyperda_v4_final_2015_2025_context2022_query2023_2025_k0_4_12
forecast_only_latw_audit_US-R6,forecast_only_latw_audit_US-R6_forecast_only_10584,forecast_only,2022-09-25,10584,9,SON,,artifacts/splits/US_loro_kdate_splits.json,artifacts/regions/US_region_masks.nc,US,US-R6,US-R5,US-R6,target_context,12,0,rootzone,increment_mae,0.0006597336477910479,6000,1,0.03662109375,hyperda_v4_final_2015_2025_context2022_query2023_2025_k0_4_12
forecast_only_latw_audit_US-R6,forecast_only_latw_audit_US-R6_forecast_only_10584,forecast_only,2022-09-25,10584,9,SON,,artifacts/splits/US_loro_kdate_splits.json,artifacts/regions/US_region_masks.nc,US,US-R6,US-R5,US-R6,target_context,12,0,rootzone,increment_bias,-0.00011482869616399209,6000,1,0.03662109375,hyperda_v4_final_2015_2025_context2022_query2023_2025_k0_4_12
forecast_only_latw_audit_US-R6,forecast_only_latw_audit_US-R6_forecast_only_10584,forecast_only,2022-09-25,10584,9,SON,,artifacts/splits/US_loro_kdate_splits.json,artifacts/regions/US_region_masks.nc,US,US-R6,US-R5,US-R6,target_context,12,0,rootzone,increment_corr,,6000,1,0.03662109375,hyperda_v4_final_2015_2025_context2022_query2023_2025_k0_4_12
forecast_only_latw_audit_US-R6,forecast_only_latw_audit_US-R6_forecast_only_10584,forecast_only,2022-09-25,10584,9,SON,,artifacts/splits/US_loro_kdate_splits.json,artifacts/regions/US_region_masks.nc,US,US-R6,US-R5,US-R6,target_context,12,0,rootzone,sign_accuracy_deadzone,,6000,1,0.03662109375,hyperda_v4_final_2015_2025_context2022_query2023_2025_k0_4_12
forecast_only_latw_audit_US-R6,forecast_only_latw_audit_US-R6_forecast_only_10584,forecast_only,2022-09-25,10584,9,SON,,artifacts/splits/US_loro_kdate_splits.json,artifacts/regions/US_region_masks.nc,US,US-R6,US-R5,US-R6,target_context,12,0,rootzone,high_update_increment_skill,0.0,6000,1,0.03662109375,hyperda_v4_final_2015_2025_context2022_query2023_2025_k0_4_12
forecast_only_latw_audit_US-R6,forecast_only_latw_audit_US-R6_forecast_only_10584,forecast_only,2022-09-25,10584,9,SON,,artifacts/splits/US_loro_kdate_splits.json,artifacts/regions/US_region_masks.nc,US,US-R6,US-R5,US-R6,target_context,12,0,rootzone,analysis_mse_latw,8.390404973694425e-07,6000,1,0.03662109375,hyperda_v4_final_2015_2025_context2022_query2023_2025_k0_4_12
forecast_only_latw_audit_US-R6,forecast_only_latw_audit_US-R6_forecast_only_10584,forecast_only,2022-09-25,10584,9,SON,,artifacts/splits/US_loro_kdate_splits.json,artifacts/regions/US_region_masks.nc,US,US-R6,US-R5,US-R6,target_context,12,0,rootzone,analysis_rmse_latw,0.0009159915378263286,6000,1,0.03662109375,hyperda_v4_final_2015_2025_context2022_query2023_2025_k0_4_12
forecast_only_latw_audit_US-R6,forecast_only_latw_audit_US-R6_forecast_only_10584,forecast_only,2022-09-25,10584,9,SON,,artifacts/splits/US_loro_kdate_splits.json,artifacts/regions/US_region_masks.nc,US,US-R6,US-R5,US-R6,target_context,12,0,rootzone,analysis_rmse_sqrt_before_time_avg_latw,0.0009159915378263286,6000,1,0.03662109375,hyperda_v4_final_2015_2025_context2022_query2023_2025_k0_4_12
forecast_only_latw_audit_US-R6,forecast_only_latw_audit_US-R6_forecast_only_10584,forecast_only,2022-09-25,10584,9,SON,,artifacts/splits/US_loro_kdate_splits.json,artifacts/regions/US_region_masks.nc,US,US-R6,US-R5,US-R6,target_context,12,0,rootzone,analysis_skill_vs_forecast_latw,0.0,6000,1,0.03662109375,hyperda_v4_final_2015_2025_context2022_query2023_2025_k0_4_12
forecast_only_latw_audit_US-R6,forecast_only_latw_audit_US-R6_forecast_only_10584,forecast_only,2022-09-25,10584,9,SON,,artifacts/splits/US_loro_kdate_splits.json,artifacts/regions/US_region_masks.nc,US,US-R6,US-R5,US-R6,target_context,12,0,rootzone,increment_mse_latw,8.390404973694425e-07,6000,1,0.03662109375,hyperda_v4_final_2015_2025_context2022_query2023_2025_k0_4_12
forecast_only_latw_audit_US-R6,forecast_only_latw_audit_US-R6_forecast_only_10584,forecast_only,2022-09-25,10584,9,SON,,artifacts/splits/US_loro_kdate_splits.json,artifacts/regions/US_region_masks.nc,US,US-R6,US-R5,US-R6,target_context,12,0,rootzone,increment_rmse_latw,0.0009159915378263286,6000,1,0.03662109375,hyperda_v4_final_2015_2025_context2022_query2023_2025_k0_4_12
forecast_only_latw_audit_US-R6,forecast_only_latw_audit_US-R6_forecast_only_10584,forecast_only,2022-09-25,10584,9,SON,,artifacts/splits/US_loro_kdate_splits.json,artifacts/regions/US_region_masks.nc,US,US-R6,US-R5,US-R6,target_context,12,0,rootzone,increment_rmse_sqrt_before_time_avg_latw,0.0009159915378263286,6000,1,0.03662109375,hyperda_v4_final_2015_2025_context2022_query2023_2025_k0_4_12
forecast_only_latw_audit_US-R6,forecast_only_latw_audit_US-R6_forecast_only_10584,forecast_only,2022-09-25,10584,9,SON,,artifacts/splits/US_loro_kdate_splits.json,artifacts/regions/US_region_masks.nc,US,US-R6,US-R5,US-R6,target_context,12,0,rootzone,increment_mae_latw,0.0006611427163572528,6000,1,0.03662109375,hyperda_v4_final_2015_2025_context2022_query2023_2025_k0_4_12
forecast_only_latw_audit_US-R6,forecast_only_latw_audit_US-R6_forecast_only_10584,forecast_only,2022-09-25,10584,9,SON,,artifacts/splits/US_loro_kdate_splits.json,artifacts/regions/US_region_masks.nc,US,US-R6,US-R5,US-R6,target_context,12,0,rootzone,increment_bias_latw,-0.00012163107552209838,6000,1,0.03662109375,hyperda_v4_final_2015_2025_context2022_query2023_2025_k0_4_12
forecast_only_latw_audit_US-R6,forecast_only_latw_audit_US-R6_forecast_only_10584,forecast_only,2022-09-25,10584,9,SON,,artifacts/splits/US_loro_kdate_splits.json,artifacts/regions/US_region_masks.nc,US,US-R6,US-R5,US-R6,target_context,12,0,rootzone,increment_corr_latw,,6000,1,0.03662109375,hyperda_v4_final_2015_2025_context2022_query2023_2025_k0_4_12
forecast_only_latw_audit_US-R6,forecast_only_latw_audit_US-R6_forecast_only_10634,forecast_only,2022-10-07,10634,10,SON,,artifacts/splits/US_loro_kdate_splits.json,artifacts/regions/US_region_masks.nc,US,US-R6,US-R5,US-R6,target_context,12,0,surface,analysis_rmse,0.01222872269085411,6000,1,0.03662109375,hyperda_v4_final_2015_2025_context2022_query2023_2025_k0_4_12
forecast_only_latw_audit_US-R6,forecast_only_latw_audit_US-R6_forecast_only_10634,forecast_only,2022-10-07,10634,10,SON,,artifacts/splits/US_loro_kdate_splits.json,artifacts/regions/US_region_masks.nc,US,US-R6,US-R5,US-R6,target_context,12,0,surface,analysis_mae,0.008863847554040452,6000,1,0.03662109375,hyperda_v4_final_2015_2025_context2022_query2023_2025_k0_4_12
forecast_only_latw_audit_US-R6,forecast_only_latw_audit_US-R6_forecast_only_10634,forecast_only,2022-10-07,10634,10,SON,,artifacts/splits/US_loro_kdate_splits.json,artifacts/regions/US_region_masks.nc,US,US-R6,US-R5,US-R6,target_context,12,0,surface,analysis_skill_vs_forecast,0.0,6000,1,0.03662109375,hyperda_v4_final_2015_2025_context2022_query2023_2025_k0_4_12
forecast_only_latw_audit_US-R6,forecast_only_latw_audit_US-R6_forecast_only_10634,forecast_only,2022-10-07,10634,10,SON,,artifacts/splits/US_loro_kdate_splits.json,artifacts/regions/US_region_masks.nc,US,US-R6,US-R5,US-R6,target_context,12,0,surface,increment_rmse,0.01222872269085411,6000,1,0.03662109375,hyperda_v4_final_2015_2025_context2022_query2023_2025_k0_4_12
forecast_only_latw_audit_US-R6,forecast_only_latw_audit_US-R6_forecast_only_10634,forecast_only,2022-10-07,10634,10,SON,,artifacts/splits/US_loro_kdate_splits.json,artifacts/regions/US_region_masks.nc,US,US-R6,US-R5,US-R6,target_context,12,0,surface,increment_mae,0.008863847554040452,6000,1,0.03662109375,hyperda_v4_final_2015_2025_context2022_query2023_2025_k0_4_12
forecast_only_latw_audit_US-R6,forecast_only_latw_audit_US-R6_forecast_only_10634,forecast_only,2022-10-07,10634,10,SON,,artifacts/splits/US_loro_kdate_splits.json,artifacts/regions/US_region_masks.nc,US,US-R6,US-R5,US-R6,target_context,12,0,surface,increment_bias,-0.003489134439267218,6000,1,0.03662109375,hyperda_v4_final_2015_2025_context2022_query2023_2025_k0_4_12
forecast_only_latw_audit_US-R6,forecast_only_latw_audit_US-R6_forecast_only_10634,forecast_only,2022-10-07,10634,10,SON,,artifacts/splits/US_loro_kdate_splits.json,artifacts/regions/US_region_masks.nc,US,US-R6,US-R5,US-R6,target_context,12,0,surface,increment_corr,,6000,1,0.03662109375,hyperda_v4_final_2015_2025_context2022_query2023_2025_k0_4_12
forecast_only_latw_audit_US-R6,forecast_only_latw_audit_US-R6_forecast_only_10634,forecast_only,2022-10-07,10634,10,SON,,artifacts/splits/US_loro_kdate_splits.json,artifacts/regions/US_region_masks.nc,US,US-R6,US-R5,US-R6,target_context,12,0,surface,sign_accuracy_deadzone,0.0,6000,1,0.03662109375,hyperda_v4_final_2015_2025_context2022_query2023_2025_k0_4_12
forecast_only_latw_audit_US-R6,forecast_only_latw_audit_US-R6_forecast_only_10634,forecast_only,2022-10-07,10634,10,SON,,artifacts/splits/US_loro_kdate_splits.json,artifacts/regions/US_region_masks.nc,US,US-R6,US-R5,US-R6,target_context,12,0,surface,high_update_increment_skill,0.0,6000,1,0.03662109375,hyperda_v4_final_2015_2025_context2022_query2023_2025_k0_4_12
forecast_only_latw_audit_US-R6,forecast_only_latw_audit_US-R6_forecast_only_10634,forecast_only,2022-10-07,10634,10,SON,,artifacts/splits/US_loro_kdate_splits.json,artifacts/regions/US_region_masks.nc,US,US-R6,US-R5,US-R6,target_context,12,0,surface,analysis_mse_latw,0.00014880300818061046,6000,1,0.03662109375,hyperda_v4_final_2015_2025_context2022_query2023_2025_k0_4_12
forecast_only_latw_audit_US-R6,forecast_only_latw_audit_US-R6_forecast_only_10634,forecast_only,2022-10-07,10634,10,SON,,artifacts/splits/US_loro_kdate_splits.json,artifacts/regions/US_region_masks.nc,US,US-R6,US-R5,US-R6,target_context,12,0,surface,analysis_rmse_latw,0.012198483847618543,6000,1,0.03662109375,hyperda_v4_final_2015_2025_context2022_query2023_2025_k0_4_12
forecast_only_latw_audit_US-R6,forecast_only_latw_audit_US-R6_forecast_only_10634,forecast_only,2022-10-07,10634,10,SON,,artifacts/splits/US_loro_kdate_splits.json,artifacts/regions/US_region_masks.nc,US,US-R6,US-R5,US-R6,target_context,12,0,surface,analysis_rmse_sqrt_before_time_avg_latw,0.012198483847618543,6000,1,0.03662109375,hyperda_v4_final_2015_2025_context2022_query2023_2025_k0_4_12
forecast_only_latw_audit_US-R6,forecast_only_latw_audit_US-R6_forecast_only_10634,forecast_only,2022-10-07,10634,10,SON,,artifacts/splits/US_loro_kdate_splits.json,artifacts/regions/US_region_masks.nc,US,US-R6,US-R5,US-R6,target_context,12,0,surface,analysis_skill_vs_forecast_latw,0.0,6000,1,0.03662109375,hyperda_v4_final_2015_2025_context2022_query2023_2025_k0_4_12
forecast_only_latw_audit_US-R6,forecast_only_latw_audit_US-R6_forecast_only_10634,forecast_only,2022-10-07,10634,10,SON,,artifacts/splits/US_loro_kdate_splits.json,artifacts/regions/US_region_masks.nc,US,US-R6,US-R5,US-R6,target_context,12,0,surface,increment_mse_latw,0.00014880300818061046,6000,1,0.03662109375,hyperda_v4_final_2015_2025_context2022_query2023_2025_k0_4_12
forecast_only_latw_audit_US-R6,forecast_only_latw_audit_US-R6_forecast_only_10634,forecast_only,2022-10-07,10634,10,SON,,artifacts/splits/US_loro_kdate_splits.json,artifacts/regions/US_region_masks.nc,US,US-R6,US-R5,US-R6,target_context,12,0,surface,increment_rmse_latw,0.012198483847618543,6000,1,0.03662109375,hyperda_v4_final_2015_2025_context2022_query2023_2025_k0_4_12
forecast_only_latw_audit_US-R6,forecast_only_latw_audit_US-R6_forecast_only_10634,forecast_only,2022-10-07,10634,10,SON,,artifacts/splits/US_loro_kdate_splits.json,artifacts/regions/US_region_masks.nc,US,US-R6,US-R5,US-R6,target_context,12,0,surface,increment_rmse_sqrt_before_time_avg_latw,0.012198483847618543,6000,1,0.03662109375,hyperda_v4_final_2015_2025_context2022_query2023_2025_k0_4_12
forecast_only_latw_audit_US-R6,forecast_only_latw_audit_US-R6_forecast_only_10634,forecast_only,2022-10-07,10634,10,SON,,artifacts/splits/US_loro_kdate_splits.json,artifacts/regions/US_region_masks.nc,US,US-R6,US-R5,US-R6,target_context,12,0,surface,increment_mae_latw,0.008842882236482516,6000,1,0.03662109375,hyperda_v4_final_2015_2025_context2022_query2023_2025_k0_4_12
forecast_only_latw_audit_US-R6,forecast_only_latw_audit_US-R6_forecast_only_10634,forecast_only,2022-10-07,10634,10,SON,,artifacts/splits/US_loro_kdate_splits.json,artifacts/regions/US_region_masks.nc,US,US-R6,US-R5,US-R6,target_context,12,0,surface,increment_bias_latw,-0.003479952996173712,6000,1,0.03662109375,hyperda_v4_final_2015_2025_context2022_query2023_2025_k0_4_12
forecast_only_latw_audit_US-R6,forecast_only_latw_audit_US-R6_forecast_only_10634,forecast_only,2022-10-07,10634,10,SON,,artifacts/splits/US_loro_kdate_splits.json,artifacts/regions/US_region_masks.nc,US,US-R6,US-R5,US-R6,target_context,12,0,surface,increment_corr_latw,,6000,1,0.03662109375,hyperda_v4_final_2015_2025_context2022_query2023_2025_k0_4_12
forecast_only_latw_audit_US-R6,forecast_only_latw_audit_US-R6_forecast_only_10634,forecast_only,2022-10-07,10634,10,SON,,artifacts/splits/US_loro_kdate_splits.json,artifacts/regions/US_region_masks.nc,US,US-R6,US-R5,US-R6,target_context,12,0,rootzone,analysis_rmse,0.0007888572614606939,6000,1,0.03662109375,hyperda_v4_final_2015_2025_context2022_query2023_2025_k0_4_12
forecast_only_latw_audit_US-R6,forecast_only_latw_audit_US-R6_forecast_only_10634,forecast_only,2022-10-07,10634,10,SON,,artifacts/splits/US_loro_kdate_splits.json,artifacts/regions/US_region_masks.nc,US,US-R6,US-R5,US-R6,target_context,12,0,rootzone,analysis_mae,0.0005455482872202993,6000,1,0.03662109375,hyperda_v4_final_2015_2025_context2022_query2023_2025_k0_4_12
forecast_only_latw_audit_US-R6,forecast_only_latw_audit_US-R6_forecast_only_10634,forecast_only,2022-10-07,10634,10,SON,,artifacts/splits/US_loro_kdate_splits.json,artifacts/regions/US_region_masks.nc,US,US-R6,US-R5,US-R6,target_context,12,0,rootzone,analysis_skill_vs_forecast,0.0,6000,1,0.03662109375,hyperda_v4_final_2015_2025_context2022_query2023_2025_k0_4_12
forecast_only_latw_audit_US-R6,forecast_only_latw_audit_US-R6_forecast_only_10634,forecast_only,2022-10-07,10634,10,SON,,artifacts/splits/US_loro_kdate_splits.json,artifacts/regions/US_region_masks.nc,US,US-R6,US-R5,US-R6,target_context,12,0,rootzone,increment_rmse,0.0007888572614606939,6000,1,0.03662109375,hyperda_v4_final_2015_2025_context2022_query2023_2025_k0_4_12
forecast_only_latw_audit_US-R6,forecast_only_latw_audit_US-R6_forecast_only_10634,forecast_only,2022-10-07,10634,10,SON,,artifacts/splits/US_loro_kdate_splits.json,artifacts/regions/US_region_masks.nc,US,US-R6,US-R5,US-R6,target_context,12,0,rootzone,increment_mae,0.0005455482872202993,6000,1,0.03662109375,hyperda_v4_final_2015_2025_context2022_query2023_2025_k0_4_12
forecast_only_latw_audit_US-R6,forecast_only_latw_audit_US-R6_forecast_only_10634,forecast_only,2022-10-07,10634,10,SON,,artifacts/splits/US_loro_kdate_splits.json,artifacts/regions/US_region_masks.nc,US,US-R6,US-R5,US-R6,target_context,12,0,rootzone,increment_bias,-0.00024148716436078152,6000,1,0.03662109375,hyperda_v4_final_2015_2025_context2022_query2023_2025_k0_4_12
forecast_only_latw_audit_US-R6,forecast_only_latw_audit_US-R6_forecast_only_10634,forecast_only,2022-10-07,10634,10,SON,,artifacts/splits/US_loro_kdate_splits.json,artifacts/regions/US_region_masks.nc,US,US-R6,US-R5,US-R6,target_context,12,0,rootzone,increment_corr,,6000,1,0.03662109375,hyperda_v4_final_2015_2025_context2022_query2023_2025_k0_4_12
forecast_only_latw_audit_US-R6,forecast_only_latw_audit_US-R6_forecast_only_10634,forecast_only,2022-10-07,10634,10,SON,,artifacts/splits/US_loro_kdate_splits.json,artifacts/regions/US_region_masks.nc,US,US-R6,US-R5,US-R6,target_context,12,0,rootzone,sign_accuracy_deadzone,,6000,1,0.03662109375,hyperda_v4_final_2015_2025_context2022_query2023_2025_k0_4_12
forecast_only_latw_audit_US-R6,forecast_only_latw_audit_US-R6_forecast_only_10634,forecast_only,2022-10-07,10634,10,SON,,artifacts/splits/US_loro_kdate_splits.json,artifacts/regions/US_region_masks.nc,US,US-R6,US-R5,US-R6,target_context,12,0,rootzone,high_update_increment_skill,0.0,6000,1,0.03662109375,hyperda_v4_final_2015_2025_context2022_query2023_2025_k0_4_12
forecast_only_latw_audit_US-R6,forecast_only_latw_audit_US-R6_forecast_only_10634,forecast_only,2022-10-07,10634,10,SON,,artifacts/splits/US_loro_kdate_splits.json,artifacts/regions/US_region_masks.nc,US,US-R6,US-R5,US-R6,target_context,12,0,rootzone,analysis_mse_latw,6.194875419394671e-07,6000,1,0.03662109375,hyperda_v4_final_2015_2025_context2022_query2023_2025_k0_4_12
forecast_only_latw_audit_US-R6,forecast_only_latw_audit_US-R6_forecast_only_10634,forecast_only,2022-10-07,10634,10,SON,,artifacts/splits/US_loro_kdate_splits.json,artifacts/regions/US_region_masks.nc,US,US-R6,US-R5,US-R6,target_context,12,0,rootzone,analysis_rmse_latw,0.0007870753089377579,6000,1,0.03662109375,hyperda_v4_final_2015_2025_context2022_query2023_2025_k0_4_12
forecast_only_latw_audit_US-R6,forecast_only_latw_audit_US-R6_forecast_only_10634,forecast_only,2022-10-07,10634,10,SON,,artifacts/splits/US_loro_kdate_splits.json,artifacts/regions/US_region_masks.nc,US,US-R6,US-R5,US-R6,target_context,12,0,rootzone,analysis_rmse_sqrt_before_time_avg_latw,0.0007870753089377579,6000,1,0.03662109375,hyperda_v4_final_2015_2025_context2022_query2023_2025_k0_4_12
forecast_only_latw_audit_US-R6,forecast_only_latw_audit_US-R6_forecast_only_10634,forecast_only,2022-10-07,10634,10,SON,,artifacts/splits/US_loro_kdate_splits.json,artifacts/regions/US_region_masks.nc,US,US-R6,US-R5,US-R6,target_context,12,0,rootzone,analysis_skill_vs_forecast_latw,0.0,6000,1,0.03662109375,hyperda_v4_final_2015_2025_context2022_query2023_2025_k0_4_12
forecast_only_latw_audit_US-R6,forecast_only_latw_audit_US-R6_forecast_only_10634,forecast_only,2022-10-07,10634,10,SON,,artifacts/splits/US_loro_kdate_splits.json,artifacts/regions/US_region_masks.nc,US,US-R6,US-R5,US-R6,target_context,12,0,rootzone,increment_mse_latw,6.194875419394671e-07,6000,1,0.03662109375,hyperda_v4_final_2015_2025_context2022_query2023_2025_k0_4_12
forecast_only_latw_audit_US-R6,forecast_only_latw_audit_US-R6_forecast_only_10634,forecast_only,2022-10-07,10634,10,SON,,artifacts/splits/US_loro_kdate_splits.json,artifacts/regions/US_region_masks.nc,US,US-R6,US-R5,US-R6,target_context,12,0,rootzone,increment_rmse_latw,0.0007870753089377579,6000,1,0.03662109375,hyperda_v4_final_2015_2025_context2022_query2023_2025_k0_4_12
forecast_only_latw_audit_US-R6,forecast_only_latw_audit_US-R6_forecast_only_10634,forecast_only,2022-10-07,10634,10,SON,,artifacts/splits/US_loro_kdate_splits.json,artifacts/regions/US_region_masks.nc,US,US-R6,US-R5,US-R6,target_context,12,0,rootzone,increment_rmse_sqrt_before_time_avg_latw,0.0007870753089377579,6000,1,0.03662109375,hyperda_v4_final_2015_2025_context2022_query2023_2025_k0_4_12
forecast_only_latw_audit_US-R6,forecast_only_latw_audit_US-R6_forecast_only_10634,forecast_only,2022-10-07,10634,10,SON,,artifacts/splits/US_loro_kdate_splits.json,artifacts/regions/US_region_masks.nc,US,US-R6,US-R5,US-R6,target_context,12,0,rootzone,increment_mae_latw,0.0005446412701800116,6000,1,0.03662109375,hyperda_v4_final_2015_2025_context2022_query2023_2025_k0_4_12
forecast_only_latw_audit_US-R6,forecast_only_latw_audit_US-R6_forecast_only_10634,forecast_only,2022-10-07,10634,10,SON,,artifacts/splits/US_loro_kdate_splits.json,artifacts/regions/US_region_masks.nc,US,US-R6,US-R5,US-R6,target_context,12,0,rootzone,increment_bias_latw,-0.0002410329988489075,6000,1,0.03662109375,hyperda_v4_final_2015_2025_context2022_query2023_2025_k0_4_12
forecast_only_latw_audit_US-R6,forecast_only_latw_audit_US-R6_forecast_only_10634,forecast_only,2022-10-07,10634,10,SON,,artifacts/splits/US_loro_kdate_splits.json,artifacts/regions/US_region_masks.nc,US,US-R6,US-R5,US-R6,target_context,12,0,rootzone,increment_corr_latw,,6000,1,0.03662109375,hyperda_v4_final_2015_2025_context2022_query2023_2025_k0_4_12
