split,variable,n_samples,analysis_rmse_latw,increment_rmse_latw,analysis_rmse_sqrt_before_time_avg_mean_latw,increment_rmse_sqrt_before_time_avg_mean_latw,analysis_rmse_unweighted,analysis_rmse,increment_rmse,analysis_skill_vs_forecast,rmse_ratio_latw_vs_unweighted,valid_pixel_fraction_mean
source_val,rootzone,242830,0.0012938281404357725,0.001293828140441885,0.026183256100735734,,,0.0008517386727771502,0.0008517386727784118,0.0,,0.1983222338142296
source_val,surface,242830,0.009006865050035695,0.009006865047029532,0.08382364763583851,,,0.0078037492167253066,0.0078037492149210155,0.0,,0.1983222338142296
target_query,rootzone,282156,0.0011099289107149998,0.0011099289107149998,0.024322790126635182,,,0.00035615826054028,0.00035615826054028,0.0,,0.039581298828125
target_query,surface,282156,0.007408536467728636,0.0074085364656802585,0.08148453802033062,,,0.0035347378022676746,0.0035347378016667074,0.0,,0.039581298828125
